clip,ref_cx,ref_cy,vcl,lin,accel,turn,vbias
0,0.275781,0.412500,0.025203,1.000000,0.999937,0.000063,0.936343
0,0.238281,0.583333,0.014086,1.000000,0.999929,0.000000,-1.000000
0,0.246094,0.847917,0.020995,1.000000,0.999952,0.000000,0.894427
0,0.194531,0.845833,0.000000,0.000000,0.000000,0.000000,0.000000
0,0.083594,0.806250,0.000000,0.000000,0.000000,0.000000,0.000000
0,0.030469,0.727083,0.016927,1.000000,0.999941,0.000000,0.554683
0,0.135156,0.189583,0.000000,0.000000,0.000000,0.000000,0.000000
0,0.189844,0.102083,0.248452,1.000000,0.999996,0.000000,0.894427
0,0.314844,0.093750,0.084380,1.000000,0.999988,0.000000,0.447214
0,0.285156,0.216667,0.005087,0.999999,0.999803,0.000000,0.707023
0,0.314844,0.304167,0.016928,1.000000,1.000024,0.000056,0.832081
0,0.469531,0.102083,2.169700,0.962155,2.425792,0.903489,-0.425797
0,0.586719,0.872917,0.063163,1.000000,0.999984,0.000000,0.668953
0,0.647656,0.562500,0.022573,1.000000,0.999956,0.000000,0.640214
0,0.488281,0.868750,0.000000,0.000000,0.000000,0.000000,0.000000
0,0.424219,0.770833,3.744925,0.651854,1.429375,1.967495,0.788944
0,0.849219,0.837500,0.013814,0.999999,0.999927,0.000000,0.913872
0,0.839844,0.962500,0.013814,0.999999,0.999927,0.000000,0.913872
0,0.855469,0.747917,0.005953,0.999999,1.000635,0.000806,0.706822
0,0.875781,0.606250,2.036952,0.881995,1.014470,0.552864,0.968918
0,0.828125,0.436458,0.000000,0.000000,0.000000,0.000000,0.000000
0,0.868750,0.409375,0.002523,1.000000,0.999604,0.000000,0.000000
0,0.674219,0.204167,0.572926,0.650861,0.711403,1.187789,-0.591554
0,0.674219,0.129167,0.043718,1.000000,0.999977,0.000000,0.948686
0,0.724219,0.129167,2.701179,0.708970,2.045088,0.088876,-0.913812
0,0.769531,0.062500,0.017244,1.000000,0.999942,0.000000,0.894457
0,0.713281,0.639583,0.013278,1.000000,0.999925,0.000000,-0.707107
0,0.588281,0.479167,0.034179,1.000000,0.999971,0.000000,0.961528
0,0.500781,0.383333,0.016928,1.000000,1.000024,0.000056,0.832081
0,0.207031,0.670833,1.819800,0.978814,0.658266,1.328524,-0.062378
0,0.014844,0.214583,0.048766,1.000000,0.999979,0.000000,0.707111
0,0.027344,0.200000,2.669030,0.791239,2.972862,1.121536,-0.447214
0,0.730469,0.962500,2.104922,0.877350,1.139552,2.365003,0.360994
0,0.691406,0.952083,2.041128,0.634829,1.135715,0.840591,-0.514496
0,0.728906,0.862500,1.690399,0.207859,2.714018,0.321750,-0.948683
0,0.986719,0.768750,0.028413,1.000000,1.000049,0.000253,0.706987
0,0.556250,0.215625,2.033465,0.873290,2.778385,2.085288,0.785594
0,0.588281,0.118750,0.000000,0.000000,0.000000,0.000000,0.000000
0,0.601562,0.206250,0.000000,0.000000,0.000000,0.000000,0.000000
0,0.411719,0.781250,2.399395,0.637050,0.968747,1.212557,-0.944986
0,0.843750,0.700000,2.893794,0.648276,0.633356,0.415242,-0.888426
0,0.856250,0.223958,0.000000,0.000000,0.000000,0.000000,0.000000
0,0.514844,0.715625,0.030329,1.000000,0.999967,0.000000,0.759249
1,0.274606,0.416679,0.025204,1.000000,1.000000,0.000087,0.936351
1,0.238281,0.580839,0.014082,1.000000,0.999688,0.000000,-1.000000
1,0.244847,0.851242,0.020999,1.000000,1.000133,0.000000,0.894427
1,0.194531,0.845833,0.000000,0.000000,0.000000,0.000000,0.000000
1,0.083594,0.806250,0.000000,0.000000,0.000000,0.000000,0.000000
1,0.028598,0.728746,0.016927,1.000000,0.999941,0.000000,0.554683
1,0.135156,0.189583,0.000000,0.000000,0.000000,0.000000,0.000000
1,0.202790,0.137202,0.154515,1.000000,0.405897,1.957940,-0.196117
1,0.304844,0.100139,0.082074,1.000000,0.999988,0.000000,0.406136
1,0.284679,0.217304,0.005087,0.999999,0.999803,0.000000,0.707023
1,0.313597,0.306661,0.016928,1.000000,0.999996,0.000083,0.832004
1,0.378906,0.179167,1.970099,0.868044,0.646709,2.178797,0.086629
1,0.580483,0.880399,0.063163,1.000000,0.999984,0.000000,0.668953
1,0.645353,0.565059,0.022573,1.000000,1.000052,0.000115,0.640214
1,0.488281,0.868750,0.000000,0.000000,0.000000,0.000000,0.000000
1,0.579687,0.816667,1.927444,0.864115,0.573331,1.208689,0.667120
1,0.848474,0.839735,0.013814,0.999999,1.000152,0.000100,0.913872
1,0.839099,0.964735,0.013814,0.999999,1.000152,0.000100,0.913872
1,0.854910,0.748662,0.005949,0.999996,0.999832,0.000000,0.707392
1,0.941406,0.732292,3.067691,0.588750,1.039617,1.841366,0.266586
1,0.828125,0.436458,0.000000,0.000000,0.000000,0.000000,0.000000
1,0.868415,0.409375,0.002523,1.000000,0.999604,0.000000,0.000000
1,0.678906,0.139236,0.956954,0.882734,0.643336,0.324209,0.447214
1,0.672383,0.136511,0.043718,1.000000,0.999959,0.000006,0.948685
1,0.770555,0.065231,0.017246,1.000000,0.999942,0.000000,0.894378
1,0.712034,0.637921,0.013278,1.000000,0.999925,0.000000,-0.707107
1,0.589528,0.484986,0.034179,1.000000,0.999971,0.000000,0.961528
1,0.499534,0.385827,0.016927,1.000000,0.999941,0.000000,0.832050
1,0.090469,0.504167,1.884079,0.964143,0.618409,0.556945,-0.134567
1,0.017090,0.224023,0.096037,1.000000,0.999990,0.000000,0.976187
1,0.118125,0.257083,1.062893,0.751044,0.631798,0.676734,0.525821
1,0.748177,0.774306,2.128953,0.626830,0.951033,0.743756,-0.041631
1,0.989387,0.772307,0.028410,1.000000,0.999965,0.000000,0.707166
1,0.620313,0.327083,4.542578,0.750924,1.399222,1.499462,0.602603
1,0.588281,0.118750,0.000000,0.000000,0.000000,0.000000,0.000000
1,0.601562,0.206250,0.000000,0.000000,0.000000,0.000000,0.000000
1,0.329688,0.670833,2.986495,0.588255,1.163974,1.223734,-0.948683
1,0.602604,0.596875,3.684128,0.557383,0.977974,0.434160,-0.126255
1,0.856250,0.223958,0.000000,0.000000,0.000000,0.000000,0.000000
1,0.512222,0.719703,0.030329,1.000000,1.000125,0.000012,0.759249
2,0.273431,0.420858,0.025203,1.000000,0.999937,0.000063,0.936343
2,0.238281,0.578345,0.014082,1.000000,0.999929,0.000000,-1.000000
2,0.243600,0.854568,0.020995,1.000000,0.999772,0.000000,0.894427
2,0.194531,0.845833,0.000000,0.000000,0.000000,0.000000,0.000000
2,0.083594,0.806250,0.000000,0.000000,0.000000,0.000000,0.000000
2,0.026728,0.730409,0.016927,1.000000,0.999931,0.000007,0.554683
2,0.135156,0.189583,0.000000,0.000000,0.000000,0.000000,0.000000
2,0.217969,0.163995,0.065217,1.000000,0.999985,0.000000,1.000000
2,0.294883,0.106042,0.090620,1.000000,1.032446,0.007528,0.428082
2,0.284201,0.217941,0.005087,0.999999,0.999803,0.000000,0.707023
2,0.312350,0.309155,0.016927,1.000000,0.999802,0.000028,0.832050
2,0.355469,0.322917,2.348207,0.162579,0.777654,1.270319,0.776114
2,0.574248,0.887881,0.063161,1.000000,0.999984,0.000000,0.668980
2,0.643050,0.567618,0.022571,1.000000,0.999860,0.000115,0.640125
2,0.488281,0.868750,0.000000,0.000000,0.000000,0.000000,0.000000
2,0.749740,0.797917,4.241926,0.363185,1.076591,1.545820,-0.432731
2,0.847729,0.841971,0.013811,0.999999,0.999928,0.000000,0.913832
2,0.838354,0.966971,0.013811,0.999999,0.999928,0.000000,0.913832
2,0.854351,0.749407,0.005949,0.999996,0.999431,0.001209,0.707392
2,0.828125,0.436458,0.000000,0.000000,0.000000,0.000000,0.000000
2,0.868080,0.409375,0.002516,1.000000,0.999603,0.000000,0.000000
2,0.632031,0.100521,1.858243,0.792266,0.865519,2.047402,-1.000000
2,0.670547,0.143856,0.043719,1.000000,0.999983,0.000080,0.948662
2,0.771580,0.067963,0.017244,1.000000,0.999964,0.000011,0.894462
2,0.710787,0.636258,0.013278,1.000000,0.999925,0.000000,-0.707107
2,0.590775,0.490806,0.034179,1.000000,0.999971,0.000000,0.961528
2,0.498287,0.388322,0.016927,1.000000,0.999858,0.000056,0.832050
2,0.014546,0.240278,0.084179,1.000000,0.999988,0.000001,0.989949
2,0.196875,0.282500,1.242757,0.750764,0.931663,0.830497,0.575591
2,0.780469,0.654167,2.714856,0.787048,1.240587,2.079681,-0.273004
2,0.992055,0.775865,0.028410,1.000000,0.999880,0.000253,0.707166
2,0.648438,0.506250,1.638886,0.815129,1.529696,2.528447,-0.720833
2,0.588281,0.118750,0.000000,0.000000,0.000000,0.000000,0.000000
2,0.601562,0.206250,0.000000,0.000000,0.000000,0.000000,0.000000
2,0.247656,0.571759,1.838765,0.885533,2.486844,2.349975,-0.784737
2,0.342969,0.510417,2.899273,0.513542,0.778559,0.197396,-0.597011
2,0.856250,0.223958,0.000000,0.000000,0.000000,0.000000,0.000000
2,0.509601,0.723780,0.030324,1.000000,0.999809,0.000012,0.759257
2,0.571094,0.133333,0.000000,0.000000,0.000000,0.000000,0.000000
2,0.320312,0.210417,0.000000,0.000000,0.000000,0.000000,0.000000
3,0.272255,0.425037,0.025203,1.000000,0.999937,0.000063,0.936343
3,0.238281,0.577083,0.000000,0.000000,0.000000,0.000000,0.000000
3,0.242864,0.856250,0.001594,1.000000,0.999373,0.000000,0.000000
3,0.194531,0.845833,0.000000,0.000000,0.000000,0.000000,0.000000
3,0.083594,0.806250,0.000000,0.000000,0.000000,0.000000,0.000000
3,0.024760,0.734484,0.040107,1.000000,0.999896,0.000030,0.921630
3,0.135156,0.189583,0.000000,0.000000,0.000000,0.000000,0.000000
3,0.221094,0.177292,0.034483,1.000000,0.825678,0.347760,0.000000
3,0.284038,0.112877,0.090619,1.000000,0.999970,0.000004,0.428089
3,0.283723,0.218578,0.005087,0.999999,0.999803,0.000000,0.707023
3,0.307755,0.313353,0.069098,1.000000,0.999986,0.000000,0.485647
3,0.311892,0.396296,1.008632,0.778950,1.174774,2.225050,0.989949
3,0.568359,0.900781,0.163890,1.000000,1.266299,0.119950,0.832057
3,0.640747,0.570177,0.022573,1.000000,0.999956,0.000000,0.640214
3,0.488281,0.868750,0.000000,0.000000,0.000000,0.000000,0.000000
3,0.897656,0.841667,3.365564,0.534635,0.657147,1.691324,-0.154377
3,0.846983,0.844206,0.013811,0.999999,0.999703,0.000100,0.913832
3,0.837608,0.969206,0.013811,0.999999,0.999703,0.000100,0.913832
3,0.853792,0.750152,0.005951,0.999999,1.000233,0.001209,0.706537
3,0.828125,0.436458,0.000000,0.000000,0.000000,0.000000,0.000000
3,0.867746,0.409375,0.002516,1.000000,0.999603,0.000000,0.000000
3,0.668570,0.152083,0.055067,1.000000,0.999982,0.000000,0.955778
3,0.772604,0.070694,0.017244,1.000000,0.999942,0.000000,0.894457
3,0.710156,0.635417,0.000000,0.000000,0.000000,0.000000,0.000000
3,0.589433,0.497039,0.048145,1.000000,0.999979,0.000000,0.780855
3,0.497656,0.394189,0.052631,1.000000,0.999981,0.000000,1.000000
3,0.013281,0.256653,0.129033,1.000000,0.999999,0.000000,1.000000
3,0.282813,0.366667,1.855430,0.831939,0.580102,1.552314,0.503871
3,0.752344,0.552083,2.518569,0.882611,1.018777,2.783354,-0.024992
3,0.993077,0.787992,0.153408,1.000000,0.999993,0.000000,0.995893
3,0.707812,0.614583,1.750247,0.809254,0.679983,0.023677,0.902134
3,0.588281,0.118750,0.000000,0.000000,0.000000,0.000000,0.000000
3,0.601562,0.206250,0.000000,0.000000,0.000000,0.000000,0.000000
3,0.222135,0.454167,3.677997,0.651087,1.097647,2.095170,0.069598
3,0.103906,0.350000,3.819486,0.585758,0.956203,0.510601,-0.993263
3,0.856250,0.223958,0.000000,0.000000,0.000000,0.000000,0.000000
3,0.506980,0.727858,0.030329,1.000000,0.999967,0.000000,0.759249
3,0.571094,0.133333,0.000000,0.000000,0.000000,0.000000,0.000000
3,0.320312,0.210417,0.000000,0.000000,0.000000,0.000000,0.000000
4,0.271039,0.429222,0.022026,1.000000,0.999955,0.000000,0.600012
4,0.238281,0.577083,0.000000,0.000000,0.000000,0.000000,0.000000
4,0.242650,0.856250,0.001594,1.000000,0.999373,0.000000,0.000000
4,0.194531,0.845833,0.000000,0.000000,0.000000,0.000000,0.000000
4,0.083594,0.806250,0.000000,0.000000,0.000000,0.000000,0.000000
4,0.022668,0.741107,0.040107,1.000000,0.999898,0.000035,0.921629
4,0.135156,0.189583,0.000000,0.000000,0.000000,0.000000,0.000000
4,0.220781,0.180833,0.283430,1.000000,0.660176,2.322192,0.928478
4,0.273033,0.119828,0.090619,1.000000,0.999972,0.000008,0.428089
4,0.283240,0.219222,0.005088,0.999999,1.000039,0.000236,0.707107
4,0.299638,0.319365,0.069098,1.000000,0.999986,0.000000,0.485647
4,0.262500,0.479167,2.300910,0.665438,0.952173,1.718260,0.846637
4,0.558366,0.922034,0.115843,1.000000,0.999976,0.000025,0.857493
4,0.638417,0.572766,0.027273,1.000000,1.105754,0.445927,1.000000
4,0.488281,0.868750,0.000000,0.000000,0.000000,0.000000,0.000000
4,0.846230,0.846467,0.013817,1.000000,1.000152,0.000100,0.913690
4,0.836855,0.971467,0.013817,1.000000,1.000152,0.000100,0.913690
4,0.853227,0.750906,0.005949,0.999996,0.999030,0.000806,0.707392
4,0.828125,0.436458,0.000000,0.000000,0.000000,0.000000,0.000000
4,0.867407,0.409375,0.002523,1.000000,1.002297,0.000000,0.000000
4,0.666394,0.161513,0.055066,1.000000,0.999967,0.000005,0.955776
4,0.773640,0.073458,0.017244,1.000000,0.999942,0.000000,0.894457
4,0.710156,0.635417,0.000000,0.000000,0.000000,0.000000,0.000000
4,0.585391,0.503775,0.073294,1.000000,1.235504,0.070156,0.868249
4,0.497656,0.403618,0.039104,1.000000,0.838785,0.961847,0.099504
4,0.012590,0.271118,0.101648,1.000000,0.999990,0.000000,0.932005
4,0.350521,0.442361,3.113711,0.454267,2.169952,2.214798,0.720078
4,0.988814,0.810511,0.111826,1.000000,0.999991,0.000000,0.903304
4,0.747396,0.796875,2.595822,0.344391,1.568504,0.914048,0.994309
4,0.588281,0.118750,0.000000,0.000000,0.000000,0.000000,0.000000
4,0.601562,0.206250,0.000000,0.000000,0.000000,0.000000,0.000000
4,0.182031,0.331944,2.628917,0.690939,3.199540,1.911628,0.397607
4,0.856250,0.223958,0.000000,0.000000,0.000000,0.000000,0.000000
4,0.504328,0.731983,0.030324,1.000000,0.999809,0.000012,0.759257
4,0.571094,0.133333,0.000000,0.000000,0.000000,0.000000,0.000000
4,0.320312,0.210417,0.000000,0.000000,0.000000,0.000000,0.000000
5,0.268698,0.431562,0.022027,1.000000,0.999955,0.000000,0.599975
5,0.238281,0.577083,0.000000,0.000000,0.000000,0.000000,0.000000
5,0.242438,0.856250,0.001594,1.000000,0.999373,0.000000,0.000000
5,0.194531,0.845833,0.000000,0.000000,0.000000,0.000000,0.000000
5,0.083594,0.806250,0.000000,0.000000,0.000000,0.000000,0.000000
5,0.020601,0.747653,0.040107,1.000000,0.999897,0.000033,0.921630
5,0.135156,0.189583,0.000000,0.000000,0.000000,0.000000,0.000000
5,0.221094,0.187500,0.804379,0.552014,0.936696,2.712095,0.850797
5,0.263306,0.127051,0.066291,1.000000,0.999985,0.000000,0.707107
5,0.282762,0.219859,0.005087,0.999999,0.999921,0.000354,0.707023
5,0.292477,0.327739,0.073245,1.000000,0.999954,0.000000,0.707107
5,0.203516,0.530208,1.341559,0.714580,0.494365,0.969188,0.695422
5,0.550450,0.939625,0.115846,1.000000,0.999976,0.000025,0.857501
5,0.638281,0.577462,0.027273,1.000000,0.999963,0.000000,1.000000
5,0.488281,0.868750,0.000000,0.000000,0.000000,0.000000,0.000000
5,0.845485,0.848703,0.013814,1.000000,1.000126,0.000449,0.913649
5,0.836110,0.973703,0.013814,1.000000,1.000126,0.000449,0.913649
5,0.852668,0.751651,0.005953,0.999999,0.999832,0.000000,0.706822
5,0.828125,0.436458,0.000000,0.000000,0.000000,0.000000,0.000000
5,0.867072,0.409375,0.002516,1.000000,0.999603,0.000000,0.000000
5,0.664243,0.170833,0.055067,1.000000,0.999982,0.000000,0.955778
5,0.773290,0.076857,0.028961,1.000000,1.000030,0.000097,0.832023
5,0.710156,0.635417,0.000000,0.000000,0.000000,0.000000,0.000000
5,0.580611,0.514773,0.073293,1.000000,0.999986,0.000000,0.868243
5,0.492792,0.404815,0.039104,1.000000,0.999974,0.000000,0.099504
5,0.007812,0.287500,0.000000,0.000000,0.000000,0.000000,0.000000
5,0.409375,0.447917,1.964300,0.384570,1.433407,1.530357,-0.980580
5,0.760156,0.289583,2.526083,0.701704,1.348152,1.794273,-0.532813
5,0.982442,0.828399,0.111826,1.000000,0.999991,0.000000,0.903275
5,0.814844,0.934028,1.230461,0.814686,0.643621,0.486725,0.982788
5,0.588281,0.118750,0.000000,0.000000,0.000000,0.000000,0.000000
5,0.601562,0.206250,0.000000,0.000000,0.000000,0.000000,0.000000
5,0.091406,0.226389,2.244283,0.642128,0.556564,1.901108,0.436904
5,0.856250,0.223958,0.000000,0.000000,0.000000,0.000000,0.000000
5,0.501706,0.736061,0.030329,1.000000,0.999967,0.000000,0.759249
5,0.499077,0.019666,0.022891,1.000000,0.999833,0.000082,0.554725
5,0.347917,0.098611,1.651726,0.935144,0.826602,1.902213,0.973522
5,0.522704,0.010401,0.031233,1.000000,0.999862,0.000025,0.242553
5,0.366853,0.010417,0.224517,0.814923,0.810836,0.119573,0.119288
5,0.571094,0.133333,0.000000,0.000000,0.000000,0.000000,0.000000
5,0.320312,0.210417,0.000000,0.000000,0.000000,0.000000,0.000000
6,0.266358,0.433902,0.022027,1.000000,1.000016,0.000046,0.599975
6,0.238281,0.577083,0.000000,0.000000,0.000000,0.000000,0.000000
6,0.242227,0.856250,0.001594,1.000000,0.999373,0.000000,0.000000
6,0.194531,0.845833,0.000000,0.000000,0.000000,0.000000,0.000000
6,0.083594,0.806250,0.000000,0.000000,0.000000,0.000000,0.000000
6,0.018534,0.754199,0.040107,1.000000,0.999975,0.000000,0.921630
6,0.135156,0.189583,0.000000,0.000000,0.000000,0.000000,0.000000
6,0.235547,0.189583,0.462475,0.894116,1.849892,0.107690,-0.107482
6,0.257080,0.135352,0.066291,1.000000,0.999985,0.000000,0.707107
6,0.282284,0.220496,0.005087,0.999999,0.999921,0.000354,0.707023
6,0.285598,0.336911,0.073247,1.000000,0.999986,0.000000,0.707107
6,0.150312,0.534583,0.583095,1.000000,0.417204,1.145965,0.514495
6,0.542285,0.956178,0.109801,1.000000,0.999991,0.000000,0.822192
6,0.635732,0.584993,0.058867,1.000000,0.999954,0.000050,0.863796
6,0.488281,0.868750,0.000000,0.000000,0.000000,0.000000,0.000000
6,0.844739,0.850938,0.013811,0.999999,0.999704,0.000100,0.913832
6,0.835364,0.975938,0.013811,0.999999,0.999704,0.000100,0.913832
6,0.852109,0.752396,0.005953,0.999999,1.000635,0.000806,0.706822
6,0.828125,0.436458,0.000000,0.000000,0.000000,0.000000,0.000000
6,0.866737,0.409375,0.002523,1.000000,0.999604,0.000000,0.000000
6,0.662645,0.177967,0.031516,1.000000,0.999968,0.000000,0.961506
6,0.771156,0.081124,0.028959,1.000000,0.999901,0.000097,0.832082
6,0.710156,0.635417,0.000000,0.000000,0.000000,0.000000,0.000000
6,0.574314,0.525310,0.078313,1.000000,0.999958,0.000032,0.731074
6,0.487625,0.405504,0.039107,1.000000,1.000061,0.000009,0.099495
6,0.005469,0.305208,0.000000,0.000000,0.000000,0.000000,0.000000
6,0.460938,0.486111,3.051064,0.725150,1.622871,1.386075,-0.778413
6,0.741927,0.148611,1.586950,0.495084,0.846057,0.046325,-0.141421
6,0.977024,0.845695,0.085193,1.000000,0.999988,0.000000,0.989956
6,0.588281,0.118750,0.000000,0.000000,0.000000,0.000000,0.000000
6,0.601562,0.206250,0.000000,0.000000,0.000000,0.000000,0.000000
6,0.038281,0.090625,1.995187,0.594312,0.884493,0.996492,-0.780869
6,0.856250,0.223958,0.000000,0.000000,0.000000,0.000000,0.000000
6,0.499085,0.740138,0.030329,1.000000,1.000040,0.000085,0.759249
6,0.501607,0.021915,0.022891,1.000000,0.999836,0.000086,0.554728
6,0.255469,0.218750,2.470251,0.720026,0.615971,1.309273,0.624695
6,0.518679,0.011742,0.031237,1.000000,0.999968,0.000000,0.242529
6,0.371049,0.016228,0.048577,1.000000,0.999957,0.000027,0.808738
6,0.571094,0.133333,0.000000,0.000000,0.000000,0.000000,0.000000
6,0.320312,0.210417,0.000000,0.000000,0.000000,0.000000,0.000000
7,0.264844,0.435417,0.000000,0.000000,0.000000,0.000000,0.000000
7,0.238281,0.577083,0.000000,0.000000,0.000000,0.000000,0.000000
7,0.242013,0.856250,0.001594,1.000000,0.999373,0.000000,0.000000
7,0.194531,0.845833,0.000000,0.000000,0.000000,0.000000,0.000000
7,0.083594,0.806250,0.000000,0.000000,0.000000,0.000000,0.000000
7,0.016443,0.760822,0.040107,1.000000,0.999897,0.000033,0.921630
7,0.135156,0.189583,0.000000,0.000000,0.000000,0.000000,0.000000
7,0.258594,0.218750,0.929621,0.290048,0.945977,0.423956,0.961524
7,0.250781,0.143750,0.066291,1.000000,0.999985,0.000000,0.707107
7,0.281801,0.221141,0.005086,0.999999,0.999568,0.000236,0.707190
7,0.278639,0.346190,0.071668,0.999108,0.978435,0.028885,0.727234
7,0.101562,0.541667,2.034566,0.603515,0.682608,2.344980,-0.610803
7,0.533887,0.972352,0.008286,1.000000,0.196725,1.247449,0.707107
7,0.631747,0.594103,0.058864,1.000000,0.999954,0.000050,0.863781
7,0.488281,0.868750,0.000000,0.000000,0.000000,0.000000,0.000000
7,0.843986,0.853200,0.013814,0.999999,0.999928,0.000000,0.913872
7,0.834611,0.978200,0.013814,0.999999,0.999928,0.000000,0.913872
7,0.851544,0.753150,0.005949,0.999996,0.999030,0.000806,0.707392
7,0.828125,0.436458,0.000000,0.000000,0.000000,0.000000,0.000000
7,0.866398,0.409375,0.002516,1.000000,0.999603,0.000000,0.000000
7,0.661482,0.183396,0.031515,1.000000,0.999968,0.000000,0.961534
7,0.768998,0.085442,0.028959,1.000000,0.999953,0.000008,0.832077
7,0.710156,0.635417,0.000000,0.000000,0.000000,0.000000,0.000000
7,0.567134,0.535568,0.078314,1.000000,0.999985,0.000061,0.731042
7,0.482396,0.406201,0.042405,1.000000,1.054720,0.522453,0.780884
7,0.569271,0.543056,0.973241,0.852507,0.339342,1.280722,-0.990992
7,0.698177,0.086111,1.751831,0.281473,0.874924,0.626822,-0.826227
7,0.975381,0.859963,0.065373,1.000000,0.999985,0.000000,0.980591
7,0.588281,0.118750,0.000000,0.000000,0.000000,0.000000,0.000000
7,0.601562,0.206250,0.000000,0.000000,0.000000,0.000000,0.000000
7,0.856250,0.223958,0.000000,0.000000,0.000000,0.000000,0.000000
7,0.949740,0.254167,2.985196,0.485339,1.375547,1.529315,-0.818029
7,0.496433,0.744264,0.014051,0.999461,0.463265,0.058319,0.720025
7,0.504167,0.024190,0.022891,1.000000,0.999831,0.000078,0.554725
7,0.128906,0.276563,1.993913,0.915827,0.635395,2.013799,-0.663230
7,0.514607,0.013100,0.031233,1.000000,0.999863,0.000026,0.242553
7,0.367569,0.023398,0.045569,1.000000,0.999980,0.000001,0.943859
7,0.117969,0.013542,2.959997,0.698492,0.934735,1.277758,0.994207
7,0.571094,0.133333,0.000000,0.000000,0.000000,0.000000,0.000000
7,0.320312,0.210417,0.000000,0.000000,0.000000,0.000000,0.000000
8,0.264844,0.435417,0.000000,0.000000,0.000000,0.000000,0.000000
8,0.238281,0.577083,0.000000,0.000000,0.000000,0.000000,0.000000
8,0.241801,0.856250,0.001594,1.000000,0.999373,0.000000,0.000000
8,0.194531,0.845833,0.000000,0.000000,0.000000,0.000000,0.000000
8,0.083594,0.806250,0.000000,0.000000,0.000000,0.000000,0.000000
8,0.014376,0.767368,0.040107,1.000000,0.999976,0.000002,0.921629
8,0.135156,0.189583,0.000000,0.000000,0.000000,0.000000,0.000000
8,0.289453,0.241667,0.849915,0.994938,0.864785,2.808292,-0.998618
8,0.245656,0.151400,0.034667,1.000000,0.999990,0.000045,0.923066
8,0.281323,0.221778,0.005086,0.999999,0.999568,0.000236,0.707190
8,0.272615,0.355482,0.068511,1.000000,0.999982,0.000035,0.768211
8,0.022656,0.571875,0.344010,1.000000,0.246082,0.159137,-0.894427
8,0.534344,0.973917,0.008286,1.000000,1.000458,0.000000,0.707107
8,0.627807,0.603107,0.009294,0.999999,0.157872,1.171324,0.800131
8,0.488281,0.868750,0.000000,0.000000,0.000000,0.000000,0.000000
8,0.843240,0.855435,0.013814,0.999999,1.000152,0.000100,0.913872
8,0.833865,0.980435,0.013814,0.999999,1.000152,0.000100,0.913872
8,0.850985,0.753895,0.005953,0.999999,1.000635,0.000806,0.706822
8,0.828125,0.436458,0.000000,0.000000,0.000000,0.000000,0.000000
8,0.866064,0.409375,0.002516,1.000000,0.996917,0.000000,0.000000
8,0.660332,0.188763,0.091942,0.998803,2.917362,0.136374,0.989950
8,0.766864,0.089709,0.028961,1.000000,0.999978,0.000008,0.832028
8,0.710156,0.635417,0.000000,0.000000,0.000000,0.000000,0.000000
8,0.560037,0.545706,0.078314,1.000000,0.999987,0.000000,0.731042
8,0.478761,0.411700,0.042406,1.000000,0.999995,0.000087,0.780830
8,0.667188,0.554167,1.394787,0.233104,0.545743,2.792822,0.341743
8,0.615625,0.036458,2.866770,0.733597,0.891819,1.953777,-0.977414
8,0.970103,0.874568,0.138855,0.999878,0.889097,0.015609,0.790524
8,0.588281,0.118750,0.000000,0.000000,0.000000,0.000000,0.000000
8,0.601562,0.206250,0.000000,0.000000,0.000000,0.000000,0.000000
8,0.856250,0.223958,0.000000,0.000000,0.000000,0.000000,0.000000
8,0.888281,0.207292,1.824245,0.756362,0.645582,0.676660,-0.944857
8,0.495112,0.746101,0.012012,1.000000,0.999518,0.000000,0.707107
8,0.505203,0.027008,0.054332,1.000000,0.999930,0.000036,0.569231
8,0.510582,0.014441,0.031237,1.000000,0.999968,0.000002,0.242528
8,0.365570,0.031015,0.045569,1.000000,0.999964,0.000034,0.943859
8,0.571094,0.133333,0.000000,0.000000,0.000000,0.000000,0.000000
8,0.320312,0.210417,0.000000,0.000000,0.000000,0.000000,0.000000
9,0.264844,0.435417,0.000000,0.000000,0.000000,0.000000,0.000000
9,0.238281,0.577083,0.000000,0.000000,0.000000,0.000000,0.000000
9,0.241589,0.856250,0.001594,1.000000,0.999373,0.000000,0.000000
9,0.194531,0.845833,0.000000,0.000000,0.000000,0.000000,0.000000
9,0.083594,0.806250,0.000000,0.000000,0.000000,0.000000,0.000000
9,0.010382,0.777277,0.090171,1.000000,0.999989,0.000000,0.857498
9,0.135156,0.189583,0.000000,0.000000,0.000000,0.000000,0.000000
9,0.303460,0.245833,0.885123,0.465145,1.378707,0.689026,-0.053974
9,0.243885,0.157067,0.034667,1.000000,0.999971,0.000000,0.923066
9,0.280845,0.222415,0.005086,0.999999,0.999568,0.000236,0.707190
9,0.263350,0.363164,0.104251,1.000000,0.999975,0.000005,0.316233
9,0.535122,0.974954,0.008286,1.000000,0.999879,0.000000,0.707107
9,0.627997,0.605328,0.009296,0.999999,0.999892,0.000000,0.799956
9,0.488281,0.868750,0.000000,0.000000,0.000000,0.000000,0.000000
9,0.842969,0.856250,0.000000,0.000000,0.000000,0.000000,0.000000
9,0.833594,0.981250,0.000000,0.000000,0.000000,0.000000,0.000000
9,0.849385,0.754167,0.016541,1.000000,0.999530,0.000000,0.000000
9,0.828125,0.436458,0.000000,0.000000,0.000000,0.000000,0.000000
9,0.865729,0.409375,0.002523,1.000000,0.999604,0.000000,0.000000
9,0.657692,0.207452,0.135982,1.000000,0.999993,0.000000,0.707107
9,0.764731,0.093976,0.028959,1.000000,0.999965,0.000000,0.832082
9,0.710156,0.635417,0.000000,0.000000,0.000000,0.000000,0.000000
9,0.553315,0.560902,0.117313,1.000000,0.999991,0.000000,0.910370
9,0.475243,0.417563,0.042404,1.000000,0.999926,0.000062,0.780869
9,0.670313,0.491667,2.653622,0.460798,1.149318,0.957588,0.817806
9,0.961625,0.895093,0.156627,1.000000,1.000014,0.000008,0.923076
9,0.588281,0.118750,0.000000,0.000000,0.000000,0.000000,0.000000
9,0.601562,0.206250,0.000000,0.000000,0.000000,0.000000,0.000000
9,0.856250,0.223958,0.000000,0.000000,0.000000,0.000000,0.000000
9,0.819531,0.119792,1.490440,0.886007,0.661572,1.033615,-0.925547
9,0.493983,0.747606,0.012017,1.000000,1.000316,0.000000,0.707107
9,0.499270,0.032485,0.054335,1.000000,0.999983,0.000002,0.569203
9,0.507031,0.015931,0.014706,1.000000,0.999936,0.000000,1.000000
9,0.363570,0.038631,0.045569,1.000000,0.999978,0.000000,0.943859
9,0.571094,0.133333,0.000000,0.000000,0.000000,0.000000,0.000000
9,0.320312,0.210417,0.000000,0.000000,0.000000,0.000000,0.000000
10,0.264844,0.435417,0.000000,0.000000,0.000000,0.000000,0.000000
10,0.238281,0.577083,0.000000,0.000000,0.000000,0.000000,0.000000
10,0.241378,0.856250,0.001594,1.000000,0.999373,0.000000,0.000000
10,0.194531,0.845833,0.000000,0.000000,0.000000,0.000000,0.000000
10,0.083594,0.806250,0.000000,0.000000,0.000000,0.000000,0.000000
10,0.006151,0.789508,0.052323,1.000000,0.999981,0.000000,0.999056
10,0.135156,0.189583,0.000000,0.000000,0.000000,0.000000,0.000000
10,0.315737,0.237798,0.995625,0.472950,2.291411,2.672365,-0.330351
10,0.242115,0.162733,0.034667,1.000000,0.999971,0.000000,0.923066
10,0.279823,0.224269,0.042749,1.000000,0.999977,0.000000,0.843662
10,0.253024,0.368149,0.050557,1.000000,0.999980,0.000000,0.413788
10,0.535900,0.975991,0.008286,1.000000,0.999879,0.000000,0.707107
10,0.628738,0.606645,0.009291,0.999999,0.999673,0.000292,0.800000
10,0.488281,0.868750,0.000000,0.000000,0.000000,0.000000,0.000000
10,0.842969,0.856250,0.000000,0.000000,0.000000,0.000000,0.000000
10,0.833594,0.981250,0.000000,0.000000,0.000000,0.000000,0.000000
10,0.847188,0.754167,0.016541,1.000000,0.999530,0.000000,0.000000
10,0.828125,0.436458,0.000000,0.000000,0.000000,0.000000,0.000000
10,0.865394,0.409375,0.002523,1.000000,0.999604,0.000000,0.000000
10,0.648304,0.221291,0.069937,1.000000,0.999958,0.000039,0.813738
10,0.762597,0.098243,0.028961,1.000000,0.999965,0.000000,0.832023
10,0.710156,0.635417,0.000000,0.000000,0.000000,0.000000,0.000000
10,0.545265,0.576431,0.098112,1.000000,0.999990,0.000000,0.554700
10,0.471725,0.423427,0.042405,1.000000,0.999976,0.000000,0.780884
10,0.753125,0.447917,2.144258,0.579342,0.581729,0.218669,-0.447214
10,0.953637,0.920474,0.123397,1.000000,1.000016,0.000013,0.884935
10,0.588281,0.118750,0.000000,0.000000,0.000000,0.000000,0.000000
10,0.601562,0.206250,0.000000,0.000000,0.000000,0.000000,0.000000
10,0.856250,0.223958,0.000000,0.000000,0.000000,0.000000,0.000000
10,0.767969,0.027083,2.815307,0.575322,1.511093,2.574864,-0.994692
10,0.492855,0.749110,0.012012,1.000000,0.999917,0.000000,0.707107
10,0.975781,0.335417,1.433646,0.726340,0.785852,2.263808,-0.362789
10,0.493337,0.037962,0.054335,1.000000,1.000033,0.000036,0.569203
10,0.507031,0.018536,0.014706,1.000000,0.999932,0.000000,1.000000
10,0.361571,0.046248,0.045569,1.000000,0.999978,0.000000,0.943859
10,0.571094,0.133333,0.000000,0.000000,0.000000,0.000000,0.000000
10,0.320312,0.210417,0.000000,0.000000,0.000000,0.000000,0.000000
11,0.264844,0.435417,0.000000,0.000000,0.000000,0.000000,0.000000
11,0.238281,0.577083,0.000000,0.000000,0.000000,0.000000,0.000000
11,0.241163,0.856250,0.001594,1.000000,0.999373,0.000000,0.000000
11,0.194531,0.845833,0.000000,0.000000,0.000000,0.000000,0.000000
11,0.083594,0.806250,0.000000,0.000000,0.000000,0.000000,0.000000
11,0.005845,0.798873,0.052323,1.000000,0.999981,0.000000,0.999056
11,0.135156,0.189583,0.000000,0.000000,0.000000,0.000000,0.000000
11,0.320573,0.223611,0.854638,0.412266,1.201417,1.981859,0.998618
11,0.240323,0.168467,0.034667,1.000000,0.999971,0.000000,0.923066
11,0.276739,0.230731,0.042749,1.000000,0.999977,0.000000,0.843662
11,0.246839,0.371897,0.050557,1.000000,0.999980,0.000000,0.413788
11,0.536687,0.977041,0.008286,1.000000,1.000458,0.000000,0.707107
11,0.629487,0.607977,0.009291,0.999999,0.999673,0.000292,0.800000
11,0.488281,0.868750,0.000000,0.000000,0.000000,0.000000,0.000000
11,0.842969,0.856250,0.000000,0.000000,0.000000,0.000000,0.000000
11,0.833594,0.981250,0.000000,0.000000,0.000000,0.000000,0.000000
11,0.844965,0.754167,0.016541,1.000000,0.999530,0.000000,0.000000
11,0.828125,0.436458,0.000000,0.000000,0.000000,0.000000,0.000000
11,0.865055,0.409375,0.002523,1.000000,0.999604,0.000000,0.000000
11,0.642750,0.231333,0.072802,1.000000,1.000031,0.000013,0.274720
11,0.760101,0.102157,0.028715,1.000000,0.999965,0.000000,0.707107
11,0.710156,0.635417,0.000000,0.000000,0.000000,0.000000,0.000000
11,0.534295,0.586182,0.098112,1.000000,1.000019,0.000019,0.554700
11,0.467850,0.429325,0.046116,1.000000,0.999952,0.000026,0.707088
11,0.819375,0.407917,3.811507,0.686293,4.697795,2.526932,-0.985460
11,0.945914,0.940038,0.123398,1.000000,0.999992,0.000000,0.884906
11,0.588281,0.118750,0.000000,0.000000,0.000000,0.000000,0.000000
11,0.601562,0.206250,0.000000,0.000000,0.000000,0.000000,0.000000
11,0.856250,0.223958,0.000000,0.000000,0.000000,0.000000,0.000000
11,0.491713,0.750632,0.012017,1.000000,1.000316,0.000000,0.707107
11,0.942187,0.436458,1.186291,0.800254,0.794856,0.967461,0.936329
11,0.487334,0.043503,0.054335,1.000000,0.999982,0.000000,0.569203
11,0.507031,0.021170,0.014706,1.000000,0.999932,0.000000,1.000000
11,0.359548,0.053954,0.045569,1.000000,0.999978,0.000000,0.943859
11,0.571094,0.133333,0.000000,0.000000,0.000000,0.000000,0.000000
11,0.320312,0.210417,0.000000,0.000000,0.000000,0.000000,0.000000
12,0.264844,0.435417,0.000000,0.000000,0.000000,0.000000,0.000000
12,0.238281,0.577083,0.000000,0.000000,0.000000,0.000000,0.000000
12,0.240952,0.856250,0.001594,1.000000,0.999373,0.000000,0.000000
12,0.194531,0.845833,0.000000,0.000000,0.000000,0.000000,0.000000
12,0.083594,0.806250,0.000000,0.000000,0.000000,0.000000,0.000000
12,0.005543,0.808130,0.052323,1.000000,0.999981,0.000000,0.999056
12,0.135156,0.189583,0.000000,0.000000,0.000000,0.000000,0.000000
12,0.310759,0.222113,0.024811,1.000000,0.999960,0.000000,0.707090
12,0.238552,0.174133,0.054213,0.868422,1.563753,1.061552,0.114176
12,0.273691,0.237117,0.042749,1.000000,0.999977,0.000000,0.843662
12,0.240726,0.375601,0.050555,1.000000,0.999966,0.000031,0.413800
12,0.537464,0.978078,0.008286,1.000000,0.999879,0.000000,0.707107
12,0.630228,0.609294,0.009294,0.999999,0.999892,0.000000,0.800131
12,0.488281,0.868750,0.000000,0.000000,0.000000,0.000000,0.000000
12,0.842969,0.856250,0.000000,0.000000,0.000000,0.000000,0.000000
12,0.833594,0.981250,0.000000,0.000000,0.000000,0.000000,0.000000
12,0.842768,0.754167,0.016541,1.000000,0.999530,0.000000,0.000000
12,0.828125,0.436458,0.000000,0.000000,0.000000,0.000000,0.000000
12,0.864720,0.409375,0.002523,1.000000,0.999604,0.000000,0.000000
12,0.633453,0.234875,0.029817,0.992766,0.409554,0.057182,0.329223
12,0.757404,0.105753,0.028715,1.000000,0.999965,0.000000,0.707114
12,0.710156,0.635417,0.000000,0.000000,0.000000,0.000000,0.000000
12,0.526404,0.593454,0.058125,1.000000,0.999949,0.000048,0.581216
12,0.464255,0.435950,0.050436,1.000000,0.999980,0.000000,0.957828
12,0.895312,0.418750,2.875701,0.667988,1.159883,0.732466,-0.829072
12,0.938281,0.959375,0.113552,1.000000,0.999991,0.000000,0.707092
12,0.588281,0.118750,0.000000,0.000000,0.000000,0.000000,0.000000
12,0.601562,0.206250,0.000000,0.000000,0.000000,0.000000,0.000000
12,0.856250,0.223958,0.000000,0.000000,0.000000,0.000000,0.000000
12,0.490585,0.752136,0.012012,1.000000,0.999917,0.000000,0.707107
12,0.927539,0.571615,1.514950,0.791630,0.779007,1.866408,0.972806
12,0.139423,0.951362,0.083852,1.000000,0.795941,0.392039,-0.832057
12,0.485341,0.045587,0.008304,0.999999,0.999880,0.000000,0.706979
12,0.507413,0.022892,0.008803,1.000000,0.999714,0.000345,0.894439
12,0.357549,0.061570,0.045569,1.000000,0.999978,0.000000,0.943859
12,0.571094,0.133333,0.000000,0.000000,0.000000,0.000000,0.000000
12,0.320312,0.210417,0.000000,0.000000,0.000000,0.000000,0.000000
13,0.264844,0.435417,0.000000,0.000000,0.000000,0.000000,0.000000
13,0.238281,0.577083,0.000000,0.000000,0.000000,0.000000,0.000000
13,0.240740,0.856250,0.001594,1.000000,0.999373,0.000000,0.000000
13,0.194531,0.845833,0.000000,0.000000,0.000000,0.000000,0.000000
13,0.083594,0.806250,0.000000,0.000000,0.000000,0.000000,0.000000
13,0.005469,0.810417,0.000000,0.000000,0.000000,0.000000,0.000000
13,0.135156,0.189583,0.000000,0.000000,0.000000,0.000000,0.000000
13,0.302969,0.220000,0.411393,0.579830,1.198397,3.042236,0.807389
13,0.231138,0.173810,0.063986,1.000000,0.999983,0.000013,-0.124031
13,0.270643,0.243504,0.042749,1.000000,0.999977,0.000000,0.843662
13,0.235625,0.380625,0.047139,1.000000,0.999928,0.000000,0.707107
13,0.538242,0.979115,0.008286,1.000000,0.999879,0.000000,0.707107
13,0.630968,0.610610,0.009293,0.999998,0.999601,0.000219,0.799825
13,0.488281,0.868750,0.000000,0.000000,0.000000,0.000000,0.000000
13,0.842969,0.856250,0.000000,0.000000,0.000000,0.000000,0.000000
13,0.833594,0.981250,0.000000,0.000000,0.000000,0.000000,0.000000
13,0.840570,0.754167,0.016541,1.000000,0.999530,0.000000,0.000000
13,0.828125,0.436458,0.000000,0.000000,0.000000,0.000000,0.000000
13,0.864385,0.409375,0.002523,1.000000,0.999604,0.000000,0.000000
13,0.631252,0.236110,0.008329,1.000000,1.000275,0.000141,0.554583
13,0.755206,0.110431,0.042536,1.000000,0.999967,0.000002,0.986398
13,0.710156,0.635417,0.000000,0.000000,0.000000,0.000000,0.000000
13,0.520122,0.599437,0.044729,1.000000,0.789767,0.386543,0.196116
13,0.462330,0.444505,0.050436,1.000000,0.999980,0.000000,0.957828
13,0.927617,0.973593,0.113547,1.000000,0.999991,0.000000,0.707122
13,0.588281,0.118750,0.000000,0.000000,0.000000,0.000000,0.000000
13,0.601562,0.206250,0.000000,0.000000,0.000000,0.000000,0.000000
13,0.856250,0.223958,0.000000,0.000000,0.000000,0.000000,0.000000
13,0.489457,0.753641,0.012012,1.000000,0.999518,0.000000,0.707107
13,0.881094,0.676875,1.712885,0.742247,1.145425,1.821237,0.987550
13,0.146274,0.930048,0.448859,0.984329,3.236770,0.666746,0.078673
13,0.198437,0.949306,4.087666,0.474714,1.656657,1.682730,-0.973417
13,0.484562,0.046626,0.008302,0.999999,0.999591,0.000289,0.707183
13,0.507936,0.024286,0.008803,1.000000,0.999886,0.000000,0.894439
13,0.357031,0.063542,0.000000,0.000000,0.000000,0.000000,0.000000
13,0.719531,0.011458,0.935336,0.654330,0.425121,0.466991,-0.272323
13,0.986881,0.014953,0.048942,1.000000,0.999980,0.000000,0.754058
13,0.571094,0.133333,0.000000,0.000000,0.000000,0.000000,0.000000
13,0.320312,0.210417,0.000000,0.000000,0.000000,0.000000,0.000000
14,0.264844,0.435417,0.000000,0.000000,0.000000,0.000000,0.000000
14,0.238281,0.577083,0.000000,0.000000,0.000000,0.000000,0.000000
14,0.240526,0.856250,0.001594,1.000000,0.999373,0.000000,0.000000
14,0.194531,0.845833,0.000000,0.000000,0.000000,0.000000,0.000000
14,0.083594,0.806250,0.000000,0.000000,0.000000,0.000000,0.000000
14,0.135156,0.189583,0.000000,0.000000,0.000000,0.000000,0.000000
14,0.292299,0.213095,0.802765,0.614799,1.131214,2.407943,0.855500
14,0.222764,0.174641,0.065653,1.000000,0.999980,0.000012,0.393916
14,0.268899,0.248361,0.023252,1.000000,0.999980,0.000069,0.948683
14,0.230840,0.384557,0.039530,1.000000,0.999975,0.000000,0.316228
14,0.539029,0.980164,0.008286,1.000000,1.000458,0.000000,0.707107
14,0.631718,0.611942,0.009293,0.999998,0.999601,0.000219,0.799825
14,0.488281,0.868750,0.000000,0.000000,0.000000,0.000000,0.000000
14,0.842969,0.856250,0.000000,0.000000,0.000000,0.000000,0.000000
14,0.833594,0.981250,0.000000,0.000000,0.000000,0.000000,0.000000
14,0.838347,0.754167,0.016541,1.000000,0.999530,0.000000,0.000000
14,0.828125,0.436458,0.000000,0.000000,0.000000,0.000000,0.000000
14,0.864062,0.409375,0.000000,0.000000,0.000000,0.000000,0.000000
14,0.630321,0.236937,0.008326,1.000000,0.999880,0.000000,0.554771
14,0.754267,0.117949,0.042536,1.000000,0.999967,0.000002,0.986398
14,0.710156,0.635417,0.000000,0.000000,0.000000,0.000000,0.000000
14,0.514186,0.601425,0.044729,1.000000,0.999978,0.000000,0.196116
14,0.460383,0.453160,0.037889,1.000000,0.751205,0.180788,0.993883
14,0.917095,0.986100,0.092498,1.000000,0.999968,0.000030,0.581221
14,0.588281,0.118750,0.000000,0.000000,0.000000,0.000000,0.000000
14,0.601562,0.206250,0.000000,0.000000,0.000000,0.000000,0.000000
14,0.856250,0.223958,0.000000,0.000000,0.000000,0.000000,0.000000
14,0.488315,0.755163,0.012012,1.000000,0.999518,0.000000,0.707107
14,0.839219,0.796042,1.404063,0.620344,2.475801,1.294639,-0.395458
14,0.150000,0.850095,0.541221,0.523157,0.335990,1.283559,-0.770300
14,0.073828,0.879167,2.822635,0.714765,1.269317,2.601610,0.188166
14,0.483773,0.047678,0.008304,0.999999,1.000168,0.000289,0.706979
14,0.508465,0.025697,0.008803,1.000000,0.999886,0.000000,0.894439
14,0.357031,0.063542,0.000000,0.000000,0.000000,0.000000,0.000000
14,0.769922,0.117708,0.934942,0.993521,0.760969,1.031654,0.917070
14,0.982561,0.021565,0.048942,1.000000,0.999980,0.000000,0.754058
14,0.571094,0.133333,0.000000,0.000000,0.000000,0.000000,0.000000
14,0.320312,0.210417,0.000000,0.000000,0.000000,0.000000,0.000000
15,0.264844,0.435417,0.000000,0.000000,0.000000,0.000000,0.000000
15,0.238281,0.577083,0.000000,0.000000,0.000000,0.000000,0.000000
15,0.240314,0.856250,0.001594,1.000000,0.999373,0.000000,0.000000
15,0.194531,0.845833,0.000000,0.000000,0.000000,0.000000,0.000000
15,0.083594,0.806250,0.000000,0.000000,0.000000,0.000000,0.000000
15,0.135156,0.189583,0.000000,0.000000,0.000000,0.000000,0.000000
15,0.273177,0.202778,1.030028,0.361367,1.362180,1.412377,-0.517420
15,0.214795,0.179276,0.061057,1.000000,0.999984,0.000000,0.857500
15,0.267884,0.252421,0.042734,1.000000,0.999983,0.000044,0.948691
15,0.226367,0.391059,0.060739,1.000000,0.999984,0.000000,0.857493
15,0.539807,0.981201,0.000000,0.000000,0.000000,0.000000,0.000000
15,0.631070,0.610791,0.020917,1.000000,0.999855,0.000130,-0.800019
15,0.488281,0.868750,0.000000,0.000000,0.000000,0.000000,0.000000
15,0.842969,0.856250,0.000000,0.000000,0.000000,0.000000,0.000000
15,0.833594,0.981250,0.000000,0.000000,0.000000,0.000000,0.000000
15,0.838594,0.759167,0.121967,1.000000,0.999992,0.000000,0.894427
15,0.828125,0.436458,0.000000,0.000000,0.000000,0.000000,0.000000
15,0.864062,0.409375,0.000000,0.000000,0.000000,0.000000,0.000000
15,0.629401,0.237755,0.008326,1.000000,0.999485,0.000141,0.554700
15,0.747236,0.130535,0.121486,1.000000,0.999989,0.000002,0.737143
15,0.710156,0.635417,0.000000,0.000000,0.000000,0.000000,0.000000
15,0.506893,0.604657,0.067881,1.000000,0.999985,0.000000,0.371399
15,0.459666,0.460051,0.037889,1.000000,0.999974,0.000000,0.993883
15,0.588281,0.118750,0.000000,0.000000,0.000000,0.000000,0.000000
15,0.601562,0.206250,0.000000,0.000000,0.000000,0.000000,0.000000
15,0.856250,0.223958,0.000000,0.000000,0.000000,0.000000,0.000000
15,0.487187,0.756667,0.012017,1.000000,1.000316,0.000000,0.707107
15,0.775608,0.888773,0.252538,1.000000,0.362133,1.683209,-0.141414
15,0.198203,0.858646,0.739248,1.000000,1.431457,1.459974,-0.966235
15,0.482993,0.048718,0.008304,0.999999,1.000168,0.000289,0.706979
15,0.508987,0.027092,0.008803,1.000000,0.999886,0.000000,0.894439
15,0.357031,0.063542,0.000000,0.000000,0.000000,0.000000,0.000000
15,0.771875,0.217708,1.870968,0.563825,1.934466,0.351932,0.589841
15,0.978292,0.028100,0.048942,1.000000,1.000071,0.000104,0.754058
15,0.571094,0.133333,0.000000,0.000000,0.000000,0.000000,0.000000
15,0.320312,0.210417,0.000000,0.000000,0.000000,0.000000,0.000000
16,0.264844,0.435417,0.000000,0.000000,0.000000,0.000000,0.000000
16,0.238281,0.577083,0.000000,0.000000,0.000000,0.000000,0.000000
16,0.240103,0.856250,0.001594,1.000000,0.999373,0.000000,0.000000
16,0.194531,0.845833,0.000000,0.000000,0.000000,0.000000,0.000000
16,0.083594,0.806250,0.000000,0.000000,0.000000,0.000000,0.000000
16,0.135156,0.189583,0.000000,0.000000,0.000000,0.000000,0.000000
16,0.234180,0.220573,0.604566,0.905458,0.522308,2.311130,0.987817
16,0.210623,0.188547,0.061058,1.000000,0.999984,0.000000,0.857488
16,0.265430,0.260417,0.078617,1.000000,0.999996,0.000006,0.848001
16,0.220724,0.397386,0.057841,0.973614,1.005967,0.259297,0.548892
16,0.539844,0.981250,0.000000,0.000000,0.000000,0.000000,0.000000
16,0.629403,0.607828,0.020921,1.000000,0.999952,0.000000,-0.800000
16,0.488281,0.868750,0.000000,0.000000,0.000000,0.000000,0.000000
16,0.842969,0.856250,0.000000,0.000000,0.000000,0.000000,0.000000
16,0.833594,0.981250,0.000000,0.000000,0.000000,0.000000,0.000000
16,0.841406,0.773039,0.058824,1.000000,1.000041,0.000000,1.000000
16,0.828125,0.436458,0.000000,0.000000,0.000000,0.000000,0.000000
16,0.864062,0.409375,0.000000,0.000000,0.000000,0.000000,0.000000
16,0.628480,0.238573,0.008326,1.000000,0.999880,0.000000,0.554700
16,0.736719,0.146181,0.055556,1.000000,0.999982,0.000000,1.000000
16,0.710156,0.635417,0.000000,0.000000,0.000000,0.000000,0.000000
16,0.498523,0.609121,0.067881,1.000000,0.999985,0.000000,0.371399
16,0.459110,0.466719,0.037889,1.000000,0.999974,0.000000,0.993883
16,0.588281,0.118750,0.000000,0.000000,0.000000,0.000000,0.000000
16,0.601562,0.206250,0.000000,0.000000,0.000000,0.000000,0.000000
16,0.856250,0.223958,0.000000,0.000000,0.000000,0.000000,0.000000
16,0.486059,0.758171,0.012012,1.000000,0.999917,0.000000,0.707107
16,0.724083,0.934103,0.327775,1.000000,0.588682,0.086736,0.554700
16,0.220066,0.794134,1.019745,0.987282,0.921583,0.098148,-0.989400
16,0.482213,0.049757,0.008304,0.999999,1.000168,0.000289,0.706979
16,0.509510,0.028486,0.008803,1.000000,0.999886,0.000000,0.894439
16,0.357031,0.063542,0.000000,0.000000,0.000000,0.000000,0.000000
16,0.786719,0.312500,1.892094,0.399246,0.846003,2.369891,-0.980580
16,0.974023,0.034635,0.048942,1.000000,0.999980,0.000000,0.754059
16,0.571094,0.133333,0.000000,0.000000,0.000000,0.000000,0.000000
16,0.320312,0.210417,0.000000,0.000000,0.000000,0.000000,0.000000
17,0.264844,0.435417,0.000000,0.000000,0.000000,0.000000,0.000000
17,0.238281,0.577083,0.000000,0.000000,0.000000,0.000000,0.000000
17,0.239889,0.856250,0.001417,1.000000,0.888804,0.000000,0.000000
17,0.194531,0.845833,0.000000,0.000000,0.000000,0.000000,0.000000
17,0.083594,0.806250,0.000000,0.000000,0.000000,0.000000,0.000000
17,0.135156,0.189583,0.000000,0.000000,0.000000,0.000000,0.000000
17,0.198958,0.257639,0.794584,0.795958,0.668825,0.806229,0.948683
17,0.206401,0.197928,0.061058,1.000000,0.999984,0.000000,0.857488
17,0.259831,0.272361,0.078617,1.000000,1.000006,0.000011,0.848001
17,0.214908,0.404081,0.000000,0.000000,0.000000,0.000000,0.000000
17,0.539844,0.981250,0.000000,0.000000,0.000000,0.000000,0.000000
17,0.627716,0.604829,0.020922,1.000000,0.999952,0.000000,-0.800000
17,0.488281,0.868750,0.000000,0.000000,0.000000,0.000000,0.000000
17,0.842969,0.856250,0.000000,0.000000,0.000000,0.000000,0.000000
17,0.833594,0.981250,0.000000,0.000000,0.000000,0.000000,0.000000
17,0.841406,0.781250,0.000000,0.000000,0.000000,0.000000,0.000000
17,0.828125,0.436458,0.000000,0.000000,0.000000,0.000000,0.000000
17,0.864062,0.409375,0.000000,0.000000,0.000000,0.000000,0.000000
17,0.627549,0.239400,0.008326,1.000000,0.999541,0.000226,0.554771
17,0.736719,0.156134,0.055556,1.000000,0.999982,0.000000,1.000000
17,0.710156,0.635417,0.000000,0.000000,0.000000,0.000000,0.000000
17,0.490054,0.613638,0.060339,1.000000,0.888888,0.000001,0.371400
17,0.458594,0.472917,0.000000,0.000000,0.000000,0.000000,0.000000
17,0.588281,0.118750,0.000000,0.000000,0.000000,0.000000,0.000000
17,0.601562,0.206250,0.000000,0.000000,0.000000,0.000000,0.000000
17,0.856250,0.223958,0.000000,0.000000,0.000000,0.000000,0.000000
17,0.485156,0.759375,0.000000,0.000000,0.000000,0.000000,0.000000
17,0.186004,0.711857,0.216979,1.000000,0.999995,0.000000,0.196109
17,0.481424,0.050809,0.008302,0.999999,0.999880,0.000000,0.707183
17,0.510039,0.029897,0.008803,1.000000,0.999886,0.000000,0.894439
17,0.357031,0.063542,0.000000,0.000000,0.000000,0.000000,0.000000
17,0.796875,0.407986,1.163289,0.787634,1.859036,0.500440,0.970143
17,0.969704,0.041248,0.048942,1.000000,0.999980,0.000000,0.754059
17,0.571094,0.133333,0.000000,0.000000,0.000000,0.000000,0.000000
17,0.320312,0.210417,0.000000,0.000000,0.000000,0.000000,0.000000
36,0.103125,0.241667,0.000000,0.000000,0.000000,0.000000,0.000000
36,0.043750,0.555208,0.272692,1.000000,0.437778,0.244026,-0.894428
36,0.142188,0.345833,0.005777,1.000000,0.999583,0.000163,-0.831983
36,0.189844,0.735417,0.008067,0.999999,0.999876,0.000000,-0.554846
36,0.270312,0.700000,0.078947,1.000000,0.999987,0.000000,0.000000
36,0.350781,0.703125,0.506897,1.000000,0.292630,0.192023,0.164399
36,0.359375,0.782292,0.043846,1.000000,1.000012,0.000017,-0.447229
36,0.486719,0.865625,0.304140,1.000000,0.399355,1.331055,-0.164403
36,0.428125,0.983333,0.409480,0.775655,0.498411,1.013858,-0.924547
36,0.765625,0.901042,0.035085,1.000000,0.999875,0.000000,0.000000
36,0.717188,0.829167,0.021464,1.000000,1.000085,0.000088,-0.554664
36,0.810938,0.629167,0.161289,1.000000,0.999994,0.000000,-1.000000
36,0.971875,0.798958,0.009596,0.999996,0.999897,0.000000,0.894356
36,0.925000,0.741667,0.000000,0.000000,0.000000,0.000000,0.000000
36,0.916406,0.934375,0.002937,0.999997,0.998019,0.001631,-0.707684
36,0.591406,0.446875,0.015617,1.000000,0.999936,0.000000,-0.780890
36,0.599219,0.612500,1.047140,1.000000,0.334828,0.421313,0.000000
36,0.469531,0.758333,0.038569,1.000000,0.999974,0.000000,-0.707107
36,0.443750,0.562500,0.059754,1.000000,0.054294,0.543911,-0.242536
36,0.436719,0.507292,0.062988,1.000000,0.999984,0.000060,-0.894411
36,0.428906,0.435417,0.379306,0.997882,0.267057,0.013653,-0.999907
36,0.307031,0.371875,0.042735,1.000000,0.075639,1.057191,-1.000000
36,0.321875,0.301042,0.119477,1.000000,0.188091,3.101343,0.813733
36,0.395312,0.263542,0.023835,1.000000,0.999933,0.000025,-0.707089
36,0.428125,0.246875,0.121654,1.000000,0.999992,0.000000,-0.164401
36,0.354688,0.023958,0.007638,1.000000,0.999869,0.000000,-0.928496
36,0.692969,0.225000,0.058823,1.000000,0.999983,0.000000,1.000000
36,0.549219,0.281250,0.027952,1.000000,0.079415,0.439843,-0.447214
36,0.579687,0.310417,0.004479,1.000000,0.999777,0.000000,-1.000000
36,0.959375,0.253125,0.483194,0.855491,0.959766,0.221659,-0.994540
36,0.900781,0.198958,0.018501,1.000000,0.999631,0.000193,-0.624835
36,0.783594,0.152083,0.003911,1.000000,1.000638,0.000000,-0.242536
36,0.878906,0.088542,0.054205,1.000000,0.999982,0.000000,-0.447232
36,0.519531,0.031250,0.000000,0.000000,0.000000,0.000000,0.000000
37,0.103125,0.241667,0.000000,0.000000,0.000000,0.000000,0.000000
37,0.055134,0.535565,0.194240,0.516205,2.133252,1.913821,-0.145113
37,0.142613,0.344982,0.005779,1.000000,1.000071,0.000163,-0.832073
37,0.318209,0.321074,0.676794,1.000000,0.609249,0.572005,0.773957
37,0.209688,0.653750,2.344081,0.993109,5.146145,0.105670,-0.661396
37,0.190735,0.734624,0.008067,0.999999,0.999876,0.000000,-0.554846
37,0.280204,0.699613,0.042104,1.000000,0.999976,0.000000,-0.490221
37,0.403138,0.675494,0.311745,0.996248,1.275318,0.281529,-0.645185
37,0.365346,0.780208,0.053570,1.000000,0.999950,0.000000,0.000000
37,0.515224,0.887416,0.172006,1.000000,0.612836,2.038830,0.447221
37,0.440082,0.927491,0.276873,0.998579,0.949297,0.013827,-0.900523
37,0.766000,0.899875,0.082462,1.000000,0.999988,0.000000,-0.242526
37,0.714816,0.827059,0.021461,1.000000,0.999953,0.000000,-0.554737
37,0.827704,0.829567,1.018608,0.979332,1.395823,0.473648,0.700001
37,0.810222,0.616843,0.018949,1.000000,0.999946,0.000400,-0.894356
37,0.972445,0.800478,0.009596,0.999996,0.999897,0.000000,0.894356
37,0.925000,0.741667,0.000000,0.000000,0.000000,0.000000,0.000000
37,0.916682,0.934007,0.002937,0.999997,0.998019,0.001631,-0.707684
37,0.794978,0.184821,1.612936,1.000000,0.835891,0.675637,-0.813733
37,0.592702,0.444715,0.015619,1.000000,0.999936,0.000000,-0.780784
37,0.483954,0.552404,0.310090,1.000000,1.000008,0.000001,-0.992278
37,0.591667,0.673437,0.494314,0.556323,0.662150,0.738511,0.902365
37,0.473153,0.753504,0.038569,1.000000,0.999974,0.000000,-0.707107
37,0.423828,0.566146,0.025257,1.000000,1.000150,0.000000,-0.707107
37,0.440121,0.498097,0.032134,1.000000,0.999969,0.000000,-0.919148
37,0.427344,0.395139,0.087725,1.000000,0.775879,2.641402,0.970139
37,0.313281,0.360408,0.042735,1.000000,0.999977,0.000000,-1.000000
37,0.323438,0.307589,0.217594,1.000000,0.999999,0.000007,-0.393923
37,0.397551,0.260557,0.023835,1.000000,0.999983,0.000025,-0.707107
37,0.439717,0.251689,0.102916,1.000000,0.999990,0.000000,0.919143
37,0.439645,0.060682,0.305025,1.000000,0.999997,0.000000,-0.707110
37,0.354311,0.022702,0.007638,1.000000,0.999869,0.000000,-0.928498
37,0.693419,0.233633,0.018948,1.000000,0.999947,0.000000,0.447249
37,0.557268,0.279040,0.081594,1.000000,0.999995,0.000019,-0.371398
37,0.579687,0.309623,0.004479,1.000000,0.999777,0.000000,-1.000000
37,0.706771,0.462760,1.418224,1.000000,1.260255,0.018050,0.579756
37,0.961938,0.190083,0.468188,1.000000,0.999998,0.000000,-0.939793
37,0.902701,0.196911,0.018507,1.000000,0.999917,0.000036,-0.624656
37,0.784097,0.151915,0.003908,1.000000,0.999744,0.000000,-0.242536
37,0.885346,0.084249,0.054205,1.000000,0.999982,0.000000,-0.447232
37,0.820833,0.533333,1.152299,0.997826,0.993331,0.122951,0.402648
37,0.519531,0.031250,0.000000,0.000000,0.000000,0.000000,0.000000
37,0.925516,0.991331,0.018949,0.999999,0.999787,0.000320,-0.894535
38,0.103125,0.241667,0.000000,0.000000,0.000000,0.000000,0.000000
38,0.065084,0.535897,0.120956,0.999895,1.233495,0.009008,-0.982308
38,0.143039,0.344131,0.005779,1.000000,0.999827,0.000000,-0.832073
38,0.418750,0.401875,1.081292,0.947056,1.299952,0.352304,0.594022
38,0.115365,0.508681,0.785714,1.000000,0.720030,0.119236,-1.000000
38,0.191626,0.733832,0.008067,0.999999,0.999876,0.000000,-0.554846
38,0.285077,0.695958,0.042105,1.000000,0.999976,0.000000,-0.490282
38,0.418921,0.643445,0.243903,1.000000,0.999996,0.000000,-0.800000
38,0.377262,0.779276,0.111650,1.000000,1.000013,0.000021,0.707114
38,0.508594,0.888387,0.074073,1.000000,0.999941,0.000000,-1.000000
38,0.451562,0.887641,0.216214,1.000000,0.999980,0.000000,-1.000000
38,0.764063,0.900998,0.005235,1.000000,0.999809,0.000000,-1.000000
38,0.712534,0.825023,0.012154,1.000000,0.999918,0.000000,0.447214
38,0.942299,0.877827,1.025560,0.999950,0.771880,0.015687,-0.815581
38,0.809375,0.613207,0.031467,1.000000,0.999861,0.000000,-1.000000
38,0.973015,0.801998,0.009596,0.999996,0.999897,0.000000,0.894356
38,0.925000,0.741667,0.000000,0.000000,0.000000,0.000000,0.000000
38,0.916959,0.933639,0.002944,0.999982,1.002123,0.000816,-0.707107
38,0.593998,0.442556,0.015616,1.000000,0.999851,0.000068,-0.780848
38,0.427865,0.444444,0.416667,1.000000,0.907293,2.142132,1.000000
38,0.636719,0.712083,0.518261,1.000000,1.123026,0.352032,0.964764
38,0.475961,0.747917,0.065575,1.000000,0.999985,0.000000,0.000000
38,0.445903,0.564583,0.090353,1.000000,0.648109,0.159531,-0.316216
38,0.441802,0.492867,0.032134,1.000000,0.999969,0.000000,-0.919148
38,0.442148,0.401094,0.035355,1.000000,0.999972,0.000000,-0.707083
38,0.313281,0.357292,0.000000,0.000000,0.000000,0.000000,0.000000
38,0.317500,0.295625,0.158115,1.000000,0.999994,0.000000,0.316234
38,0.399789,0.257573,0.013310,1.000000,0.587242,0.300887,-0.894363
38,0.446708,0.259978,0.063207,1.000000,1.000038,0.000005,0.099501
38,0.481027,0.029315,0.407585,0.979409,0.966401,0.056541,-0.391350
38,0.353934,0.021447,0.007638,1.000000,0.999869,0.000000,-0.928496
38,0.695670,0.235134,0.039659,0.871804,2.092911,0.774216,0.945101
38,0.566016,0.274219,0.039928,1.000000,0.999880,0.000000,-0.447214
38,0.579687,0.308830,0.004479,1.000000,0.999777,0.000000,-1.000000
38,0.565938,0.586667,1.170689,1.000000,0.918726,0.015866,0.519948
38,0.989926,0.126754,0.225879,1.000000,0.678573,0.927292,-0.316225
38,0.904620,0.194864,0.018507,1.000000,0.999946,0.000000,-0.624684
38,0.784601,0.151748,0.003908,1.000000,0.999744,0.000000,-0.242536
38,0.891784,0.079872,0.058154,1.000000,0.999979,0.000006,-0.554697
38,0.676518,0.590774,1.150336,1.000000,1.000003,0.000002,0.248376
38,0.519531,0.031250,0.000000,0.000000,0.000000,0.000000,0.000000
38,0.960938,0.033854,1.360251,0.968423,1.110802,0.329802,0.647944
38,0.936340,0.987943,0.105826,1.000000,0.999997,0.000031,-0.187124
39,0.103125,0.241667,0.000000,0.000000,0.000000,0.000000,0.000000
39,0.071433,0.522347,0.173954,1.000000,0.999994,0.000000,0.976187
39,0.143465,0.343279,0.005779,1.000000,1.000071,0.000163,-0.832073
39,0.530058,0.472752,0.652519,1.000000,0.726961,0.083148,0.287348
39,0.048828,0.378906,0.966729,0.986609,1.429983,0.244761,-0.941669
39,0.192518,0.733040,0.008067,0.999999,0.999876,0.000000,-0.554846
39,0.289951,0.692302,0.042105,1.000000,0.999976,0.000000,-0.490282
39,0.443359,0.604167,0.471700,1.000000,0.999998,0.000000,-0.847999
39,0.377958,0.780357,0.024382,1.000000,0.732730,0.084714,-0.707037
39,0.515025,0.877705,0.088385,1.000000,0.999989,0.000000,-0.613946
39,0.453930,0.840309,0.276102,0.992418,0.906614,0.073644,-0.999661
39,0.764063,0.900071,0.005239,1.000000,1.000457,0.000000,-1.000000
39,0.713978,0.825985,0.012151,1.000000,0.999793,0.000374,0.447325
39,0.962695,0.725651,0.839312,1.000000,0.797815,0.653930,0.119148
39,0.809375,0.607634,0.031467,1.000000,0.999968,0.000000,-1.000000
39,0.973437,0.802488,0.013889,1.000000,0.999928,0.000000,-1.000000
39,0.925000,0.741667,0.000000,0.000000,0.000000,0.000000,0.000000
39,0.917235,0.933271,0.002937,0.999997,0.999660,0.000000,-0.707684
39,0.595293,0.440396,0.015617,1.000000,0.999800,0.000170,-0.780890
39,0.358502,0.496201,0.761957,1.000000,1.289894,0.311645,0.298275
39,0.634730,0.762027,0.460975,1.000000,1.031246,0.319105,0.650790
39,0.480469,0.746642,0.014923,1.000000,0.999706,0.000000,-1.000000
39,0.454393,0.560613,0.573409,1.000000,2.060485,0.037315,0.083043
39,0.443483,0.487636,0.032132,1.000000,0.999920,0.000021,-0.919140
39,0.427142,0.366129,0.144261,1.000000,0.999982,0.000021,-0.894432
39,0.313281,0.357292,0.000000,0.000000,0.000000,0.000000,0.000000
39,0.327396,0.294792,0.177778,1.000000,1.000004,0.000000,0.000000
39,0.400716,0.255382,0.013311,1.000000,1.000039,0.000228,-0.894376
39,0.455061,0.261091,0.063207,1.000000,0.999984,0.000000,0.099501
39,0.353557,0.020191,0.007638,1.000000,0.999869,0.000000,-0.928496
39,0.696094,0.247072,0.149301,1.000000,1.340209,0.050268,0.992279
39,0.572154,0.272917,0.053572,1.000000,0.999981,0.000000,0.000000
39,0.579687,0.308037,0.004479,1.000000,0.999777,0.000000,-1.000000
39,0.420833,0.700000,1.045287,1.000000,0.793317,0.179852,0.707106
39,0.906539,0.192817,0.018507,1.000000,1.000232,0.000229,-0.624684
39,0.785104,0.151580,0.003908,1.000000,0.999744,0.000000,-0.242536
39,0.899396,0.074941,0.077796,1.000000,0.999987,0.000000,-0.242531
39,0.538560,0.635938,1.248848,0.961340,1.036566,0.259059,0.451176
39,0.519531,0.031250,0.000000,0.000000,0.000000,0.000000,0.000000
39,0.945478,0.983954,0.063885,1.000000,1.000068,0.000084,-0.316180
39,0.977764,0.105369,1.651794,0.997588,1.032537,0.132787,0.999341
39,0.178750,0.016667,0.393898,0.581525,1.477113,2.291065,-0.388057
40,0.103125,0.241667,0.000000,0.000000,0.000000,0.000000,0.000000
40,0.071875,0.522649,0.057142,1.000000,0.999982,0.000000,1.000000
40,0.143895,0.342418,0.005779,1.000000,0.999827,0.000000,-0.832073
40,0.642401,0.528883,0.808364,0.993754,1.040727,0.064801,0.411018
40,0.193420,0.732238,0.008067,0.999999,0.999876,0.000000,-0.554846
40,0.294882,0.688604,0.042105,1.000000,1.000011,0.000020,-0.490282
40,0.447070,0.542969,0.282981,1.000000,0.999996,0.000000,-0.993884
40,0.390521,0.779931,0.142176,1.000000,0.716509,0.222715,-0.242527
40,0.517894,0.868204,0.161779,1.000000,0.893902,1.963534,-0.274718
40,0.450714,0.799375,0.285136,0.989981,1.411332,0.149799,-0.999969
40,0.764063,0.899133,0.012060,0.989400,2.303063,0.229057,-0.973881
40,0.715438,0.826959,0.001350,1.000000,0.111033,0.000000,0.447214
40,0.891488,0.819517,1.087854,1.000000,1.006391,0.682489,0.989950
40,0.809375,0.601996,0.031470,1.000000,1.000076,0.000000,-1.000000
40,0.973437,0.800000,0.013889,1.000000,0.999928,0.000000,-1.000000
40,0.925000,0.741667,0.000000,0.000000,0.000000,0.000000,0.000000
40,0.917514,0.932898,0.002937,0.999997,0.998019,0.001631,-0.707684
40,0.596604,0.438211,0.015619,1.000000,1.000072,0.000170,-0.780784
40,0.254948,0.553472,0.882438,1.000000,0.999999,0.000000,0.274722
40,0.616406,0.801923,0.632454,1.000000,1.342721,0.283798,0.316226
40,0.481783,0.743205,0.025274,1.000000,1.000072,0.000074,-0.832092
40,0.425352,0.561510,0.037268,1.000000,0.238333,0.827436,0.447286
40,0.444531,0.481319,0.049869,0.991815,1.121992,0.258589,-0.966752
40,0.416813,0.350667,0.100001,1.000000,1.000010,0.000027,-0.799996
40,0.312757,0.356593,0.008622,1.000000,0.999884,0.000000,-0.707107
40,0.332322,0.292994,0.029552,1.000000,0.350428,0.729095,-0.832042
40,0.401516,0.253249,0.011206,1.000000,0.905534,0.159212,-0.980589
40,0.458803,0.261458,0.010929,1.000000,0.999909,0.000000,0.000000
40,0.353176,0.018920,0.007638,1.000000,0.999869,0.000000,-0.928496
40,0.697656,0.269475,0.086956,1.000000,0.999988,0.000000,1.000000
40,0.578906,0.271875,0.046585,1.000000,0.999979,0.000000,-0.447214
40,0.579687,0.307234,0.004479,1.000000,0.999777,0.000000,-1.000000
40,0.303125,0.829167,0.970479,1.000000,0.920836,0.143603,0.650790
40,0.908481,0.190745,0.018052,1.000000,0.985995,0.977413,-0.707201
40,0.785614,0.151410,0.003908,1.000000,0.998851,0.000000,-0.242536
40,0.904006,0.071003,0.029070,1.000000,0.999977,0.000009,-0.799993
40,0.403438,0.722500,0.973718,1.000000,0.999997,0.000001,0.487824
40,0.519531,0.031250,0.000000,0.000000,0.000000,0.000000,0.000000
40,0.953622,0.980335,0.028527,1.000000,0.707613,0.825041,-0.957807
40,0.687946,0.014732,2.742729,0.742202,3.332572,1.701738,0.774767
40,0.158594,0.047917,0.479298,0.846477,1.262476,0.787351,0.068466
41,0.103125,0.241667,0.000000,0.000000,0.000000,0.000000,0.000000
41,0.071007,0.533681,0.216951,1.000000,0.999995,0.000000,0.768221
41,0.144321,0.341567,0.005777,1.000000,0.999827,0.000000,-0.831983
41,0.730064,0.599190,1.064197,0.996455,0.985545,0.043417,0.145975
41,0.194311,0.731446,0.008067,0.999999,0.999876,0.000000,-0.554846
41,0.299756,0.684948,0.042105,1.000000,0.999976,0.000000,-0.490282
41,0.437730,0.481005,0.233612,0.998271,0.652893,0.130018,-0.956753
41,0.401613,0.773152,0.275612,1.000000,0.999996,0.000000,-0.351126
41,0.529021,0.860340,0.109077,1.000000,0.999991,0.000000,-0.447214
41,0.457961,0.739137,0.234495,1.000000,0.999996,0.000000,-0.913810
41,0.763186,0.895452,0.025710,1.000000,0.999961,0.000000,-0.948670
41,0.715625,0.827083,0.000000,0.000000,0.000000,0.000000,0.000000
41,0.851884,0.938848,1.020905,0.911623,1.117959,0.527894,0.704910
41,0.809375,0.596423,0.062388,1.000000,1.982579,0.785398,-0.707107
41,0.973437,0.797541,0.013889,1.000000,0.999928,0.000000,-1.000000
41,0.925000,0.741667,0.000000,0.000000,0.000000,0.000000,0.000000
41,0.917790,0.932530,0.002944,0.999982,1.002123,0.000816,-0.707107
41,0.597850,0.436071,0.013977,1.000000,1.000164,0.000135,-0.831976
41,0.167344,0.596250,0.751732,0.937505,0.780349,0.219743,0.584618
41,0.564160,0.795703,0.128767,1.000000,0.726069,0.371535,-0.832046
41,0.483645,0.739481,0.025276,1.000000,1.000147,0.000037,-0.832030
41,0.420047,0.561792,0.021097,1.000000,1.000024,0.000216,-0.894459
41,0.446386,0.472790,0.051420,1.000000,0.999981,0.000000,-0.948670
41,0.423508,0.332386,0.112334,0.536132,0.873737,0.107458,0.778854
41,0.311947,0.355513,0.008624,1.000000,0.999884,0.000000,-0.707107
41,0.329252,0.288712,0.029552,1.000000,0.999918,0.000032,-0.832042
41,0.401837,0.251294,0.011206,1.000000,0.999851,0.000297,-0.980589
41,0.460254,0.261458,0.010929,1.000000,0.999909,0.000000,0.000000
41,0.352799,0.017664,0.007638,1.000000,0.999869,0.000000,-0.928498
41,0.708656,0.265583,0.057725,1.000000,0.484037,0.321713,-0.707085
41,0.584302,0.268435,0.036768,1.000000,0.999885,0.000029,-0.316228
41,0.579687,0.306441,0.004479,1.000000,0.999777,0.000000,-1.000000
41,0.166166,0.921394,1.221377,0.999736,1.068063,0.067381,0.398982
41,0.906998,0.188497,0.018057,0.999999,1.000244,0.000232,-0.707013
41,0.786117,0.151242,0.003908,1.000000,0.999744,0.000000,-0.242536
41,0.906323,0.066885,0.029070,1.000000,0.999966,0.000000,-0.799990
41,0.270547,0.790990,1.085414,1.000000,0.999999,0.000000,0.253360
41,0.519531,0.031250,0.000000,0.000000,0.000000,0.000000,0.000000
41,0.952856,0.975541,0.028524,0.999999,0.999965,0.000000,-0.957797
41,0.640805,0.138702,1.671399,0.991903,1.102885,0.136620,-0.997575
41,0.134315,0.087901,0.404081,0.550693,0.974989,0.782941,-0.052103
41,0.071875,0.973958,0.545455,1.000000,0.744827,0.000000,0.000000
41,0.057993,0.379167,1.795804,1.000000,1.084548,0.083450,-0.524097
41,0.375625,0.025625,0.958033,0.741219,0.875419,0.415318,-0.604542
41,0.971652,0.684970,1.745559,0.988440,0.710399,0.355669,0.999960
42,0.103125,0.241667,0.000000,0.000000,0.000000,0.000000,0.000000
42,0.072258,0.552105,0.045636,1.000000,1.000049,0.000025,-0.894438
42,0.144747,0.340715,0.005779,1.000000,0.999827,0.000000,-0.832073
42,0.862969,0.644792,1.190143,0.973941,1.254776,0.107566,0.266270
42,0.192729,0.731250,0.018018,1.000000,0.999945,0.000000,0.000000
42,0.304630,0.681293,0.051839,1.000000,1.021267,0.070258,0.316198
42,0.426674,0.452381,0.305041,0.939941,1.093575,0.709216,-0.986113
42,0.419581,0.761458,0.106384,1.000000,1.000022,0.000000,0.000000
42,0.536959,0.856202,0.098512,1.000000,0.999990,0.000000,-0.624699
42,0.456983,0.692666,0.347537,1.000000,0.999997,0.000000,-0.998274
42,0.758395,0.897334,0.169493,1.000000,1.000006,0.000016,0.600013
42,0.715625,0.827083,0.000000,0.000000,0.000000,0.000000,0.000000
42,0.813920,0.589298,0.020607,0.999999,1.000134,0.000274,-0.831949
42,0.983460,0.795064,0.031848,1.000000,0.999969,0.000000,0.141392
42,0.925000,0.741667,0.000000,0.000000,0.000000,0.000000,0.000000
42,0.918959,0.927450,0.080293,1.000000,0.999988,0.000000,-0.964769
42,0.598880,0.434012,0.013976,1.000000,1.000029,0.000067,-0.832088
42,0.098793,0.660322,0.755305,0.995318,1.013138,0.053093,0.759150
42,0.541596,0.763763,0.309030,1.000000,1.400801,1.095112,-0.980582
42,0.485507,0.735757,0.025276,1.000000,1.000147,0.000037,-0.832030
42,0.418794,0.558451,0.000000,0.000000,0.000000,0.000000,0.000000
42,0.449983,0.461503,0.112590,0.626269,1.183257,2.980082,0.810856
42,0.418397,0.329509,0.185186,1.000000,1.338198,0.352091,-0.599997
42,0.311719,0.357050,0.011493,1.000000,0.811702,3.141593,-1.000000
42,0.327397,0.292282,0.069122,1.000000,0.999990,0.000024,0.986392
42,0.402129,0.249348,0.011206,1.000000,0.999911,0.000000,-0.980589
42,0.461206,0.260743,0.008534,1.000000,0.999705,0.000355,-0.894526
42,0.352422,0.016408,0.007638,1.000000,0.999869,0.000000,-0.928497
42,0.716526,0.269071,0.172004,1.000000,0.999985,0.000005,0.894431
42,0.588935,0.266376,0.036769,1.000000,0.999973,0.000000,-0.316249
42,0.579687,0.305648,0.004479,1.000000,0.999777,0.000000,-1.000000
42,0.905303,0.186237,0.018052,1.000000,0.999978,0.000033,-0.707201
42,0.786621,0.151074,0.003911,1.000000,1.000638,0.000000,-0.242536
42,0.909770,0.059540,0.057732,1.000000,1.000040,0.000103,-0.857486
42,0.127969,0.830000,1.084243,1.000000,0.958680,0.034246,0.136638
42,0.519531,0.031250,0.000000,0.000000,0.000000,0.000000,0.000000
42,0.951767,0.970702,0.036935,0.996517,1.294685,0.081030,-0.977928
42,0.110781,0.072396,0.500000,1.000000,1.136227,0.322689,0.470588
42,0.151562,0.979167,0.683198,1.000000,0.999998,0.000000,0.269630
42,0.224694,0.232065,1.530298,0.996058,0.958648,0.161922,-0.624360
42,0.225347,0.060764,0.506507,0.977258,2.528621,1.047528,0.896263
42,0.925625,0.952500,1.724210,0.776280,1.073492,1.023198,-0.249041
43,0.103125,0.241667,0.000000,0.000000,0.000000,0.000000,0.000000
43,0.077771,0.545106,0.162169,1.000000,1.347708,0.066597,-0.316233
43,0.145177,0.339854,0.005777,1.000000,0.999583,0.000163,-0.831983
43,0.978338,0.680966,0.379114,0.995176,0.564515,0.881488,-0.235597
43,0.191664,0.731135,0.004460,0.999996,0.999776,0.000000,-0.316285
43,0.315625,0.683472,0.022224,1.000000,1.000108,0.000000,1.000000
43,0.407883,0.409470,0.870026,1.000000,1.033670,0.954579,-0.287348
43,0.431955,0.756066,0.119330,1.000000,1.161121,0.239279,-0.316211
43,0.573906,0.920000,0.138675,1.000000,0.651380,0.266244,0.832043
43,0.456217,0.655120,0.142726,1.000000,0.999972,0.000010,-0.894427
43,0.753125,0.882292,0.211374,0.998908,0.634122,0.017540,-0.613937
43,0.715625,0.827083,0.000000,0.000000,0.000000,0.000000,0.000000
43,0.812384,0.586226,0.020601,1.000000,0.999815,0.000091,-0.832050
43,0.987647,0.795735,0.026310,1.000000,0.999962,0.000000,-0.447214
43,0.925000,0.741667,0.000000,0.000000,0.000000,0.000000,0.000000
43,0.921798,0.913571,0.080293,1.000000,0.999925,0.000070,-0.964769
43,0.599921,0.431928,0.013976,1.000000,1.000029,0.000067,-0.832088
43,0.087571,0.765530,0.928339,0.975831,0.931231,0.137301,0.959506
43,0.517969,0.678322,0.378381,1.000000,0.999997,0.000000,-1.000000
43,0.487390,0.731990,0.025274,1.000000,1.000072,0.000074,-0.832092
43,0.417751,0.557001,0.023181,1.000000,0.999750,0.000000,-0.707107
43,0.443240,0.474457,0.136450,0.993664,1.160540,0.062045,0.864836
43,0.433249,0.314760,0.084747,1.000000,1.000000,0.000016,-0.600013
43,0.311719,0.355424,0.007751,1.000000,0.674278,0.000000,-1.000000
43,0.331250,0.303125,0.082092,1.000000,1.000001,0.000016,-0.624705
43,0.402424,0.247379,0.011206,1.000000,0.999851,0.000297,-0.980589
43,0.461719,0.259375,0.008534,1.000000,0.999705,0.000355,-0.894526
43,0.352041,0.015137,0.007638,1.000000,0.999869,0.000000,-0.928497
43,0.732240,0.282731,0.140544,1.000000,0.999970,0.000008,0.316239
43,0.593405,0.264002,0.032888,1.000000,0.999970,0.000000,-0.707133
43,0.579687,0.304846,0.004479,1.000000,0.999777,0.000000,-1.000000
43,0.904416,0.184375,0.020406,1.000000,0.999951,0.000000,0.000000
43,0.787130,0.150904,0.003908,1.000000,0.999744,0.000000,-0.242536
43,0.914265,0.052662,0.046294,1.000000,0.999978,0.000000,-0.600023
43,0.519531,0.031250,0.000000,0.000000,0.000000,0.000000,0.000000
43,0.950833,0.962014,0.053750,1.000000,0.999981,0.000000,-0.992279
43,0.072656,0.101042,0.470330,0.386047,0.940658,1.310195,0.966235
43,0.238854,0.969375,0.670303,0.985274,1.604878,0.278851,-0.218710
43,0.399566,0.087384,1.393606,0.986132,1.009880,0.188268,-0.489595
43,0.236369,0.123707,0.228666,0.991194,0.361231,0.104876,0.815464
43,0.133542,0.096111,0.647216,1.000000,0.999998,0.000000,0.824042
43,0.910263,0.984375,0.002448,1.000000,0.996832,0.000000,0.000000
44,0.103125,0.241667,0.000000,0.000000,0.000000,0.000000,0.000000
44,0.101766,0.544429,0.329192,0.809852,1.296970,0.978729,0.347318
44,0.148004,0.333601,0.057732,1.000000,0.999990,0.000013,-0.857485
44,0.192226,0.730886,0.004461,0.999996,0.999776,0.000000,-0.316228
44,0.317416,0.678252,0.038566,1.000000,1.000057,0.000028,-0.948688
44,0.427751,0.332880,0.303338,1.000000,0.761573,0.256820,-0.961524
44,0.444579,0.746790,0.102040,1.000000,0.999964,0.000020,-0.799992
44,0.607031,0.946875,0.400239,0.905420,0.759398,0.700739,0.521243
44,0.453217,0.620650,0.299942,1.000000,0.999994,0.000011,-0.196107
44,0.767089,0.870730,0.057684,1.000000,0.999983,0.000000,-0.624688
44,0.715625,0.827083,0.000000,0.000000,0.000000,0.000000,0.000000
44,0.810822,0.583078,0.035775,1.000000,1.000053,0.000049,-0.857501
44,0.990972,0.792708,0.136790,1.000000,0.999993,0.000000,-0.913812
44,0.925000,0.741667,0.000000,0.000000,0.000000,0.000000,0.000000
44,0.923704,0.910772,0.016067,0.999999,0.999788,0.000149,0.707212
44,0.600992,0.430489,0.013598,1.000000,0.999838,0.000088,0.707044
44,0.067969,0.912500,0.776727,1.000000,0.969047,0.141673,0.351121
44,0.506875,0.593646,0.594470,1.000000,1.063417,1.097801,-0.607450
44,0.489252,0.728266,0.025274,1.000000,1.000072,0.000074,-0.832092
44,0.415257,0.558824,0.027732,1.000000,0.999964,0.000000,0.707107
44,0.436719,0.491426,0.072122,1.000000,0.937569,0.000000,-1.000000
44,0.431666,0.311037,0.067282,1.000000,0.999985,0.000000,-0.948678
44,0.311719,0.353981,0.007751,1.000000,0.999652,0.000000,-1.000000
44,0.323142,0.295054,0.032483,1.000000,0.999998,0.000043,0.554724
44,0.402716,0.245433,0.011206,1.000000,0.999911,0.000000,-0.980589
44,0.462226,0.258023,0.008534,1.000000,0.999883,0.000000,-0.894526
44,0.351664,0.013882,0.007638,1.000000,0.999863,0.000003,-0.928496
44,0.729219,0.279702,0.162881,1.000000,0.999986,0.000006,0.789352
44,0.596513,0.259671,0.040650,1.000000,0.999976,0.000000,-0.799995
44,0.579687,0.304052,0.004479,1.000000,0.999777,0.000000,-1.000000
44,0.907127,0.184375,0.020406,1.000000,0.999951,0.000000,0.000000
44,0.787634,0.150737,0.003908,1.000000,0.999744,0.000000,-0.242536
44,0.918612,0.047243,0.043844,1.000000,0.999912,0.000140,-0.894446
44,0.519531,0.031250,0.000000,0.000000,0.000000,0.000000,0.000000
44,0.949876,0.953208,0.017750,1.000000,0.999944,0.000000,0.447214
44,0.096317,0.108780,0.277778,1.000000,0.765019,0.282974,0.600000
44,0.318498,0.923051,0.833060,0.998280,1.110119,0.101803,-0.387459
44,0.233650,0.132366,0.039079,0.938827,0.773701,0.214024,-0.841146
44,0.173926,0.217839,0.743621,0.911610,0.933995,0.387037,0.723252
44,0.977808,0.249690,0.509958,0.979843,4.219114,0.884280,0.975269
44,0.053079,0.460355,1.575682,0.909059,0.984695,0.287358,-0.833239
44,0.979092,0.261210,0.149815,0.907676,1.112328,0.272964,0.871563
44,0.382812,0.980599,1.239752,1.000000,1.561285,0.062036,-0.979457
44,0.910589,0.984375,0.002455,1.000000,1.002361,0.000000,0.000000
44,0.892527,0.978125,0.260871,1.000000,0.999996,0.000000,0.000000
45,0.103125,0.241667,0.000000,0.000000,0.000000,0.000000,0.000000
45,0.124049,0.562908,0.181968,0.818601,0.935847,0.490360,-0.026702
45,0.141820,0.322672,0.027948,1.000000,0.141653,2.536069,-0.141404
45,0.192788,0.730636,0.004460,0.999996,0.999775,0.000000,-0.316285
45,0.319866,0.671429,0.067343,1.000000,0.999985,0.000000,-0.707094
45,0.447076,0.284226,0.342892,0.988514,1.114284,0.305505,-0.997189
45,0.452148,0.732031,0.065881,1.000000,0.999985,0.000000,-0.316228
45,0.648558,0.978285,0.619087,0.508516,1.364565,1.598960,0.470591
45,0.437000,0.580958,0.178886,1.000000,1.000011,0.000009,-0.894427
45,0.773867,0.863854,0.090139,1.000000,0.999989,0.000000,-0.554674
45,0.715625,0.827083,0.000000,0.000000,0.000000,0.000000,0.000000
45,0.808378,0.577646,0.035775,1.000000,1.000053,0.000049,-0.857501
45,0.925000,0.741667,0.000000,0.000000,0.000000,0.000000,0.000000
45,0.925112,0.908681,0.025903,1.000000,0.999961,0.000000,-0.919098
45,0.602269,0.432191,0.009917,1.000000,0.828932,1.743965,-1.000000
45,0.553571,0.536012,0.557089,0.438911,0.641094,1.955176,0.522287
45,0.499756,0.723307,0.066768,1.000000,0.680675,0.550427,-0.832066
45,0.412093,0.556478,0.049392,1.000000,1.000018,0.000057,-0.832050
45,0.436719,0.483837,0.033708,1.000000,0.999970,0.000000,-1.000000
45,0.418095,0.301914,0.152887,1.000000,1.000001,0.000008,-0.707112
45,0.312293,0.351976,0.020721,1.000000,0.999952,0.000000,-0.832025
45,0.319552,0.298245,0.032482,1.000000,0.999897,0.000015,0.554688
45,0.403008,0.243487,0.011206,1.000000,0.999851,0.000297,-0.980589
45,0.463483,0.257292,0.016130,1.000000,0.999938,0.000000,0.000000
45,0.350123,0.006031,0.084454,0.490928,0.778347,0.304688,0.059674
45,0.740617,0.296885,0.041191,1.000000,0.999976,0.000000,-0.707086
45,0.599752,0.253913,0.040651,1.000000,0.999975,0.000000,-0.800002
45,0.579687,0.303259,0.004479,1.000000,0.999777,0.000000,-1.000000
45,0.909837,0.184375,0.017361,0.999999,0.850457,2.214298,0.800000
45,0.788138,0.150569,0.003908,1.000000,0.999744,0.000000,-0.242536
45,0.923394,0.037067,0.081026,1.000000,1.000032,0.000071,-0.832021
45,0.519531,0.031250,0.000000,0.000000,0.000000,0.000000,0.000000
45,0.947768,0.954613,0.017750,1.000000,1.000371,0.000000,0.447214
45,0.119206,0.135764,0.335927,1.000000,0.999997,0.000000,0.992278
45,0.374546,0.878696,0.832167,1.000000,1.286888,0.087165,-0.540759
45,0.232812,0.127634,0.024793,1.000000,0.999960,0.000000,-1.000000
45,0.119844,0.277917,0.569757,0.876138,0.900473,0.063602,0.072767
45,0.982031,0.302936,0.176778,1.000000,0.739461,0.872559,-0.141415
45,0.178613,0.222526,1.701213,0.999439,0.976098,0.039414,-0.990992
45,0.982813,0.293616,0.231243,0.995159,1.024073,0.038114,0.999274
45,0.436719,0.822569,1.102995,0.996515,0.824388,0.058034,-0.706596
45,0.910915,0.984375,0.002448,1.000000,0.999592,0.000000,0.000000
45,0.395833,0.037153,0.742816,1.000000,0.968976,0.042660,0.932005
45,0.875431,0.958513,0.296631,1.000000,0.999983,0.000019,-0.813740
45,0.403559,0.959259,1.152443,1.000000,1.235940,0.290025,-0.650791
45,0.036924,0.506743,0.957577,1.000000,1.027472,0.274676,-0.184288
46,0.103125,0.241667,0.000000,0.000000,0.000000,0.000000,0.000000
46,0.106037,0.562311,0.143739,1.000000,0.999991,0.000005,0.948683
46,0.142305,0.320216,0.027949,1.000000,0.999964,0.000000,-0.141400
46,0.193350,0.730386,0.004461,0.999996,0.999775,0.000000,-0.316228
46,0.324188,0.664665,0.029043,1.000000,1.000096,0.000000,-0.894427
46,0.444085,0.236310,0.359792,0.792118,1.407897,0.841305,-0.929534
46,0.452136,0.726552,0.078383,1.000000,1.042567,1.411838,-0.554680
46,0.437500,0.538021,0.286119,0.973272,1.144472,0.238706,-0.971645
46,0.782812,0.856384,0.358975,1.000000,0.999997,0.000000,-1.000000
46,0.715625,0.827083,0.000000,0.000000,0.000000,0.000000,0.000000
46,0.806546,0.572522,0.024382,1.000000,0.999861,0.000295,-0.707176
46,0.925000,0.741667,0.000000,0.000000,0.000000,0.000000,0.000000
46,0.926467,0.904464,0.025900,1.000000,0.999738,0.000189,-0.919192
46,0.602344,0.430639,0.009917,1.000000,0.999899,0.000000,-1.000000
46,0.609062,0.531417,0.511351,1.000000,1.211661,0.481767,0.209531
46,0.504720,0.711784,0.096037,1.000000,0.999990,0.000000,-0.976187
46,0.413770,0.546615,0.031057,1.000000,0.545440,0.530745,-0.447214
46,0.439243,0.477244,0.055915,1.000000,1.209611,0.000020,-0.832050
46,0.425486,0.298086,0.185184,1.000000,1.370344,2.214300,0.000000
46,0.313820,0.348922,0.020723,1.000000,1.000065,0.000023,-0.832050
46,0.317585,0.287659,0.098831,1.000000,0.999990,0.000000,-0.857497
46,0.403397,0.241258,0.014073,1.000000,0.999987,0.000234,-0.970118
46,0.465545,0.258610,0.018396,1.000000,0.999946,0.000000,0.554690
46,0.350109,0.006844,0.013000,1.000000,0.999806,0.000058,0.447235
46,0.744486,0.291727,0.170751,1.000000,1.092077,0.030043,0.780861
46,0.607752,0.244647,0.039189,1.000000,0.459276,0.077863,-0.554735
46,0.579687,0.302466,0.004479,1.000000,0.999777,0.000000,-1.000000
46,0.908936,0.186545,0.017361,0.999999,0.999942,0.000000,0.800000
46,0.788641,0.150401,0.003908,1.000000,0.999744,0.000000,-0.242536
46,0.931728,0.029120,0.063758,0.989101,0.793251,0.063588,-0.429645
46,0.519531,0.031250,0.000000,0.000000,0.000000,0.000000,0.000000
46,0.923177,0.983333,0.530464,0.049372,1.057937,2.976545,-0.707042
46,0.155653,0.164767,0.321588,0.958162,1.546290,0.462527,0.568290
46,0.462752,0.859409,0.737840,0.999731,1.087958,0.018429,-0.029153
46,0.238393,0.165675,0.483665,0.850836,0.802978,0.668925,0.836397
46,0.047917,0.337500,0.745356,1.000000,0.831028,1.301629,0.894427
46,0.992665,0.334240,0.178105,1.000000,0.999985,0.000001,0.987763
46,0.536855,0.865353,1.182737,1.000000,0.999998,0.000002,0.808737
46,0.911240,0.984375,0.002448,1.000000,0.996832,0.000000,0.000000
46,0.368994,0.182943,0.939267,1.000000,1.000736,0.248152,0.887217
46,0.843269,0.926923,0.255441,1.000000,0.556241,0.492893,-0.961522
46,0.148586,0.463839,1.003773,1.000000,1.009813,0.015464,-0.303203
46,0.987500,0.923363,0.192310,1.000000,0.907772,0.843410,-0.599989
46,0.915909,0.978977,1.569334,1.000000,1.749266,0.764671,-0.984784
47,0.103125,0.241667,0.000000,0.000000,0.000000,0.000000,0.000000
47,0.096528,0.555440,0.170818,0.940245,0.745726,0.283423,-0.999261
47,0.146023,0.319508,0.027949,1.000000,0.999964,0.000000,-0.141400
47,0.193919,0.730133,0.004460,0.999997,0.999837,0.000782,-0.316285
47,0.328718,0.660848,0.057883,0.950287,1.061584,0.628987,-0.813850
47,0.470052,0.178646,0.540457,1.000000,1.016181,0.143255,-0.132164
47,0.461842,0.723739,0.037900,1.000000,0.547060,1.845741,-0.894409
47,0.445996,0.495833,0.149620,0.989206,0.593855,0.084757,-0.978216
47,0.793804,0.828987,0.138411,1.000000,1.000017,0.000002,-0.083050
47,0.715625,0.827083,0.000000,0.000000,0.000000,0.000000,0.000000
47,0.808863,0.569432,0.024382,1.000000,1.000057,0.000098,-0.707176
47,0.925000,0.741667,0.000000,0.000000,0.000000,0.000000,0.000000
47,0.927838,0.900198,0.025903,1.000000,0.999961,0.000000,-0.919213
47,0.602344,0.428862,0.009918,1.000000,1.000070,0.000000,-1.000000
47,0.658854,0.577083,0.385175,0.988205,1.010106,0.055640,0.845794
47,0.509026,0.699246,0.095151,1.000000,0.999990,0.000000,0.447199
47,0.417031,0.544375,0.039531,1.000000,0.999975,0.000000,0.948700
47,0.441907,0.468377,0.053367,1.000000,1.000004,0.000067,-0.707091
47,0.402865,0.293576,0.343592,1.000000,0.999997,0.000000,-0.242536
47,0.315699,0.346115,0.022675,1.000000,0.999894,0.000041,-0.554717
47,0.324003,0.275288,0.054244,0.659042,0.901392,0.607517,-0.176944
47,0.403856,0.238812,0.014071,1.000000,0.999929,0.000000,-0.970171
47,0.467602,0.260438,0.018396,1.000000,0.999920,0.000038,0.554690
47,0.351672,0.007885,0.013000,1.000000,0.999806,0.000058,0.447235
47,0.757498,0.313433,0.053814,1.000000,0.999920,0.000035,0.832060
47,0.612619,0.240172,0.036874,0.892316,0.940856,0.646100,-0.943844
47,0.580111,0.300389,0.019050,1.000000,0.999947,0.000000,-0.948719
47,0.907536,0.189034,0.017361,0.999999,0.999942,0.000000,0.800000
47,0.789151,0.150231,0.003911,1.000000,1.000638,0.000000,-0.242536
47,0.935954,0.024978,0.030520,1.000000,0.999967,0.000000,-0.707162
47,0.519531,0.031250,0.000000,0.000000,0.000000,0.000000,0.000000
47,0.177431,0.210301,0.555556,1.000000,1.388419,0.174852,0.800000
47,0.553365,0.861619,0.258005,1.000000,0.999984,0.000006,0.447214
47,0.271140,0.205025,0.688020,1.000000,3.698688,2.999701,-0.894427
47,0.994531,0.350000,0.000000,0.000000,0.000000,0.000000,0.000000
47,0.655692,0.848958,1.403479,1.000000,1.112565,0.000781,-0.278809
47,0.911569,0.984375,0.002455,1.000000,1.002361,0.000000,0.000000
47,0.342788,0.343750,1.033885,0.997839,1.087136,0.213671,0.367166
47,0.828993,0.887616,0.346174,1.000000,1.435502,0.410405,-0.919143
47,0.242014,0.405324,1.079598,1.000000,1.667195,0.831610,-0.661622
48,0.103125,0.241667,0.000000,0.000000,0.000000,0.000000,0.000000
48,0.099490,0.542467,0.037952,1.000000,0.999915,0.000068,-0.554664
48,0.149697,0.318808,0.061539,1.000000,1.737718,0.063327,-0.242555
48,0.194481,0.729884,0.004461,0.999996,0.999957,0.000060,-0.316228
48,0.334255,0.654647,0.059175,1.000000,0.999935,0.000043,-0.371371
48,0.516102,0.157118,0.370602,1.000000,0.999997,0.000000,0.224860
48,0.461995,0.719087,0.034400,1.000000,0.999883,0.000044,-0.447214
48,0.446875,0.479792,0.200000,1.000000,0.999995,0.000000,-1.000000
48,0.807110,0.837002,0.113192,1.000000,0.999991,0.000000,0.768234
48,0.715625,0.827083,0.000000,0.000000,0.000000,0.000000,0.000000
48,0.811446,0.565989,0.057487,1.000000,0.999941,0.000042,-0.707107
48,0.925000,0.741667,0.000000,0.000000,0.000000,0.000000,0.000000
48,0.929808,0.896514,0.033462,1.000000,0.999970,0.000000,-0.287385
48,0.602344,0.427106,0.009918,1.000000,1.000070,0.000000,-1.000000
48,0.665438,0.629333,0.721002,0.900731,0.857361,0.102488,0.942793
48,0.516851,0.697324,0.060959,1.000000,0.999984,0.000000,-0.707107
48,0.416217,0.548422,0.065128,1.000000,0.999985,0.000000,-0.894417
48,0.441084,0.462318,0.060108,0.992992,1.693429,0.240151,-0.975133
48,0.431115,0.299784,0.139957,0.368847,0.492196,0.190989,-0.053960
48,0.318205,0.343888,0.022675,1.000000,0.999894,0.000041,-0.554717
48,0.327841,0.279640,0.053673,1.000000,1.110121,2.573931,-0.980584
48,0.404309,0.236394,0.014072,1.000000,0.999929,0.000248,-0.970114
48,0.468391,0.262895,0.019642,1.000000,1.000004,0.000164,0.948670
48,0.352232,0.007292,0.071428,1.000000,0.999986,0.000000,0.000000
48,0.760854,0.314583,0.031915,1.000000,0.999969,0.000000,0.000000
48,0.615099,0.234811,0.074965,1.000000,0.999987,0.000000,-0.242536
48,0.580911,0.297189,0.019048,1.000000,0.999863,0.000028,-0.948710
48,0.906152,0.191493,0.017361,0.999999,0.999942,0.000000,0.800000
48,0.789654,0.150063,0.003908,1.000000,0.998851,0.000000,-0.242536
48,0.940183,0.021875,0.076084,1.000000,0.999987,0.000000,0.000000
48,0.519531,0.031250,0.000000,0.000000,0.000000,0.000000,0.000000
48,0.201302,0.258681,0.111111,1.000000,0.218373,1.019140,0.000000
48,0.616562,0.908750,0.396857,0.961446,1.122480,0.138404,0.960974
48,0.303454,0.207675,0.186168,0.435620,0.500231,0.451103,-0.558852
48,0.994531,0.350000,0.000000,0.000000,0.000000,0.000000,0.000000
48,0.777812,0.748750,1.217584,1.000000,1.079467,0.003642,-0.328520
48,0.911895,0.984375,0.002448,1.000000,0.996832,0.000000,0.000000
48,0.213968,0.336364,1.178992,1.000000,1.222244,0.318044,-0.727013
48,0.822716,0.843029,0.431615,1.000000,1.259845,0.487112,-0.609710
48,0.346394,0.377484,0.893345,0.991718,1.112369,0.105173,-0.386311
48,0.631641,0.029315,1.537709,0.999464,1.021628,0.031326,0.523870
48,0.943984,0.979688,0.189764,1.000000,0.650886,1.523185,-0.554717
49,0.103125,0.241667,0.000000,0.000000,0.000000,0.000000,0.000000
49,0.105099,0.537482,0.090997,0.998785,1.438546,0.073747,-0.614510
49,0.159196,0.317321,0.173794,1.000000,0.999994,0.000000,0.164397
49,0.195043,0.729634,0.004460,0.999997,0.999776,0.000000,-0.316285
49,0.341689,0.650770,0.061913,1.000000,0.999984,0.000000,-0.351114
49,0.542969,0.175000,0.178904,1.000000,0.999994,0.000005,0.164397
49,0.468251,0.715847,0.087718,1.000000,1.148630,0.296191,-0.799986
49,0.445759,0.454018,0.220783,0.990809,1.818558,0.366190,-0.985785
49,0.814947,0.847465,0.168756,1.000000,0.999994,0.000000,0.447214
49,0.715625,0.827083,0.000000,0.000000,0.000000,0.000000,0.000000
49,0.816845,0.558791,0.057489,1.000000,1.000024,0.000042,-0.707136
49,0.925000,0.741667,0.000000,0.000000,0.000000,0.000000,0.000000
49,0.934065,0.894812,0.033467,1.000000,1.000135,0.000155,-0.287236
49,0.602344,0.425350,0.009917,1.000000,0.999728,0.000000,-1.000000
49,0.664844,0.693333,0.568859,1.000000,0.999998,0.000000,0.984428
49,0.520152,0.691667,0.027398,1.000000,1.000087,0.000000,0.000000
49,0.420085,0.538107,0.043400,1.000000,0.782354,0.915611,0.242517
49,0.442746,0.450744,0.077199,0.928345,1.066045,0.766816,-0.824395
49,0.438817,0.291726,0.111613,0.704475,1.235320,2.174672,0.798998
49,0.319922,0.341667,0.013975,1.000000,0.999928,0.000000,-0.894451
49,0.326842,0.271656,0.061825,0.784740,1.151861,0.423149,-0.974622
49,0.404687,0.234375,0.000000,0.000000,0.000000,0.000000,0.000000
49,0.467566,0.266194,0.019641,1.000000,0.999936,0.000177,0.948726
49,0.765960,0.315513,0.168463,1.000000,0.999994,0.000000,0.530003
49,0.622769,0.230743,0.052530,1.000000,0.999981,0.000000,-0.514512
49,0.581250,0.297462,0.015959,1.000000,1.000044,0.000000,1.000000
49,0.905469,0.192708,0.006354,0.999999,6353.853027,0.000000,0.000000
49,0.789844,0.150000,0.000000,0.000000,0.000000,0.000000,0.000000
49,0.950109,0.021163,0.073812,1.000000,1.000066,0.000046,-0.514483
49,0.519531,0.031250,0.000000,0.000000,0.000000,0.000000,0.000000
49,0.247969,0.263542,0.466475,1.000000,0.999996,0.000003,-0.857494
49,0.311914,0.192448,0.088235,1.000000,0.817396,0.430692,0.000000
49,0.994531,0.350000,0.000000,0.000000,0.000000,0.000000,0.000000
49,0.863281,0.797917,1.334066,0.954574,0.558972,0.304505,0.976382
49,0.912220,0.984375,0.002455,1.000000,1.002361,0.000000,0.000000
49,0.136562,0.230417,0.932634,1.000000,1.355586,0.211377,-0.959365
49,0.808619,0.793112,0.331483,0.958705,0.853376,0.147961,-0.973417
49,0.435714,0.285367,0.753856,0.707286,0.931234,0.135252,-0.347315
49,0.707812,0.137500,0.796079,0.991022,1.089444,0.063162,0.976803
49,0.924645,0.947301,0.298292,1.000000,0.984370,0.075941,-0.957826
49,0.275092,0.986458,1.565784,0.975010,2.661831,0.763449,-0.691417
50,0.103125,0.241667,0.000000,0.000000,0.000000,0.000000,0.000000
50,0.115625,0.525149,0.142856,1.000000,0.999993,0.000000,-1.000000
50,0.173438,0.318750,0.000000,0.000000,0.000000,0.000000,0.000000
50,0.195611,0.729381,0.004460,0.999996,0.999777,0.000000,-0.316285
50,0.349479,0.646875,0.061913,1.000000,1.000003,0.000051,-0.351171
50,0.574330,0.184896,0.256436,1.000000,0.778803,0.328114,0.928476
50,0.476322,0.704984,0.089705,1.000000,0.999989,0.000000,-0.514496
50,0.453337,0.421840,0.159897,1.000000,0.999982,0.000018,-0.848003
50,0.839601,0.851329,0.294115,1.000000,1.353980,2.148545,0.800007
50,0.715625,0.827083,0.000000,0.000000,0.000000,0.000000,0.000000
50,0.822578,0.552604,0.053763,1.000000,0.999981,0.000000,-0.581250
50,0.925000,0.741667,0.000000,0.000000,0.000000,0.000000,0.000000
50,0.939531,0.890000,0.077138,1.000000,0.999956,0.000031,-0.707107
50,0.602344,0.423573,0.009917,1.000000,0.999728,0.000000,-1.000000
50,0.634375,0.761806,0.182108,1.000000,0.280578,0.039192,0.196105
50,0.519922,0.688411,0.057168,1.000000,0.999899,0.000009,-0.780869
50,0.425641,0.539276,0.031713,0.940903,0.730698,0.274283,-0.029319
50,0.441406,0.449768,0.024792,1.000000,0.999891,0.000000,1.000000
50,0.436914,0.289844,0.206599,0.645410,2.337372,2.545815,-0.188486
50,0.320762,0.339427,0.013975,1.000000,0.999928,0.000000,-0.894451
50,0.333810,0.266002,0.053881,1.000000,0.999946,0.000000,-0.447214
50,0.404687,0.234375,0.000000,0.000000,0.000000,0.000000,0.000000
50,0.466655,0.270546,0.029877,1.000000,0.999967,0.000000,0.970142
50,0.784567,0.342885,0.263148,0.958733,0.944600,0.059245,0.850859
50,0.629246,0.225815,0.064816,1.000000,0.999985,0.000000,-0.447203
50,0.581250,0.300321,0.015957,1.000000,0.999937,0.000000,1.000000
50,0.906152,0.192253,0.006353,0.999999,0.999843,0.000000,-0.447107
50,0.789844,0.150000,0.000000,0.000000,0.000000,0.000000,0.000000
50,0.957236,0.014532,0.033795,1.000000,0.999970,0.000000,-0.970173
50,0.519531,0.031250,0.000000,0.000000,0.000000,0.000000,0.000000
50,0.293791,0.263322,0.400195,1.000000,1.363011,1.382387,0.624695
50,0.313447,0.191225,0.135519,1.000000,0.999987,0.000011,-0.894432
50,0.994531,0.350000,0.000000,0.000000,0.000000,0.000000,0.000000
50,0.898438,0.971528,0.548191,0.968469,0.633529,0.267216,0.770554
50,0.912550,0.984375,0.002448,1.000000,0.999592,0.000000,0.000000
50,0.143750,0.077083,0.950625,0.999014,0.978184,0.014046,-0.526489
50,0.792188,0.751042,0.574970,1.000000,0.999998,0.000000,-0.966234
50,0.455842,0.377491,0.228626,0.988826,0.350560,0.220213,0.410762
50,0.664062,0.369271,1.583819,0.994773,1.155871,0.021025,0.999974
50,0.915885,0.901736,0.495466,0.688572,1.063578,0.567808,-0.858048
50,0.125300,0.945513,0.559482,1.000000,0.696904,0.222910,0.658505
50,0.020871,0.264137,1.793817,1.000000,1.435638,0.192396,-0.668965
51,0.103125,0.241667,0.000000,0.000000,0.000000,0.000000,0.000000
51,0.115625,0.496875,0.149522,0.832514,0.747603,0.307397,-0.953124
51,0.176563,0.313324,0.023254,1.000000,0.999957,0.000000,1.000000
51,0.196689,0.729960,0.044895,1.000000,0.999978,0.000000,0.707097
51,0.354543,0.644840,0.031718,1.000000,1.000046,0.000091,-0.242573
51,0.583676,0.217873,0.189767,1.000000,1.000005,0.000015,0.832045
51,0.483040,0.696673,0.035007,1.000000,0.999971,0.000000,-0.554723
51,0.460377,0.378446,0.352389,1.000000,1.098037,0.304614,-0.843662
51,0.832339,0.869601,0.022269,0.999999,0.999811,0.000048,0.948622
51,0.715625,0.827083,0.000000,0.000000,0.000000,0.000000,0.000000
51,0.828389,0.547070,0.053763,1.000000,0.999981,0.000000,-0.581250
51,0.925000,0.741667,0.000000,0.000000,0.000000,0.000000,0.000000
51,0.946390,0.885839,0.048187,0.998160,0.923263,0.037596,-0.278890
51,0.602344,0.421816,0.009917,1.000000,0.999899,0.000000,-1.000000
51,0.594591,0.774840,0.395695,1.000000,0.880294,1.040996,0.668964
51,0.524748,0.680826,0.049413,1.000000,0.999980,0.000000,-0.514466
51,0.428781,0.538104,0.022360,1.000000,0.999955,0.000000,-0.447214
51,0.441120,0.452743,0.012974,0.999999,0.999831,0.000277,-0.707237
51,0.403385,0.284722,0.248452,1.000000,0.999996,0.000000,0.894427
51,0.321592,0.337214,0.013975,1.000000,0.999928,0.000000,-0.894451
51,0.334487,0.259524,0.075762,1.000000,0.999987,0.000000,-0.707101
51,0.404687,0.234375,0.000000,0.000000,0.000000,0.000000,0.000000
51,0.465693,0.275679,0.009174,1.000000,0.399233,0.212614,1.000000
51,0.802236,0.348276,0.185697,1.000000,1.000008,0.000034,0.928469
51,0.634893,0.220318,0.040512,1.000000,0.999946,0.000081,-0.832063
51,0.581250,0.301483,0.009009,1.000000,0.999889,0.000000,-1.000000
51,0.906907,0.191750,0.006347,1.000000,0.998887,0.000478,-0.447534
51,0.789844,0.150000,0.000000,0.000000,0.000000,0.000000,0.000000
51,0.519531,0.031250,0.000000,0.000000,0.000000,0.000000,0.000000
51,0.278203,0.307187,0.180277,1.000000,0.729526,0.716537,0.554707
51,0.314399,0.180512,0.053296,0.702181,1.331403,0.633093,-0.951921
51,0.994531,0.350000,0.000000,0.000000,0.000000,0.000000,0.000000
51,0.912875,0.984375,0.002448,1.000000,0.996832,0.000000,0.000000
51,0.260938,0.028125,0.904359,0.982427,1.054068,0.365938,0.990053
51,0.769580,0.685026,0.515388,1.000000,1.522035,0.411370,-0.970142
51,0.390625,0.392708,1.039345,0.975416,1.039344,0.165149,-0.164399
51,0.638125,0.623333,1.466708,1.000000,0.969122,0.277879,0.978234
51,0.890865,0.873718,0.121625,1.000000,0.999939,0.000018,-0.316236
51,0.180895,0.070928,1.612547,1.000000,1.025767,0.025589,-0.740719
51,0.286719,0.034375,1.467274,1.000000,0.504533,0.047010,-0.278810
52,0.103125,0.241667,0.000000,0.000000,0.000000,0.000000,0.000000
52,0.123992,0.484106,0.196219,1.000000,0.999994,0.000004,-0.986394
52,0.177879,0.312827,0.081425,0.997166,4.029922,0.451339,-0.327937
52,0.204531,0.730972,0.105410,1.000000,0.999991,0.000000,-0.316213
52,0.361388,0.642728,0.137672,1.000000,1.000005,0.000003,-0.209526
52,0.590885,0.253472,0.221461,1.000000,0.999995,0.000000,0.752577
52,0.486908,0.693234,0.094555,1.000000,2.701139,0.000081,-0.554700
52,0.478666,0.329688,0.252941,1.000000,0.999996,0.000000,-0.988371
52,0.831404,0.873342,0.205977,0.997645,9.248595,0.306359,0.999884
52,0.715625,0.827083,0.000000,0.000000,0.000000,0.000000,0.000000
52,0.829687,0.537500,0.000000,0.000000,0.000000,0.000000,0.000000
52,0.925000,0.741667,0.000000,0.000000,0.000000,0.000000,0.000000
52,0.951679,0.883271,0.040188,1.000000,0.999975,0.000000,-0.371420
52,0.602344,0.420060,0.010634,0.755985,1.072212,1.146961,-0.411259
52,0.558750,0.777083,0.367823,0.984209,0.613038,0.381197,-0.372032
52,0.530376,0.676324,0.049413,1.000000,0.999945,0.000059,-0.514466
52,0.429688,0.534945,0.021898,1.000000,0.999954,0.000000,-1.000000
52,0.439901,0.451118,0.000000,0.000000,0.000000,0.000000,0.000000
52,0.403906,0.275309,0.200002,1.000000,1.029663,0.092329,0.000000
52,0.322422,0.335000,0.013975,1.000000,0.999928,0.000000,-0.894451
52,0.331476,0.244819,0.050902,0.882434,0.547089,1.028930,-0.631703
52,0.404687,0.234375,0.000000,0.000000,0.000000,0.000000,0.000000
52,0.465625,0.277552,0.009174,1.000000,0.999891,0.000000,1.000000
52,0.819330,0.358333,0.188654,1.000000,0.901379,0.066340,-0.110432
52,0.637003,0.214394,0.033877,1.000000,0.999881,0.000045,-0.447234
52,0.581250,0.299887,0.009008,1.000000,0.999701,0.000000,-1.000000
52,0.907662,0.191246,0.006354,0.999999,0.999902,0.000119,-0.447214
52,0.789844,0.150000,0.000000,0.000000,0.000000,0.000000,0.000000
52,0.519531,0.031250,0.000000,0.000000,0.000000,0.000000,0.000000
52,0.281352,0.348143,0.605581,1.000000,1.064352,0.259569,0.933346
52,0.324251,0.175285,0.175451,1.000000,1.315391,0.426311,-0.970142
52,0.994531,0.350000,0.000000,0.000000,0.000000,0.000000,0.000000
52,0.913201,0.984375,0.002455,1.000000,1.002361,0.000000,0.000000
52,0.280859,0.195833,1.368422,1.000000,1.371071,0.027852,1.000000
52,0.750272,0.629665,0.278401,1.000000,0.872136,0.368862,-0.624698
52,0.314873,0.408758,1.163532,1.000000,1.057172,0.014200,0.278059
52,0.693139,0.883605,1.480123,0.966000,0.914747,0.209048,0.947086
52,0.852060,0.867519,0.442440,0.924159,0.964834,0.333357,0.199461
52,0.308594,0.054297,1.041260,0.977475,0.886730,0.163417,0.962037
53,0.103125,0.241667,0.000000,0.000000,0.000000,0.000000,0.000000
53,0.134082,0.470964,0.197642,1.000000,0.999995,0.000000,-0.948683
53,0.187500,0.308333,0.000000,0.000000,0.000000,0.000000,0.000000
53,0.213522,0.738381,0.463138,1.000000,0.999995,0.000003,0.747410
53,0.371546,0.641557,0.158581,1.000000,2.060223,0.000034,-0.242541
53,0.584903,0.268243,0.000000,0.000000,0.000000,0.000000,0.000000
53,0.495243,0.684468,0.157135,1.000000,1.071438,0.000000,-0.707107
53,0.489648,0.277431,0.319438,1.000000,0.940208,0.061053,-0.894428
53,0.837941,0.887473,0.248452,1.000000,1.799351,1.487673,-0.894427
53,0.715625,0.827083,0.000000,0.000000,0.000000,0.000000,0.000000
53,0.829687,0.537500,0.000000,0.000000,0.000000,0.000000,0.000000
53,0.925000,0.741667,0.000000,0.000000,0.000000,0.000000,0.000000
53,0.955469,0.881250,0.000000,0.000000,0.000000,0.000000,0.000000
53,0.603597,0.419792,0.905575,0.994609,82.394562,1.042233,-0.863532
53,0.532645,0.752009,0.208249,1.000000,1.000004,0.000014,0.514498
53,0.538281,0.664583,0.000000,0.000000,0.000000,0.000000,0.000000
53,0.430339,0.530382,0.117851,1.000000,0.999992,0.000000,-0.707107
53,0.439844,0.451042,0.000000,0.000000,0.000000,0.000000,0.000000
53,0.424219,0.279167,0.598352,1.000000,2.991764,1.951303,0.928477
53,0.322656,0.334375,0.000000,0.000000,0.000000,0.000000,0.000000
53,0.332569,0.234606,0.119670,1.000000,0.999986,0.000013,-0.928479
53,0.404687,0.234375,0.000000,0.000000,0.000000,0.000000,0.000000
53,0.468125,0.278125,0.346032,1.000000,12.110779,0.000000,0.000000
53,0.838361,0.367735,0.105723,1.000000,0.999991,0.000000,0.242536
53,0.639844,0.212500,0.000000,0.000000,0.000000,0.000000,0.000000
53,0.581250,0.298273,0.009009,1.000000,0.999889,0.000000,-1.000000
53,0.908425,0.190737,0.006353,0.999999,0.999843,0.000000,-0.447107
53,0.789844,0.150000,0.000000,0.000000,0.000000,0.000000,0.000000
53,0.519531,0.031250,0.000000,0.000000,0.000000,0.000000,0.000000
53,0.306889,0.383902,0.547345,1.000000,1.000000,0.000002,-0.747411
53,0.333954,0.151522,0.054393,1.000000,0.999982,0.000000,-0.707099
53,0.994531,0.350000,0.000000,0.000000,0.000000,0.000000,0.000000
53,0.913281,0.984375,0.000000,0.000000,0.000000,0.000000,0.000000
53,0.256953,0.381771,0.930054,1.000000,0.999999,0.000000,0.806405
53,0.735887,0.575101,0.438758,1.000000,0.999998,0.000000,0.294084
53,0.242923,0.523468,1.309973,0.869297,1.381098,0.966605,0.665787
53,0.830156,0.885208,0.447214,1.000000,0.999998,0.000000,0.894429
53,0.937109,0.953646,0.572394,0.960828,0.785317,0.244979,-0.707107
53,0.872656,0.267500,2.939424,0.492856,1.515917,0.100661,-0.536875
53,0.288898,0.224123,1.143543,1.000000,1.248926,0.036113,0.941742
54,0.827344,0.123958,0.061492,1.000000,1.000062,0.000078,0.707059
55,0.281250,0.803125,2.549510,1.000000,1.009407,0.684295,-0.196116
55,0.846094,0.741667,2.404149,0.558913,1.530010,0.145118,0.992278
55,0.830179,0.121026,0.027606,1.000000,0.999957,0.000014,-0.447201
56,0.254090,0.595466,2.561249,1.000000,0.988553,0.850632,0.780869
56,0.754733,0.850980,1.526436,1.000000,0.906193,0.762749,-0.851658
56,0.831017,0.119792,0.017544,1.000000,0.999943,0.000000,0.000000
56,0.956664,0.145343,2.102380,1.000000,0.968792,0.620552,0.998868
57,0.197656,0.778819,2.193172,1.000000,0.949053,0.370125,-0.683941
57,0.780990,0.894792,1.421267,1.000000,0.929055,0.173341,-0.633238
57,0.830666,0.123958,0.003323,1.000000,0.999699,0.000000,0.000000
57,0.888281,0.432639,2.184035,1.000000,1.088245,0.448343,0.274721
58,0.313281,0.612500,2.371092,0.934462,1.113908,0.582836,0.997373
58,0.839844,0.816667,2.456333,0.642157,1.218812,0.500725,0.766052
58,0.831113,0.123958,0.003323,1.000000,1.001743,0.000000,0.000000
58,0.888281,0.331250,2.239142,0.818439,1.063199,0.773661,0.980190
59,0.178516,0.684375,2.545538,0.938325,1.029784,0.574995,-0.849736
59,0.778125,0.740625,1.731184,0.970074,0.867908,0.566377,-0.749838
59,0.831554,0.123958,0.003316,1.000000,0.997659,0.000000,0.000000
59,0.797656,0.345833,2.641409,0.804631,0.971400,0.583995,-0.383377
60,0.348698,0.697917,2.147280,0.984516,1.017368,0.342208,0.830429
60,0.624219,0.697917,2.506329,0.664510,1.062840,0.048871,-0.947341
60,0.831995,0.123958,0.006317,0.999996,1.584503,1.799888,0.706704
60,0.864844,0.504167,2.612798,0.818662,0.715208,1.142631,0.072723
61,0.182969,0.616250,2.316906,1.000000,1.088460,0.289006,-0.791285
61,0.745781,0.596667,2.655588,0.994537,1.227739,1.554186,0.925547
61,0.831480,0.124693,0.006312,0.999998,0.999128,0.000807,0.707275
61,0.802770,0.527462,2.163501,0.845321,0.817468,0.072379,-0.419758
62,0.385379,0.634524,2.317744,0.987560,1.027243,0.002607,0.950061
62,0.909766,0.741667,2.619748,0.913417,1.443616,1.438115,0.998314
62,0.830887,0.125484,0.006312,0.999998,0.999081,0.000759,0.707241
63,0.138281,0.383594,2.349376,0.975403,0.995093,0.574977,0.711136
63,0.352344,0.639638,0.052629,1.000000,0.999917,0.000000,1.000000
63,0.757401,0.615515,1.110512,0.987026,0.962065,0.177727,-0.838962
63,0.017969,0.297917,0.000000,0.000000,0.000000,0.000000,0.000000
64,0.076563,0.520833,2.062642,0.984777,1.011233,0.742332,-0.973680
64,0.353607,0.648161,0.230862,0.867716,4.852570,0.939980,0.166391
64,0.740625,0.405208,1.618098,0.996016,0.976297,0.027735,-0.207593
64,0.017969,0.297917,0.000000,0.000000,0.000000,0.000000,0.000000
65,0.190625,0.533333,2.040316,0.994424,1.131763,0.214276,0.365087
65,0.359133,0.658657,0.048765,1.000000,0.999955,0.000074,-0.707089
65,0.593750,0.498958,1.552157,0.996405,1.095639,0.168430,0.985849
65,0.017969,0.297917,0.000000,0.000000,0.000000,0.000000,0.000000
66,0.090767,0.380871,2.194581,0.985070,1.104590,0.684180,0.101652
66,0.362961,0.650561,0.155968,1.000000,0.999994,0.000000,-0.986393
66,0.706534,0.639110,1.393786,0.999366,0.875986,0.141707,-0.495679
66,0.017969,0.297917,0.000000,0.000000,0.000000,0.000000,0.000000
67,0.136875,0.544375,2.131401,0.963114,0.978103,0.330695,-0.617049
67,0.356489,0.634616,0.052269,1.000000,0.999960,0.000062,0.316189
67,0.774219,0.461250,1.341885,0.996507,0.978370,0.211724,-0.634700
67,0.017969,0.297917,0.000000,0.000000,0.000000,0.000000,0.000000
68,0.197356,0.372917,2.088927,0.965671,0.987006,0.620394,0.979662
68,0.349826,0.637577,0.052269,1.000000,1.000012,0.000010,0.316189
68,0.630699,0.441115,1.258978,0.985121,0.981485,0.246793,0.962005
68,0.017969,0.297917,0.000000,0.000000,0.000000,0.000000,0.000000
69,0.092188,0.459896,2.161051,1.000000,0.987953,0.903053,-0.829072
69,0.347070,0.645312,0.093170,1.000000,0.999989,0.000000,0.894427
69,0.677885,0.613542,1.193152,1.000000,0.816367,0.211093,-0.209529
69,0.017969,0.297917,0.000000,0.000000,0.000000,0.000000,0.000000
70,0.230122,0.443866,2.010829,0.954918,1.076733,0.455253,0.552472
70,0.351289,0.652422,0.028485,1.000000,0.999965,0.000000,0.447237
70,0.788715,0.468981,1.365687,0.987258,1.009476,0.228231,-0.845675
70,0.017969,0.297917,0.000000,0.000000,0.000000,0.000000,0.000000
71,0.147236,0.337340,1.881065,0.992875,0.971027,0.161140,0.140232
71,0.354712,0.654704,0.028485,1.000000,0.999965,0.000000,0.447237
71,0.644196,0.355804,1.284300,0.980608,1.021573,0.199035,0.588172
71,0.017969,0.297917,0.000000,0.000000,0.000000,0.000000,0.000000
108,0.184375,0.166667,0.018433,1.000000,0.999900,0.000000,0.000000
108,0.258594,0.098958,0.004606,0.999999,0.999783,0.000000,-0.707153
108,0.206250,0.242708,0.048544,1.000000,0.999979,0.000000,-0.600000
108,0.647656,0.276042,0.087841,1.000000,0.999989,0.000000,-0.316228
108,0.770312,0.373958,0.064282,1.000000,0.999984,0.000000,-0.707107
108,0.894531,0.455208,2.137822,0.879344,1.258717,0.559791,-0.945687
108,0.797656,0.279167,0.000000,0.000000,0.000000,0.000000,0.000000
108,0.970312,0.156250,0.005027,0.999996,0.999801,0.000000,-0.447079
108,0.814844,0.115625,0.027464,1.000000,1.000127,0.000185,0.707006
108,0.768750,0.177083,0.019416,1.000000,0.999949,0.000000,0.000000
108,0.239844,0.656250,0.019229,1.000000,0.999948,0.000000,1.000000
108,0.216406,0.981250,0.016747,1.000000,0.999940,0.000000,-1.000000
108,0.210156,0.637500,0.051508,1.000000,0.999981,0.000000,-0.554700
108,0.080469,0.031250,0.009700,1.000000,0.999897,0.000000,-0.316228
108,0.496094,0.263542,0.000000,0.000000,0.000000,0.000000,0.000000
108,0.430469,0.353125,0.006714,1.000000,0.999851,0.000000,-0.447214
108,0.053906,0.406250,0.000000,0.000000,0.000000,0.000000,0.000000
109,0.181927,0.166667,0.018433,1.000000,0.999946,0.000000,0.000000
109,0.258161,0.098382,0.004606,0.999999,0.999783,0.000000,-0.707153
109,0.126496,0.100044,0.095152,1.000000,0.999999,0.000000,0.447214
109,0.201092,0.237551,0.048077,0.968867,0.990370,0.078902,-0.535065
109,0.642969,0.273958,0.000000,0.000000,0.000000,0.000000,0.000000
109,0.561719,0.852604,1.869948,0.873395,1.280350,0.387458,-0.873086
109,0.756641,0.843750,2.680442,0.555800,1.080961,2.062010,0.571792
109,0.775162,0.363111,0.038554,1.000000,1.000013,0.000079,-0.894418
109,0.921406,0.248958,0.749727,0.583681,0.666829,0.744356,-0.558600
109,0.797656,0.279167,0.000000,0.000000,0.000000,0.000000,0.000000
109,0.970909,0.155852,0.005027,0.999996,0.999801,0.000000,-0.447079
109,0.812265,0.119064,0.025263,0.942563,0.919995,0.025397,0.688946
109,0.766171,0.177083,0.018160,0.967231,0.935107,0.048666,-0.048647
109,0.239583,0.658217,0.005331,0.999998,0.999510,0.000100,-0.316132
109,0.216406,0.978285,0.016747,1.000000,0.999940,0.000000,-1.000000
109,0.204069,0.633333,0.059701,1.000000,0.999983,0.000000,0.000000
109,0.364258,0.926302,1.495702,0.730887,1.606216,1.668277,-0.447213
109,0.081691,0.030707,0.009700,1.000000,0.999855,0.000014,-0.316228
109,0.496094,0.263542,0.000000,0.000000,0.000000,0.000000,0.000000
109,0.429671,0.352593,0.006718,1.000000,0.999851,0.000000,-0.447214
109,0.053906,0.406250,0.000000,0.000000,0.000000,0.000000,0.000000
110,0.179479,0.166667,0.018433,1.000000,0.999992,0.000000,0.000000
110,0.257729,0.097805,0.004606,0.999999,0.999523,0.000260,-0.707153
110,0.078125,0.162500,3.263510,0.895624,5.874307,1.723446,0.988372
110,0.195448,0.237672,0.044339,1.000000,0.999981,0.000019,0.196120
110,0.642969,0.273958,0.000000,0.000000,0.000000,0.000000,0.000000
110,0.618973,0.595238,2.086191,0.479101,0.938856,0.344266,-0.984623
110,0.800260,0.971528,0.777778,1.000000,0.601231,2.582999,0.000000
110,0.782996,0.352880,0.041595,1.000000,0.999976,0.000000,-0.707107
110,0.913496,0.238664,0.319191,1.000000,0.999997,0.000000,-0.737156
110,0.797656,0.279167,0.000000,0.000000,0.000000,0.000000,0.000000
110,0.971506,0.155454,0.005027,0.999996,0.999801,0.000000,-0.447079
110,0.811719,0.118718,0.007692,1.000000,0.999870,0.000000,-1.000000
110,0.765357,0.176010,0.008108,1.000000,0.999645,0.000364,-0.948704
110,0.238911,0.657919,0.005332,0.999997,0.999610,0.000603,-0.316037
110,0.216406,0.975319,0.016747,1.000000,0.999940,0.000000,-1.000000
110,0.198870,0.632869,0.009556,0.999999,0.999895,0.000000,-0.707196
110,0.343750,0.976736,0.000000,0.000000,0.000000,0.000000,0.000000
110,0.082913,0.030164,0.009701,1.000000,0.999938,0.000014,-0.316224
110,0.447656,0.887847,3.928694,0.597485,1.227177,1.926010,-0.491946
110,0.496094,0.263542,0.000000,0.000000,0.000000,0.000000,0.000000
110,0.428873,0.352061,0.006714,1.000000,0.999851,0.000000,-0.447214
110,0.053906,0.406250,0.000000,0.000000,0.000000,0.000000,0.000000
111,0.177135,0.165787,0.020030,1.000000,0.999915,0.000023,-0.554710
111,0.257296,0.097228,0.004606,0.999999,0.999523,0.000260,-0.707153
111,0.191117,0.239969,0.026190,1.000000,1.000008,0.000000,0.707107
111,0.642969,0.273958,0.000000,0.000000,0.000000,0.000000,0.000000
111,0.613542,0.370833,1.853025,0.999982,0.711472,0.474242,-0.923431
111,0.787988,0.343490,1.180845,0.940600,8.449379,0.146668,-0.819467
111,0.869531,0.152431,0.109071,1.000000,0.351699,0.217271,0.447238
111,0.797656,0.279167,0.000000,0.000000,0.000000,0.000000,0.000000
111,0.972103,0.155056,0.005021,0.999996,0.998595,0.000604,-0.447619
111,0.811719,0.117356,0.007692,1.000000,0.999870,0.000000,-1.000000
111,0.765016,0.174647,0.008109,0.999999,0.999911,0.000430,-0.948579
111,0.238239,0.657620,0.005332,0.999997,0.999611,0.000603,-0.316037
111,0.216406,0.973958,0.000000,0.000000,0.000000,0.000000,0.000000
111,0.197973,0.631672,0.009556,1.000000,1.000083,0.000314,-0.707196
111,0.084135,0.029620,0.009700,1.000000,0.999893,0.000010,-0.316228
111,0.523438,0.669792,3.697591,0.905470,0.922064,2.919453,0.993231
111,0.753125,0.879487,3.140858,0.842975,1.521590,0.114359,0.049309
111,0.496094,0.263542,0.000000,0.000000,0.000000,0.000000,0.000000
111,0.428076,0.351530,0.006718,1.000000,1.000416,0.000000,-0.447214
111,0.053906,0.406250,0.000000,0.000000,0.000000,0.000000,0.000000
112,0.176803,0.163221,0.027197,1.000000,1.000007,0.000000,-0.707107
112,0.256616,0.096322,0.011049,1.000000,0.999910,0.000000,-0.707107
112,0.188813,0.253125,0.022831,1.000000,0.999956,0.000000,0.000000
112,0.642969,0.273958,0.000000,0.000000,0.000000,0.000000,0.000000
112,0.424479,0.172222,1.932754,1.000000,1.059073,1.745692,0.658504
112,0.882031,0.300000,1.374904,1.000000,0.955220,0.981543,-0.316227
112,0.878635,0.170154,0.040991,1.000000,0.999976,0.000000,0.707117
112,0.797656,0.279167,0.000000,0.000000,0.000000,0.000000,0.000000
112,0.972707,0.154654,0.005027,0.999996,0.999801,0.000000,-0.447079
112,0.811719,0.115978,0.007693,1.000000,0.999870,0.000000,-1.000000
112,0.764671,0.173269,0.008108,1.000000,0.999877,0.000000,-0.948704
112,0.237559,0.657318,0.005332,0.999997,0.999813,0.000000,-0.316037
112,0.216406,0.973958,0.000000,0.000000,0.000000,0.000000,0.000000
112,0.194212,0.625203,0.023853,1.000000,0.999958,0.000000,-0.496124
112,0.085156,0.029167,0.000000,0.000000,0.000000,0.000000,0.000000
112,0.532344,0.923125,2.783594,0.991503,0.845277,2.754277,-0.644136
112,0.859375,0.732813,3.022332,0.475878,1.089818,1.438486,0.566529
112,0.862500,0.944271,1.802300,0.864072,0.710890,0.947664,-0.903738
112,0.192969,0.145833,2.193068,0.765892,0.570237,2.379342,0.304296
112,0.496094,0.263542,0.000000,0.000000,0.000000,0.000000,0.000000
112,0.427269,0.350992,0.006718,1.000000,0.999851,0.000000,-0.447214
112,0.053906,0.406250,0.000000,0.000000,0.000000,0.000000,0.000000
113,0.179357,0.159816,0.027197,1.000000,0.999963,0.000000,-0.707107
113,0.255579,0.094938,0.016136,1.000000,1.460335,0.587951,-0.980571
113,0.185781,0.253125,0.022831,1.000000,0.999956,0.000000,0.000000
113,0.642969,0.273958,0.000000,0.000000,0.000000,0.000000,0.000000
113,0.239063,0.056667,1.802673,0.899983,1.311299,0.752618,0.013697
113,0.885807,0.170139,1.555556,0.714286,0.854806,1.466805,-0.600000
113,0.797656,0.279167,0.000000,0.000000,0.000000,0.000000,0.000000
113,0.973304,0.154256,0.005027,0.999996,0.999801,0.000000,-0.447079
113,0.811719,0.114615,0.007692,1.000000,0.999870,0.000000,-1.000000
113,0.764331,0.171907,0.008108,1.000000,0.999877,0.000000,-0.948704
113,0.236887,0.657019,0.005332,0.999998,0.999610,0.000603,-0.316037
113,0.216406,0.973958,0.000000,0.000000,0.000000,0.000000,0.000000
113,0.191462,0.623108,0.023852,1.000000,0.999958,0.000000,-0.496139
113,0.085156,0.029167,0.000000,0.000000,0.000000,0.000000,0.000000
113,0.896094,0.816667,1.980082,0.519791,1.174248,0.755018,-0.654930
113,0.142188,0.148438,3.280105,0.595696,1.100331,1.010933,0.619829
113,0.390781,0.971667,0.527756,0.944507,1.235381,0.308135,-0.618559
113,0.904688,0.044792,3.959979,0.577760,1.057879,0.301551,0.990712
113,0.496094,0.263542,0.000000,0.000000,0.000000,0.000000,0.000000
113,0.426471,0.350460,0.006714,1.000000,0.999851,0.000000,-0.447214
113,0.053906,0.406250,0.000000,0.000000,0.000000,0.000000,0.000000
114,0.176623,0.155769,0.057335,1.000000,0.999976,0.000013,-0.447208
114,0.255093,0.092286,0.016136,1.000000,0.999938,0.000000,-0.980592
114,0.182748,0.253125,0.022831,1.000000,0.999956,0.000000,0.000000
114,0.642969,0.273958,0.000000,0.000000,0.000000,0.000000,0.000000
114,0.926850,0.068914,0.182694,1.000000,0.444441,0.000006,0.768227
114,0.797656,0.279167,0.000000,0.000000,0.000000,0.000000,0.000000
114,0.973437,0.154167,0.000000,0.000000,0.000000,0.000000,0.000000
114,0.811719,0.113542,0.000000,0.000000,0.000000,0.000000,0.000000
114,0.764063,0.170833,0.000000,0.000000,0.000000,0.000000,0.000000
114,0.236215,0.656721,0.005332,0.999997,0.999912,0.000704,-0.316037
114,0.216406,0.973958,0.000000,0.000000,0.000000,0.000000,0.000000
114,0.188711,0.621012,0.023852,1.000000,0.999958,0.000000,-0.496139
114,0.085156,0.029167,0.000000,0.000000,0.000000,0.000000,0.000000
114,0.921317,0.688542,1.637010,0.410065,1.051093,1.104790,-0.413803
114,0.199740,0.214931,3.437831,0.870246,0.889374,1.010438,-0.519947
114,0.432422,0.980729,1.295218,0.832299,2.840019,1.797746,-0.887994
114,0.957292,0.107292,2.555556,0.478261,0.899416,1.012196,-1.000000
114,0.496094,0.263542,0.000000,0.000000,0.000000,0.000000,0.000000
114,0.425673,0.349928,0.006718,1.000000,1.000416,0.000000,-0.447214
114,0.053906,0.406250,0.000000,0.000000,0.000000,0.000000,0.000000
115,0.170110,0.151646,0.039041,1.000000,0.999995,0.000007,-0.316215
115,0.254668,0.089451,0.016136,1.000000,0.999959,0.000103,-0.980572
115,0.177083,0.251736,0.062471,1.000000,0.999981,0.000013,-0.242529
115,0.642969,0.273958,0.000000,0.000000,0.000000,0.000000,0.000000
115,0.921094,0.078125,0.000000,0.000000,0.000000,0.000000,0.000000
115,0.797656,0.279167,0.000000,0.000000,0.000000,0.000000,0.000000
115,0.973437,0.154167,0.000000,0.000000,0.000000,0.000000,0.000000
115,0.811719,0.113542,0.000000,0.000000,0.000000,0.000000,0.000000
115,0.764063,0.170833,0.000000,0.000000,0.000000,0.000000,0.000000
115,0.235536,0.656419,0.005334,0.999996,1.000015,0.000603,-0.316609
115,0.216406,0.973958,0.000000,0.000000,0.000000,0.000000,0.000000
115,0.185928,0.618892,0.023852,1.000000,0.999958,0.000000,-0.496139
115,0.085156,0.029167,0.000000,0.000000,0.000000,0.000000,0.000000
115,0.964219,0.615833,1.760376,0.473647,0.901876,0.867965,-0.499722
115,0.377552,0.909583,0.602079,1.000000,0.954490,0.761262,-0.747408
115,0.496094,0.263542,0.000000,0.000000,0.000000,0.000000,0.000000
115,0.424866,0.349390,0.006714,1.000000,0.999287,0.000000,-0.447214
115,0.053906,0.406250,0.000000,0.000000,0.000000,0.000000,0.000000
116,0.164948,0.149514,0.045812,1.000000,0.999974,0.000018,-0.242531
116,0.254247,0.086650,0.016136,1.000000,0.999938,0.000000,-0.980592
116,0.169034,0.249053,0.062471,1.000000,0.999981,0.000013,-0.242529
116,0.642969,0.273958,0.000000,0.000000,0.000000,0.000000,0.000000
116,0.921094,0.078125,0.000000,0.000000,0.000000,0.000000,0.000000
116,0.797656,0.279167,0.000000,0.000000,0.000000,0.000000,0.000000
116,0.973437,0.154167,0.000000,0.000000,0.000000,0.000000,0.000000
116,0.811719,0.113542,0.000000,0.000000,0.000000,0.000000,0.000000
116,0.764063,0.170833,0.000000,0.000000,0.000000,0.000000,0.000000
116,0.235156,0.656250,0.000000,0.000000,0.000000,0.000000,0.000000
116,0.216406,0.973958,0.000000,0.000000,0.000000,0.000000,0.000000
116,0.184375,0.617708,0.000000,0.000000,0.000000,0.000000,0.000000
116,0.085156,0.029167,0.000000,0.000000,0.000000,0.000000,0.000000
116,0.399951,0.860221,0.268823,1.000000,0.999996,0.000000,-0.581238
116,0.496094,0.263542,0.000000,0.000000,0.000000,0.000000,0.000000
116,0.424219,0.348958,0.000000,0.000000,0.000000,0.000000,0.000000
116,0.053906,0.406250,0.000000,0.000000,0.000000,0.000000,0.000000
117,0.092308,0.115064,1.297766,0.998870,0.919019,0.020235,0.472526
117,0.301623,0.124920,0.375369,0.357490,2.300351,2.516113,0.987241
117,0.369351,0.134455,1.093288,0.398712,1.176254,0.420092,-0.006535
117,0.110937,0.374859,0.040541,1.000000,0.999975,0.000000,-1.000000
117,0.099562,0.509756,0.148361,1.000000,1.000005,0.000001,-0.986393
117,0.356684,0.361227,1.050992,0.623546,0.412342,0.322377,-0.971043
117,0.404427,0.765393,0.865439,0.958136,0.734687,1.094544,-0.973709
117,0.374459,0.599359,1.241911,0.750303,0.836458,1.515804,0.989710
117,0.670665,0.056788,1.293831,0.837560,1.018105,0.281313,0.765140
117,0.764844,0.104673,0.054054,1.000000,0.999974,0.000000,-1.000000
117,0.770184,0.226648,0.033373,1.000000,0.999970,0.000000,-0.447234
117,0.924039,0.459054,1.883237,0.909180,1.213161,0.313831,0.406833
117,0.760394,0.589991,0.024305,1.000000,0.999959,0.000000,-0.894399
117,0.869531,0.703125,0.000000,0.000000,0.000000,0.000000,0.000000
117,0.682151,0.878606,1.812561,0.969506,1.040850,0.141518,0.780632
117,0.612727,0.865827,0.879632,0.979839,0.935302,0.088549,0.981695
117,0.677785,0.753759,0.089634,1.000000,0.999989,0.000000,0.242527
117,0.847656,0.497619,2.119172,0.756833,1.131614,2.544805,0.371788
117,0.925000,0.608333,0.000000,0.000000,0.000000,0.000000,0.000000
117,0.917969,0.227083,0.000000,0.000000,0.000000,0.000000,0.000000
117,0.913281,0.201042,0.000000,0.000000,0.000000,0.000000,0.000000
117,0.855409,0.379087,1.365554,0.996146,1.157410,0.061281,-0.923633
117,0.753906,0.480208,0.000000,0.000000,0.000000,0.000000,0.000000
117,0.116406,0.519792,1.514310,0.902152,0.789233,1.889405,-0.861735
117,0.305729,0.355903,0.094282,1.000000,0.242881,0.572965,-0.707107
118,0.241956,0.248688,1.296759,0.940571,1.019612,0.401205,0.865426
118,0.323109,0.133443,0.657943,0.460735,1.203555,1.248973,-0.689439
118,0.352941,0.173897,1.724216,0.411647,1.163628,1.303299,-0.130455
118,0.110937,0.369157,0.012195,1.000000,0.999918,0.000000,-1.000000
118,0.094416,0.493904,0.000000,0.000000,0.000000,0.000000,0.000000
118,0.340573,0.387569,0.788355,0.999364,1.296223,0.327018,-0.869686
118,0.394740,0.779375,1.015548,0.875469,1.575930,0.721973,0.583206
118,0.398802,0.665694,2.083250,0.951316,2.500874,0.994004,-0.018689
118,0.788194,0.214815,1.865742,0.359521,1.471080,1.154012,0.110432
118,0.761624,0.104141,0.062182,1.000000,0.999984,0.000000,-0.196121
118,0.772656,0.225000,0.000000,0.000000,0.000000,0.000000,0.000000
118,0.762408,0.589195,0.018711,1.000000,0.999947,0.000000,0.316228
118,0.869531,0.703125,0.000000,0.000000,0.000000,0.000000,0.000000
118,0.644844,0.912153,1.124249,0.995152,0.968502,0.049388,-0.910367
118,0.673437,0.751193,0.009464,1.000000,0.612828,0.831917,0.000000
118,0.847210,0.557738,0.381301,0.996805,0.350981,0.627262,-0.828282
118,0.925000,0.608333,0.000000,0.000000,0.000000,0.000000,0.000000
118,0.917969,0.227083,0.000000,0.000000,0.000000,0.000000,0.000000
118,0.913281,0.201042,0.000000,0.000000,0.000000,0.000000,0.000000
118,0.939062,0.187500,1.890126,0.926064,1.053033,0.322419,-0.568660
118,0.753906,0.480208,0.000000,0.000000,0.000000,0.000000,0.000000
118,0.071962,0.544637,1.617083,0.667160,1.547402,1.544074,0.772425
118,0.297475,0.342708,0.050505,1.000000,0.999980,0.000000,0.000000
118,0.952455,0.475744,2.209226,0.472099,1.178737,2.775872,-0.958798
118,0.940625,0.927361,1.686179,0.992324,1.101689,0.188450,-0.464834
119,0.350000,0.422917,1.098459,0.983019,0.529037,0.233062,0.926092
119,0.345313,0.122656,1.023575,0.962912,1.388927,1.321655,-0.912113
119,0.291211,0.231771,2.240266,0.865548,1.550903,1.349325,0.878625
119,0.110937,0.366972,0.012195,1.000000,0.999918,0.000000,-1.000000
119,0.094531,0.493750,0.000000,0.000000,0.000000,0.000000,0.000000
119,0.322656,0.309375,0.641025,0.876862,1.191301,1.302026,0.881932
119,0.369531,0.830208,1.088277,0.972804,2.720681,1.841231,-0.267150
119,0.410894,0.669734,0.064743,0.924129,1.648036,0.415921,-0.932516
119,0.898438,0.368750,2.406261,0.689056,1.071082,1.330723,0.997752
119,0.753967,0.101841,0.024513,1.000000,0.999959,0.000000,-0.948689
119,0.772656,0.225000,0.000000,0.000000,0.000000,0.000000,0.000000
119,0.764793,0.590255,0.018714,1.000000,1.000118,0.000057,0.316173
119,0.869531,0.703125,0.000000,0.000000,0.000000,0.000000,0.000000
119,0.625781,0.813542,0.192197,0.598287,0.286510,0.269178,0.743285
119,0.672195,0.751042,0.009464,1.000000,0.999894,0.000000,0.000000
119,0.767969,0.591667,1.437388,0.600326,0.921457,1.551452,0.547249
119,0.925000,0.608333,0.000000,0.000000,0.000000,0.000000,0.000000
119,0.917969,0.227083,0.000000,0.000000,0.000000,0.000000,0.000000
119,0.913281,0.201042,0.000000,0.000000,0.000000,0.000000,0.000000
119,0.753906,0.480208,0.000000,0.000000,0.000000,0.000000,0.000000
119,0.299805,0.315104,0.298602,1.000000,0.854858,0.671138,0.868241
119,0.897656,0.545833,2.032293,0.695871,1.013016,2.903588,0.707107
119,0.975781,0.750000,2.811627,0.811091,1.647769,0.999021,0.828283
120,0.440625,0.637500,1.973994,0.981630,1.731306,0.634279,0.783658
120,0.371875,0.120833,0.610285,1.000000,0.846312,1.800029,-0.351123
120,0.250000,0.286111,0.653983,0.997228,0.939601,1.187511,0.624696
120,0.110024,0.364407,0.025830,1.000000,0.999961,0.000000,-0.707107
120,0.094531,0.493750,0.000000,0.000000,0.000000,0.000000,0.000000
120,0.321441,0.354282,0.257540,1.000000,1.124322,0.737813,-0.832049
120,0.374740,0.836359,0.924128,0.986040,2.665704,1.114017,0.741777
120,0.410156,0.661444,0.027621,0.835505,1.008100,0.126998,-0.991947
120,0.754996,0.097723,0.024514,1.000000,0.999915,0.000131,-0.948690
120,0.772656,0.225000,0.000000,0.000000,0.000000,0.000000,0.000000
120,0.766042,0.610764,0.141420,1.000000,0.615804,2.083184,-0.707107
120,0.869531,0.703125,0.000000,0.000000,0.000000,0.000000,0.000000
120,0.619184,0.779051,0.389655,0.843824,0.224052,1.215216,0.985622
120,0.670938,0.751042,0.009464,1.000000,0.999894,0.000000,0.000000
120,0.690290,0.588691,2.343463,0.474987,1.687846,0.782744,-0.698740
120,0.925000,0.608333,0.000000,0.000000,0.000000,0.000000,0.000000
120,0.917969,0.227083,0.000000,0.000000,0.000000,0.000000,0.000000
120,0.913281,0.201042,0.000000,0.000000,0.000000,0.000000,0.000000
120,0.753906,0.480208,0.000000,0.000000,0.000000,0.000000,0.000000
120,0.300857,0.316767,0.091239,1.000000,0.999989,0.000000,-0.707107
120,0.811719,0.579762,0.704893,0.951950,0.374003,2.616625,-0.772727
120,0.808246,0.877315,3.334174,0.728780,1.973910,1.268013,0.182908
120,0.946094,0.437847,2.339635,0.741036,1.527190,0.382387,-0.942080
121,0.573438,0.807292,2.074102,0.959684,1.766829,0.749058,0.962916
121,0.403795,0.083482,0.989162,0.821769,2.276634,1.572403,0.986129
121,0.282422,0.396875,1.241825,0.912734,0.477880,0.886502,-0.294086
121,0.107598,0.361173,0.025830,1.000000,0.999961,0.000000,-0.707107
121,0.094531,0.493750,0.000000,0.000000,0.000000,0.000000,0.000000
121,0.330915,0.357143,0.770024,0.995836,2.614611,0.239500,-0.465745
121,0.334688,0.892500,0.962405,0.896609,3.043387,1.313474,-0.997925
121,0.407401,0.662253,0.172004,1.000000,5.845951,1.570753,-0.894431
121,0.751068,0.097789,0.015873,1.000000,0.494541,0.865257,1.000000
121,0.772656,0.225000,0.000000,0.000000,0.000000,0.000000,0.000000
121,0.779063,0.617083,0.140547,1.000000,0.507431,0.477350,-0.316221
121,0.869531,0.703125,0.000000,0.000000,0.000000,0.000000,0.000000
121,0.642578,0.743750,2.027504,0.910850,3.146800,2.026122,-0.360994
121,0.669682,0.751042,0.009464,1.000000,0.999894,0.000000,0.000000
121,0.600391,0.624219,1.880893,0.743903,0.787603,2.958491,0.411491
121,0.925000,0.608333,0.000000,0.000000,0.000000,0.000000,0.000000
121,0.917969,0.227083,0.000000,0.000000,0.000000,0.000000,0.000000
121,0.913281,0.201042,0.000000,0.000000,0.000000,0.000000,0.000000
121,0.753906,0.480208,0.000000,0.000000,0.000000,0.000000,0.000000
121,0.280078,0.245833,0.529913,0.792681,0.302931,1.433347,-0.638421
121,0.742188,0.606250,2.974248,0.893603,1.234827,1.024128,0.986913
121,0.882344,0.192708,1.817892,0.974400,1.075676,0.112200,-0.998250
121,0.713281,0.944792,3.554351,0.388044,1.267304,1.044015,-0.917801
122,0.424000,0.077333,1.035087,0.503031,1.485510,1.158387,0.640187
122,0.247236,0.467628,2.099444,0.601474,1.985678,1.649655,0.475149
122,0.105144,0.357901,0.022316,0.804707,0.863909,0.287713,-0.878690
122,0.094531,0.493750,0.000000,0.000000,0.000000,0.000000,0.000000
122,0.366183,0.324256,0.866667,1.000000,0.859684,2.147171,1.000000
122,0.313281,0.887847,0.867132,0.768818,1.295662,0.795708,0.000000
122,0.403906,0.651510,0.025001,1.000000,0.999960,0.000000,-1.000000
122,0.750781,0.100661,0.015873,1.000000,0.999964,0.000000,1.000000
122,0.772656,0.225000,0.000000,0.000000,0.000000,0.000000,0.000000
122,0.775000,0.613542,0.000000,0.000000,0.000000,0.000000,0.000000
122,0.869531,0.703125,0.000000,0.000000,0.000000,0.000000,0.000000
122,0.675000,0.719792,0.835829,0.999720,0.390969,2.057591,-0.221620
122,0.665852,0.751042,0.080644,1.000000,0.999946,0.000000,0.000000
122,0.585547,0.702604,2.944060,0.555387,1.897278,1.406726,0.974008
122,0.925000,0.608333,0.000000,0.000000,0.000000,0.000000,0.000000
122,0.917969,0.227083,0.000000,0.000000,0.000000,0.000000,0.000000
122,0.913281,0.201042,0.000000,0.000000,0.000000,0.000000,0.000000
122,0.753906,0.480208,0.000000,0.000000,0.000000,0.000000,0.000000
122,0.270312,0.211897,0.000000,0.000000,0.000000,0.000000,0.000000
122,0.703438,0.762500,2.233181,0.684064,0.949984,0.935437,0.860685
122,0.683594,0.743750,2.285702,0.623069,1.085364,0.532662,-0.754185
123,0.435122,0.055525,0.332871,1.000000,0.689776,0.704851,0.316228
123,0.214844,0.535417,1.334047,0.563762,0.985532,1.936873,0.126633
123,0.105853,0.355738,0.015289,1.000000,0.999935,0.000000,-0.707135
123,0.094531,0.493750,0.000000,0.000000,0.000000,0.000000,0.000000
123,0.402344,0.278125,1.739724,0.839594,1.559949,0.233880,-0.021735
123,0.257031,0.882292,1.206780,0.871764,0.784534,0.244576,-0.911568
123,0.403906,0.637500,0.873681,0.948396,2.735052,0.755107,-0.938670
123,0.750781,0.103472,0.015873,1.000000,0.999937,0.000000,1.000000
123,0.772656,0.225000,0.000000,0.000000,0.000000,0.000000,0.000000
123,0.775000,0.613542,0.000000,0.000000,0.000000,0.000000,0.000000
123,0.869531,0.703125,0.000000,0.000000,0.000000,0.000000,0.000000
123,0.728906,0.738542,1.299472,0.618035,0.815739,0.909756,-0.948682
123,0.645608,0.742033,0.145545,1.000000,0.999984,0.000021,-0.371387
123,0.530469,0.804167,1.492841,0.910017,0.775844,3.139759,-0.993150
123,0.925000,0.608333,0.000000,0.000000,0.000000,0.000000,0.000000
123,0.917969,0.227083,0.000000,0.000000,0.000000,0.000000,0.000000
123,0.913281,0.201042,0.000000,0.000000,0.000000,0.000000,0.000000
123,0.753906,0.480208,0.000000,0.000000,0.000000,0.000000,0.000000
123,0.270312,0.211458,0.000000,0.000000,0.000000,0.000000,0.000000
123,0.710938,0.852083,2.020457,0.363937,1.040645,2.213888,0.539667
123,0.792969,0.716667,1.406097,0.924364,0.567765,1.366403,0.146550
123,0.299219,0.091667,1.468986,0.809830,0.776482,0.198826,0.320228
124,0.476082,0.048878,0.564972,0.996025,1.223423,1.466583,-0.572103
124,0.198242,0.595573,1.864003,0.934478,3.827311,1.142335,0.936778
124,0.107289,0.353823,0.015288,1.000000,0.999935,0.000000,-0.707079
124,0.094531,0.493750,0.000000,0.000000,0.000000,0.000000,0.000000
124,0.364062,0.328125,1.399633,0.832947,1.251869,2.226232,-0.190615
124,0.215052,0.867708,1.027995,0.889225,1.018976,0.213672,-0.996711
124,0.385700,0.637953,0.137490,1.000000,0.999989,0.000027,-0.316246
124,0.742969,0.100000,0.000000,0.000000,0.000000,0.000000,0.000000
124,0.772656,0.225000,0.000000,0.000000,0.000000,0.000000,0.000000
124,0.775000,0.613542,0.000000,0.000000,0.000000,0.000000,0.000000
124,0.869531,0.703125,0.000000,0.000000,0.000000,0.000000,0.000000
124,0.744308,0.691369,0.853933,0.812344,0.783201,1.101100,0.081867
124,0.634099,0.740196,0.026948,1.000000,0.444455,0.000047,0.242595
124,0.464063,0.791667,2.010279,0.767220,0.692463,1.118675,0.806863
124,0.925000,0.608333,0.000000,0.000000,0.000000,0.000000,0.000000
124,0.917969,0.227083,0.000000,0.000000,0.000000,0.000000,0.000000
124,0.913281,0.201042,0.000000,0.000000,0.000000,0.000000,0.000000
124,0.753906,0.480208,0.000000,0.000000,0.000000,0.000000,0.000000
124,0.270312,0.211458,0.000000,0.000000,0.000000,0.000000,0.000000
124,0.649531,0.808125,2.067091,0.607569,1.812957,2.643235,0.973184
124,0.885938,0.934375,3.629277,0.355190,1.106845,0.802640,0.810226
124,0.139844,0.216667,1.920302,0.805831,0.806490,0.418474,0.574426
124,0.356250,0.106250,2.390122,0.567454,1.318531,0.165327,-0.032769
125,0.490483,0.065530,0.235594,1.000000,0.888878,0.000005,-0.514497
125,0.192656,0.724583,2.683315,0.847491,2.227347,1.319009,0.276871
125,0.101674,0.351079,0.045812,1.000000,0.122269,0.019489,-0.970142
125,0.094531,0.493750,0.000000,0.000000,0.000000,0.000000,0.000000
125,0.405469,0.286458,0.711458,1.000000,0.545663,0.972827,0.780869
125,0.195156,0.913125,1.365617,0.861923,1.206632,1.162493,-0.975441
125,0.387638,0.595221,0.696355,0.960684,0.817577,0.429865,-0.664364
125,0.742969,0.100000,0.000000,0.000000,0.000000,0.000000,0.000000
125,0.772656,0.225000,0.000000,0.000000,0.000000,0.000000,0.000000
125,0.775000,0.613542,0.000000,0.000000,0.000000,0.000000,0.000000
125,0.869531,0.703125,0.000000,0.000000,0.000000,0.000000,0.000000
125,0.783594,0.668403,0.000000,0.000000,0.000000,0.000000,0.000000
125,0.632812,0.740625,0.000000,0.000000,0.000000,0.000000,0.000000
125,0.365469,0.805417,2.416744,0.530714,0.984916,2.418700,0.952926
125,0.925000,0.608333,0.000000,0.000000,0.000000,0.000000,0.000000
125,0.917969,0.227083,0.000000,0.000000,0.000000,0.000000,0.000000
125,0.913281,0.201042,0.000000,0.000000,0.000000,0.000000,0.000000
125,0.753906,0.480208,0.000000,0.000000,0.000000,0.000000,0.000000
125,0.270312,0.211458,0.000000,0.000000,0.000000,0.000000,0.000000
125,0.565104,0.828472,1.510019,0.384112,0.869390,3.052543,-0.957826
125,0.748177,0.936806,3.605207,0.414126,1.003851,0.206246,-0.496139
125,0.077344,0.428472,2.619569,0.814781,1.265503,1.026785,0.780869
125,0.224844,0.174583,1.537037,0.289407,0.758595,0.280109,-0.041630
126,0.142969,0.112500,0.076105,1.000000,0.091857,0.185375,0.980580
126,0.178125,0.698958,0.099580,0.966132,0.712531,0.059632,0.866185
126,0.362500,0.544792,0.018637,1.000000,1.000150,0.000000,0.894427
126,0.374219,0.070833,0.007098,1.000000,0.999859,0.000000,0.894475
126,0.632812,0.050000,0.064726,1.000000,0.164063,3.099384,-0.351132
126,0.782031,0.161458,0.030703,1.000000,1.000002,0.000105,0.948658
126,0.898438,0.406250,0.129032,1.000000,0.114206,1.059037,1.000000
126,0.599219,0.606250,0.459772,0.442370,0.326746,2.084403,0.832050
127,0.146119,0.136526,0.144263,1.000000,0.999993,0.000000,0.894428
127,0.088802,0.974653,1.536803,0.953841,1.529204,0.726641,-0.894427
127,0.174489,0.703125,0.007812,1.000000,0.406221,1.570796,1.000000
127,0.361393,0.547743,0.018633,1.000000,0.999743,0.000000,0.894427
127,0.374640,0.071958,0.007098,1.000000,0.999752,0.000214,0.894463
127,0.635890,0.048201,0.064729,1.000000,1.000032,0.000021,-0.351112
127,0.780742,0.166616,0.031172,0.998903,1.015322,0.017641,0.942963
127,0.906858,0.464815,0.209174,0.994161,0.808478,0.392324,0.999442
127,0.570833,0.607407,0.632985,0.982198,1.264221,1.025046,0.950353
127,0.463802,0.711111,1.159634,0.994454,1.518765,0.094771,0.905689
127,0.896875,0.270139,2.711440,0.992207,0.890439,0.204564,-0.557557
127,0.057552,0.742014,1.485621,0.999486,0.735283,0.417473,-0.241949
128,0.148438,0.155740,0.085106,1.000000,0.999978,0.000000,1.000000
128,0.163438,0.903958,1.529318,0.875394,0.954112,0.341042,0.995950
128,0.174219,0.704362,0.007812,1.000000,0.999872,0.000000,1.000000
128,0.360938,0.552283,0.031915,1.000000,0.999969,0.000000,1.000000
128,0.375062,0.073082,0.007099,1.000000,0.999966,0.000214,0.894379
128,0.778809,0.172005,0.029463,1.000000,0.999966,0.000000,0.707107
128,0.909400,0.500874,0.169492,0.996173,1.030442,0.064605,0.965881
128,0.582912,0.654566,0.201846,1.000000,0.999995,0.000000,0.948683
128,0.469531,0.845417,0.730332,0.976298,0.623177,0.502976,0.012988
129,0.149861,0.174931,0.109259,1.000000,0.904633,0.210310,0.832054
129,0.177278,0.703147,0.003091,0.999989,0.999942,0.000067,0.242407
129,0.361425,0.556507,0.017003,1.000000,0.999718,0.000000,0.894427
129,0.375484,0.074206,0.007099,1.000000,0.999966,0.000214,0.894368
129,0.776042,0.175694,0.027273,1.000000,0.933390,0.709882,1.000000
129,0.908594,0.535417,0.163888,1.000000,0.311155,1.317290,0.832050
129,0.589583,0.672454,0.328303,0.983642,0.538095,0.834967,0.969124
129,0.413281,0.782639,0.558805,0.997362,0.626161,0.045039,-0.398726
129,0.946094,0.136806,1.970549,0.999747,1.257847,0.021112,0.951282
129,0.082813,0.967708,1.436179,0.971736,0.913096,0.232367,-0.987241
130,0.150000,0.194869,0.092593,1.000000,0.999998,0.000000,1.000000
130,0.176875,0.703281,0.003091,0.999989,0.999677,0.000000,0.242471
130,0.362447,0.559232,0.017003,1.000000,0.999718,0.000000,0.894427
130,0.371549,0.077257,0.112191,1.000000,0.999991,0.000000,0.371391
130,0.775781,0.180473,0.027273,1.000000,0.999963,0.000000,1.000000
130,0.899479,0.567014,0.280597,0.772528,1.190465,1.199903,0.402737
130,0.593913,0.683085,0.095571,1.000000,1.000017,0.000022,-0.780872
130,0.489149,0.855903,1.255349,0.801629,1.071165,0.799587,0.761848
130,0.918576,0.364699,1.341104,0.990728,1.417541,0.246624,0.440031
130,0.154687,0.930093,1.247169,0.925677,0.844880,0.412977,0.997728
130,0.400000,0.092708,2.559384,0.986929,1.153698,0.068077,0.447213
131,0.152806,0.218771,0.109902,1.000000,0.999991,0.000000,0.928477
131,0.176477,0.703414,0.003091,0.999989,0.999677,0.000000,0.242471
131,0.363457,0.561926,0.017003,1.000000,0.999941,0.000000,0.894427
131,0.369599,0.077863,0.019309,1.000000,1.000024,0.000045,-0.514473
131,0.773573,0.185236,0.037714,1.000000,1.000021,0.000079,0.707073
131,0.886583,0.608605,0.078380,1.000000,0.999987,0.000000,0.832050
131,0.588125,0.681250,0.092709,1.000000,0.999989,0.000000,0.980581
131,0.415625,0.916927,1.106142,0.980477,1.415976,0.268244,-0.783005
131,0.738455,0.468287,1.265358,0.999954,0.852037,0.352272,-0.509322
131,0.673090,0.067130,1.531709,0.871243,0.945602,0.095026,-0.999133
132,0.146667,0.242153,0.142652,0.856394,0.956928,0.218663,0.970142
132,0.176079,0.703547,0.003091,0.999989,0.999942,0.000067,0.242407
132,0.363789,0.564637,0.016299,1.000000,0.999939,0.000000,0.948683
132,0.371797,0.076104,0.019309,1.000000,1.000023,0.000045,-0.514457
132,0.769300,0.187950,0.035932,1.000000,0.999883,0.000030,0.316249
132,0.882031,0.622068,1.106451,0.999769,5.565392,0.379766,-0.362716
132,0.593791,0.704167,0.078946,1.000000,0.999944,0.000000,0.000000
132,0.408594,0.745833,1.639931,0.972815,1.446406,1.098335,0.652940
132,0.642187,0.286979,1.488109,0.987864,0.887879,0.046665,-0.992661
132,0.899609,0.645312,2.728879,0.988795,0.875338,0.860162,0.591364
133,0.134375,0.265530,0.045454,1.000000,0.999978,0.000000,-1.000000
133,0.175676,0.703681,0.003091,0.999989,0.999677,0.000000,0.242471
133,0.363096,0.567408,0.016299,1.000000,0.999939,0.000000,0.948683
133,0.374022,0.074324,0.019307,1.000000,0.999959,0.000019,-0.514512
133,0.767969,0.190791,0.017699,1.000000,0.999943,0.000000,1.000000
133,0.846094,0.613542,0.357807,1.000000,0.585397,2.391617,-0.164393
133,0.611719,0.738542,0.897040,0.563924,1.313543,2.603464,-0.922520
133,0.383203,0.897917,1.298970,0.734382,1.077582,0.508386,-0.140743
133,0.706641,0.070312,2.352378,0.995497,1.836738,0.283248,-0.265196
133,0.710547,0.961458,2.105773,0.827987,1.162717,0.583800,0.720910
133,0.307031,0.041667,1.891190,0.970939,1.077877,0.137985,0.665615
134,0.125859,0.289896,0.294507,1.000000,1.862609,1.647566,0.242534
134,0.175278,0.703814,0.003091,0.999989,0.999677,0.000000,0.242471
134,0.362566,0.570055,0.012114,1.000000,0.999652,0.000088,0.948655
134,0.375385,0.073181,0.016687,1.000000,0.999940,0.000000,0.447234
134,0.767348,0.193537,0.017038,1.000000,0.999906,0.000035,0.707107
134,0.836754,0.619176,0.711830,0.546942,6.142516,0.149833,-0.047562
134,0.615312,0.689722,0.068747,1.000000,0.368931,0.782451,-0.948688
134,0.345573,0.778472,1.268215,0.901840,0.987227,0.037483,-0.696231
134,0.946094,0.093056,1.786690,0.999161,1.114293,0.221606,0.798753
134,0.583333,0.105903,1.706498,0.999837,0.637336,0.397963,-0.434142
134,0.061719,0.359091,1.596114,0.987997,0.951832,0.465415,-0.467594
134,0.916927,0.697569,2.135163,0.885891,1.276387,0.090157,-0.313289
135,0.114137,0.309226,0.151584,0.999150,0.882877,0.108736,0.887331
135,0.174879,0.703946,0.003091,0.999989,0.999942,0.000067,0.242407
135,0.363075,0.572091,0.012117,1.000000,0.999917,0.000000,0.948683
135,0.373815,0.074497,0.010449,1.000000,0.999904,0.000000,0.707127
135,0.763739,0.198349,0.034668,1.000000,0.602412,0.157895,0.832065
135,0.927656,0.642917,1.687995,0.949330,1.415429,0.124355,0.332820
135,0.616250,0.671667,0.852342,0.936053,1.407624,0.097034,0.974858
135,0.455781,0.811250,1.542631,0.997725,1.340397,0.133380,0.952926
135,0.726562,0.860000,1.606014,0.997791,0.944817,0.106815,0.332819
136,0.100690,0.329264,0.148909,1.000000,0.999982,0.000005,0.624694
136,0.174481,0.704079,0.003091,0.999989,0.999411,0.001064,0.242471
136,0.363584,0.574126,0.012117,1.000000,1.000183,0.000088,0.948683
136,0.372833,0.075806,0.010451,1.000000,1.000019,0.000115,0.707046
136,0.760907,0.203706,0.034668,1.000000,0.999917,0.000082,0.832065
136,0.605078,0.769271,0.892019,0.561390,1.402804,0.413330,0.832050
136,0.349888,0.892262,1.211670,1.000000,1.048194,0.043742,-0.825307
136,0.604018,0.790179,2.242488,0.981003,1.795330,0.340383,-0.707107
136,0.864323,0.558333,1.586821,1.000000,0.899311,0.092973,-0.099504
136,0.122500,0.982500,1.546024,0.829612,1.081416,0.197396,0.303204
136,0.065781,0.632708,1.110263,1.000000,0.955736,0.140609,-0.853282
137,0.089688,0.351667,0.158114,1.000000,0.818180,0.563310,0.316236
137,0.174010,0.704306,0.004969,0.999997,0.999798,0.000000,0.447009
137,0.364039,0.576137,0.008006,1.000000,0.999808,0.000201,0.948705
137,0.371899,0.077052,0.007143,1.000000,0.999860,0.000000,-0.707107
137,0.759983,0.204205,0.037549,1.000000,0.999973,0.000000,0.164399
137,0.626953,0.773698,1.162721,0.955948,1.713368,1.102739,-0.386229
137,0.393750,0.763542,1.399508,0.881404,1.242290,0.212301,0.702588
137,0.800781,0.746875,1.985842,0.991340,1.063377,0.114641,0.880471
137,0.708594,0.394792,1.944149,0.977575,1.172101,0.317002,-0.976324
138,0.080376,0.373764,0.165654,0.994288,0.949291,0.049942,0.848823
138,0.173420,0.704699,0.004970,0.999998,1.000103,0.000610,0.447555
138,0.363703,0.577482,0.008007,1.000000,0.999942,0.000201,0.948641
138,0.372569,0.076157,0.007143,1.000000,0.999860,0.000000,-0.707107
138,0.755469,0.205582,0.025641,1.000000,0.999961,0.000000,1.000000
138,0.641016,0.718750,0.546725,0.887409,0.569747,1.273726,-0.701360
138,0.389844,0.914035,1.008044,0.946420,0.945890,0.144293,0.207186
138,0.851562,0.202083,2.151714,0.918953,0.905221,0.022255,0.374618
138,0.113203,0.962708,1.274368,0.999457,1.091757,0.020927,0.191919
138,0.091406,0.007083,0.056168,1.000000,0.842503,0.674739,0.780870
138,0.833507,0.016088,3.190111,0.581889,1.857323,0.182258,0.877896
139,0.068229,0.397917,0.047619,1.000000,0.599998,0.000000,0.000000
139,0.172830,0.705093,0.004969,0.999997,0.999799,0.000000,0.447009
139,0.363366,0.578826,0.008006,1.000000,0.999875,0.000000,0.948705
139,0.373240,0.075263,0.007142,1.000000,0.999818,0.000042,-0.707077
139,0.755469,0.210123,0.025641,1.000000,0.999928,0.000000,1.000000
139,0.622396,0.776389,0.725430,1.000000,0.930464,0.053606,-0.034463
139,0.328646,0.813889,0.990039,0.943686,0.781195,0.310611,-0.599727
139,0.992188,0.430556,1.776584,1.000000,1.028512,0.055328,0.773957
139,0.087607,0.015341,0.050820,1.000000,0.999980,0.000000,0.894428
139,0.064583,0.478125,3.340290,0.748951,1.231272,0.770555,-0.777245
139,0.606719,0.911458,1.662423,0.971973,0.722509,0.367617,-0.830938
140,0.062500,0.430405,0.166436,1.000000,1.398409,0.121458,0.948683
140,0.172656,0.703579,0.012821,1.000000,0.999922,0.000000,-1.000000
140,0.363026,0.580187,0.008006,1.000000,0.999808,0.000201,0.948705
140,0.373823,0.073971,0.009053,1.000000,0.999890,0.000000,-0.894427
140,0.756811,0.215038,0.037737,1.000000,1.198209,2.034372,0.000000
140,0.662500,0.784028,0.482616,0.655439,0.529338,0.811200,-0.097569
140,0.420685,0.855754,1.321252,0.989243,1.212873,0.176922,0.873711
140,0.795313,0.474950,1.691493,0.989665,0.987545,0.428829,-0.966112
140,0.086719,0.025479,0.105263,1.000000,1.370352,0.000000,1.000000
140,0.287305,0.317708,1.970605,0.979980,0.945727,0.202288,0.789524
140,0.810781,0.821875,2.035566,0.999568,0.922330,0.171093,0.931377
141,0.058259,0.452083,0.263523,1.000000,1.076901,0.266253,0.948683
141,0.172656,0.701309,0.012285,1.000000,0.958164,2.034352,0.447131
141,0.362690,0.581532,0.008006,1.000000,0.999875,0.000000,0.948705
141,0.374361,0.072537,0.009053,1.000000,0.999890,0.000000,-0.894427
141,0.753190,0.216580,0.029463,1.000000,0.999966,0.000000,0.707107
141,0.682422,0.756250,0.678602,0.734303,1.505678,0.049498,-0.512853
141,0.313341,0.923237,0.990405,1.000000,1.561355,0.143337,-0.925547
141,0.841016,0.223438,1.705918,1.000000,0.725583,0.388358,0.146549
141,0.080371,0.036849,0.080000,1.000000,0.809534,1.249046,1.000000
141,0.278906,0.493229,2.283077,0.998865,0.990435,0.098648,0.560309
142,0.041900,0.480976,0.677699,0.952963,1.384465,0.319905,0.814956
142,0.173944,0.701900,0.019886,0.286709,1.618251,1.980323,0.642303
142,0.364136,0.583019,0.024107,0.895874,0.808066,0.186411,0.486556
142,0.374899,0.071103,0.015592,0.225813,1.722046,3.141431,0.894355
142,0.751115,0.219347,0.020841,1.000000,1.105088,0.000124,0.707127
142,0.640104,0.833333,1.074737,0.764129,1.245335,0.102261,-0.194490
142,0.321214,0.808654,0.599139,0.980559,0.899656,0.182259,-0.074502
142,0.994531,0.398958,1.932985,0.972633,0.966492,0.223477,0.975133
142,0.077001,0.049644,0.077120,0.993556,0.876945,0.063543,0.865596
142,0.038281,0.439583,2.331385,0.988836,1.007067,0.262897,-0.980369
142,0.733371,0.771280,1.785967,0.975191,0.967609,0.184740,0.231261
143,0.023524,0.524306,0.228121,0.988939,0.900755,0.167448,0.773957
143,0.172363,0.702930,0.069877,1.000000,0.999986,0.000000,0.447214
143,0.364844,0.585179,0.000000,0.000000,0.000000,0.000000,0.000000
143,0.373598,0.074573,0.000000,0.000000,0.000000,0.000000,0.000000
143,0.748090,0.223380,0.515079,1.000000,1.889685,0.045962,-0.554699
143,0.711049,0.833036,0.444444,0.790569,0.736586,0.141895,-0.948683
143,0.385625,0.936042,1.135671,0.860994,1.017867,0.121487,0.795432
143,0.809375,0.560417,1.693925,0.840012,0.893631,0.184784,-0.624695
143,0.075347,0.061343,0.000000,0.000000,0.000000,0.000000,0.000000
143,0.214062,0.269792,1.888556,0.999984,0.948948,0.377249,0.745242
144,0.431250,0.678125,0.010451,0.999999,1.000195,0.000145,-0.447084
144,0.952344,0.506250,0.207972,1.000000,0.257123,0.190525,0.989949
144,0.719531,0.147917,0.002115,1.000000,0.999810,0.000283,0.707107
145,0.432301,0.677424,0.010448,0.999999,0.999614,0.000145,-0.447214
145,0.814062,0.507292,1.934129,0.547831,1.115651,1.330273,-0.988715
145,0.937500,0.504167,0.726287,0.983885,0.640742,2.478245,0.855199
145,0.719699,0.148141,0.002114,1.000000,1.000372,0.001419,0.706906
146,0.433367,0.676713,0.010448,0.999999,0.999904,0.000000,-0.447214
146,0.925781,0.396577,1.693518,0.796077,1.130886,0.730150,-0.274720
146,0.947098,0.478423,0.652715,1.000000,0.597866,0.218924,0.707104
146,0.719870,0.148368,0.002114,1.000000,0.999527,0.000000,0.706906
147,0.434398,0.676011,0.005261,1.000000,0.999810,0.000000,-0.707107
147,0.949913,0.471412,0.871013,0.467764,0.877111,2.521622,-0.709056
147,0.720040,0.148596,0.002112,0.999995,0.998682,0.001419,0.707909
148,0.434822,0.675445,0.005256,1.000000,0.999810,0.000000,-0.707107
148,0.970844,0.516125,0.144220,1.000000,0.999967,0.000039,0.832061
148,0.720211,0.148823,0.002114,1.000000,0.999244,0.000283,0.706906
149,0.435246,0.674880,0.005261,1.000000,1.000722,0.000000,-0.707107
149,0.968821,0.521780,0.139754,1.000000,0.876445,0.358047,-0.447214
149,0.720381,0.149050,0.002114,1.000000,0.999527,0.000000,0.706906
150,0.435665,0.674322,0.005256,1.000000,0.999810,0.000000,-0.707107
150,0.969653,0.518750,0.025974,1.000000,0.999961,0.000000,0.000000
150,0.720550,0.149274,0.002115,1.000000,1.000939,0.000851,0.707107
151,0.436089,0.673757,0.005261,1.000000,1.000722,0.000000,-0.707107
151,0.972616,0.518750,0.023791,1.000000,0.989793,0.069618,0.447100
151,0.720720,0.149502,0.002114,1.000000,0.999244,0.000283,0.706906
152,0.436513,0.673192,0.005256,1.000000,0.999810,0.000000,-0.707107
152,0.970009,0.522685,0.052040,0.755121,0.837816,2.535223,-0.480109
152,0.720891,0.149729,0.002114,1.000000,0.999527,0.000000,0.706906
153,0.436937,0.672626,0.005256,1.000000,0.999810,0.000000,-0.707107
153,0.973625,0.520320,0.068906,1.000000,1.356788,0.785392,-0.980574
153,0.721061,0.149956,0.000940,1.000000,0.444360,0.000283,0.707107
154,0.437361,0.672061,0.005256,1.000000,0.998899,0.000000,-0.707107
154,0.976953,0.507812,1.497662,0.414053,1.174862,2.186420,0.406142
154,0.721094,0.150000,0.000000,0.000000,0.000000,0.000000,0.000000
155,0.336719,0.020833,1.675744,0.809362,0.904541,1.765074,-0.819232
156,0.577344,0.018750,1.716724,0.368976,0.546569,0.065089,0.263117
157,0.558333,0.031250,0.363218,0.672442,1.144626,0.663663,-0.255893
158,0.743125,0.015417,1.594143,0.759556,1.077765,1.640829,0.267644
159,0.758073,0.105208,1.743296,0.700555,1.319157,1.483993,0.295684
160,0.792656,0.213750,1.139062,0.829779,0.829800,1.351982,0.999232
160,0.571875,0.019240,1.063192,0.516789,1.577370,1.347470,0.960564
161,0.780078,0.299740,0.697215,0.947010,0.762321,1.996135,-0.967617
161,0.978320,0.126563,1.970225,0.905071,0.856811,0.629622,0.996962
161,0.609896,0.040278,2.198510,0.645737,2.147438,1.221380,0.508729
162,0.089062,0.628125,0.044018,1.000000,1.000012,0.000069,-0.447252
162,0.210938,0.957292,0.095239,1.000000,0.999990,0.000000,0.000000
162,0.207813,0.879167,0.050627,0.878835,0.556893,1.060148,0.488743
162,0.310937,0.913542,0.021278,1.000000,0.163642,3.141593,0.000000
162,0.340625,0.939583,3.515325,0.560089,0.895425,0.962994,0.959365
162,0.659375,0.854167,0.052236,1.000000,0.999916,0.000000,0.000000
162,0.634375,0.845833,0.013457,0.999999,0.999926,0.000000,0.316228
162,0.728125,0.828125,0.300120,1.000000,1.000001,0.000011,0.939791
162,0.805469,0.762500,2.952887,0.661645,1.185782,0.416999,-0.969639
162,0.854688,0.743750,0.063249,1.000000,1.000086,0.000034,0.316196
162,0.946094,0.653125,0.013072,1.000000,0.999924,0.000000,1.000000
162,0.889063,0.517708,1.014665,0.942987,0.854645,0.474066,0.468652
162,0.885156,0.373958,1.805647,0.587459,0.741890,1.704493,-0.715781
162,0.920313,0.280208,0.626542,0.838694,2.575677,1.745639,0.146387
162,0.872656,0.220833,0.031718,1.000000,0.999968,0.000000,0.894390
162,0.842969,0.297917,0.108467,1.000000,0.999991,0.000000,-0.419060
162,0.762500,0.344792,0.047618,1.000000,0.999943,0.000000,1.000000
162,0.975781,0.202083,2.187623,0.859994,1.058838,0.722350,0.999537
162,0.962500,0.115625,0.032588,1.000000,0.999969,0.000000,-0.707068
162,0.872656,0.072917,0.011111,1.000000,0.999948,0.000000,1.000000
162,0.846094,0.031250,0.007769,1.000000,0.999871,0.000000,0.707195
162,0.685938,0.132292,0.041664,1.000000,0.999976,0.000000,-0.164399
162,0.656250,0.167708,0.012423,1.000000,1.000042,0.000244,0.894359
162,0.633594,0.303125,0.046873,1.000000,0.999979,0.000000,-0.496151
162,0.590625,0.461458,0.006190,0.999997,0.999840,0.000000,-0.706970
162,0.559375,0.488542,0.011525,1.000000,0.999913,0.000000,-0.447214
162,0.498437,0.648958,0.019113,1.000000,1.000027,0.000238,0.894498
162,0.403906,0.572917,0.062185,1.000000,1.000048,0.000043,0.196137
162,0.410937,0.558333,1.753587,0.977158,0.995614,0.061563,0.544685
162,0.398438,0.533333,0.093170,1.000000,0.999989,0.000000,0.894427
162,0.395312,0.462500,0.036657,1.000000,1.000014,0.000021,-0.447195
162,0.389844,0.420833,0.015812,1.000000,1.000038,0.000034,0.316196
162,0.333594,0.428125,0.000000,0.000000,0.000000,0.000000,0.000000
162,0.335156,0.442708,0.002043,1.000000,0.999511,0.000000,0.000000
162,0.262500,0.505208,0.062449,1.000000,0.999954,0.000024,-0.110414
162,0.184375,0.431250,0.033963,1.000000,0.999971,0.000000,0.000000
162,0.162500,0.387500,0.012396,1.000000,0.999851,0.000000,0.000000
162,0.127344,0.319792,0.008675,1.000000,0.999747,0.000138,-0.707058
162,0.123438,0.251042,1.250721,0.974172,0.771439,0.396187,-0.982324
162,0.032812,0.314583,0.000000,0.000000,0.000000,0.000000,0.000000
162,0.025000,0.311458,0.000963,0.999985,0.998963,0.000000,-0.707547
162,0.366406,0.798958,0.016393,1.000000,0.999939,0.000000,0.000000
162,0.334375,0.328125,0.035164,1.000000,0.999915,0.000038,0.196088
162,0.398438,0.346875,0.003390,1.000000,0.999705,0.000000,-0.707107
162,0.485938,0.309375,0.004807,1.000000,0.999440,0.000000,1.000000
162,0.608594,0.221875,0.037397,1.000000,0.999973,0.000000,-0.371391
162,0.530469,0.153125,0.497650,0.990316,0.366349,0.068553,-0.966235
162,0.436719,0.023958,0.007517,1.000000,0.999867,0.000000,0.000000
162,0.409375,0.146875,0.015346,1.000000,0.999884,0.000215,0.973446
162,0.430469,0.165625,0.005049,1.000000,1.000402,0.000300,0.447079
162,0.400781,0.205208,0.030836,1.000000,0.999968,0.000000,0.000000
162,0.428125,0.252083,0.008687,1.000000,0.999885,0.000000,-0.948703
162,0.410937,0.310417,0.022291,1.000000,0.999955,0.000000,-0.607470
162,0.884375,0.204167,0.010000,1.000000,0.999985,0.000000,-1.000000
162,0.643750,0.651042,0.016557,1.000000,0.999940,0.000000,0.000000
162,0.535937,0.562500,0.000000,0.000000,0.000000,0.000000,0.000000
162,0.551562,0.727083,1.644909,0.993253,0.992386,0.060755,-0.514372
162,0.582031,0.689583,0.000000,0.000000,0.000000,0.000000,0.000000
162,0.569531,0.653125,0.000000,0.000000,0.000000,0.000000,0.000000
162,0.139062,0.110417,0.033113,1.000000,0.999966,0.000012,-0.316220
162,0.366406,0.264583,0.000000,0.000000,0.000000,0.000000,0.000000
162,0.542969,0.688542,0.000000,0.000000,0.000000,0.000000,0.000000
162,0.138281,0.107292,0.000000,0.000000,0.000000,0.000000,0.000000
162,0.367969,0.277083,0.000000,0.000000,0.000000,0.000000,0.000000
162,0.628125,0.843750,0.000000,0.000000,0.000000,0.000000,0.000000
163,0.083834,0.624639,0.044017,1.000000,0.999951,0.000073,-0.447190
163,0.212711,0.953688,0.093221,1.000000,3.085167,1.107148,0.000000
163,0.202763,0.883270,0.045592,1.000000,1.000014,0.000011,0.287379
163,0.309707,0.913542,0.023024,1.000000,1.082015,0.083160,-0.083064
163,0.213125,0.848750,3.078261,0.388930,1.105604,0.847356,0.106065
163,0.652437,0.854167,0.052239,1.000000,0.999981,0.000000,0.000000
163,0.636070,0.846587,0.013457,0.999999,0.999926,0.000000,0.316228
163,0.733113,0.870753,0.198462,1.000000,1.280034,0.918353,0.503871
163,0.892187,0.402708,2.499709,0.999992,1.410666,0.120138,-0.918633
163,0.859443,0.746103,0.003906,0.999981,1.000569,0.000274,0.948770
163,0.946094,0.655440,0.013072,1.000000,0.999924,0.000000,1.000000
163,0.800426,0.498485,0.657091,0.980198,0.897844,0.258343,0.337524
163,0.898125,0.307351,0.131898,0.888367,0.322426,0.306120,-0.494460
163,0.870772,0.225857,0.031715,1.000000,0.999968,0.000000,0.894475
163,0.827344,0.288542,0.380060,1.000000,0.999997,0.000000,-0.613940
163,0.760100,0.348958,0.035716,1.000000,0.999972,0.000000,0.000000
163,0.818437,0.319167,2.292163,0.854884,1.024835,0.412616,0.970428
163,0.959440,0.111545,0.032582,1.000000,0.999822,0.000147,-0.707165
163,0.872656,0.074884,0.018981,1.000000,1.298986,0.820178,-0.707151
163,0.845364,0.032223,0.007769,1.000000,0.999871,0.000000,0.707189
163,0.680479,0.131079,0.041664,1.000000,1.000056,0.000013,-0.164399
163,0.655512,0.169676,0.012423,1.000000,1.000042,0.000244,0.894359
163,0.628189,0.299007,0.046873,1.000000,0.999916,0.000036,-0.496151
163,0.590044,0.460683,0.006190,0.999997,0.999840,0.000000,-0.706970
163,0.558006,0.487629,0.011529,1.000000,0.999913,0.000000,-0.447214
163,0.497302,0.651985,0.019112,1.000000,1.000027,0.000159,0.894392
163,0.411538,0.575000,0.038462,1.000000,0.999974,0.000000,0.000000
163,0.203906,0.747917,1.814377,0.999379,0.972997,0.204508,0.375376
163,0.390992,0.537500,0.061729,1.000000,0.999984,0.000000,0.000000
163,0.391267,0.459957,0.026210,1.000000,1.000022,0.000023,-0.351116
163,0.387852,0.421719,0.015811,1.000000,0.999835,0.000034,0.316228
163,0.333594,0.428125,0.000000,0.000000,0.000000,0.000000,0.000000
163,0.334885,0.442708,0.002041,1.000000,0.998681,0.000000,0.000000
163,0.254256,0.503987,0.062451,1.000000,0.999987,0.000027,-0.110437
163,0.179864,0.431250,0.033962,1.000000,0.999971,0.000000,0.000000
163,0.160854,0.387500,0.012396,1.000000,0.999851,0.000000,0.000000
163,0.126529,0.318705,0.008675,1.000000,0.999677,0.000069,-0.707058
163,0.032812,0.314583,0.000000,0.000000,0.000000,0.000000,0.000000
163,0.024910,0.311338,0.000963,0.999985,0.998963,0.000000,-0.707547
163,0.367771,0.799748,0.016646,1.000000,0.999940,0.000000,0.948673
163,0.329795,0.329346,0.035166,1.000000,0.999981,0.000047,0.196125
163,0.398756,0.346450,0.003393,1.000000,1.000412,0.000000,-0.707107
163,0.485938,0.310226,0.004808,1.000000,1.000145,0.000000,1.000000
163,0.603982,0.219416,0.037397,1.000000,0.999973,0.000000,-0.371391
163,0.517739,0.135478,1.254422,0.897878,1.555023,0.045163,-0.955494
163,0.435720,0.023958,0.007517,1.000000,0.999867,0.000000,0.000000
163,0.408908,0.149520,0.015346,1.000000,0.999830,0.000202,0.973446
163,0.429869,0.166025,0.005046,1.000000,0.999802,0.000000,0.447348
163,0.396686,0.205208,0.030836,1.000000,0.999913,0.000000,0.000000
163,0.428490,0.250624,0.008687,1.000000,0.999792,0.000031,-0.948703
163,0.408586,0.308019,0.022295,1.000000,1.000122,0.000032,-0.607444
163,0.884375,0.202396,0.054023,0.870123,5.401483,1.780164,0.207842
163,0.641551,0.651042,0.016557,1.000000,0.999940,0.000000,0.000000
163,0.535937,0.562500,0.000000,0.000000,0.000000,0.000000,0.000000
163,0.368290,0.575245,1.784729,1.000000,1.067996,0.173760,-0.560309
163,0.582031,0.689583,0.000000,0.000000,0.000000,0.000000,0.000000
163,0.569531,0.653125,0.000000,0.000000,0.000000,0.000000,0.000000
163,0.134890,0.108562,0.033113,1.000000,0.999966,0.000012,-0.316220
163,0.366406,0.264583,0.000000,0.000000,0.000000,0.000000,0.000000
163,0.766406,0.378125,2.106218,0.793558,1.323941,0.527281,-0.673086
163,0.897500,0.184583,1.891593,1.000000,0.986410,0.186554,0.991228
163,0.025488,0.536849,2.195450,1.000000,1.478465,0.672645,0.501036
163,0.542969,0.688542,0.000000,0.000000,0.000000,0.000000,0.000000
163,0.138281,0.107292,0.000000,0.000000,0.000000,0.000000,0.000000
163,0.367969,0.277083,0.000000,0.000000,0.000000,0.000000,0.000000
163,0.628125,0.843750,0.000000,0.000000,0.000000,0.000000,0.000000
164,0.085150,0.622439,0.058035,1.000000,0.999983,0.000000,0.358980
164,0.207884,0.951610,0.024408,1.000000,0.206072,2.699196,-0.132118
164,0.196964,0.885590,0.045591,1.000000,0.999999,0.000071,0.287384
164,0.306686,0.913243,0.023023,1.000000,0.999944,0.000147,-0.082918
164,0.110937,0.734375,2.962728,0.669215,0.867115,0.582560,0.285805
164,0.647356,0.854888,0.020646,0.935755,0.960295,0.233200,0.228345
164,0.637766,0.847340,0.013457,0.999999,1.000244,0.000160,0.316228
164,0.705469,0.885566,0.295582,1.000000,1.443136,0.520584,-0.099506
164,0.859606,0.746759,0.003903,0.999978,0.999748,0.000000,0.948683
164,0.943404,0.656171,0.106094,1.000000,0.999929,0.000019,-0.298290
164,0.815090,0.497204,0.037213,1.000000,0.999941,0.000032,-0.707130
164,0.885677,0.299460,0.167692,1.000000,0.999994,0.000000,0.110435
164,0.866942,0.229167,0.057142,1.000000,0.999982,0.000000,0.000000
164,0.841071,0.271875,0.035719,1.000000,1.000162,0.000000,0.000000
164,0.756012,0.349276,0.013469,1.000000,0.999837,0.000089,0.707044
164,0.854627,0.556891,2.631836,0.762080,1.087962,0.057503,0.166196
164,0.956380,0.107464,0.032588,1.000000,0.999969,0.000000,-0.707068
164,0.870978,0.072763,0.018981,1.000000,0.999947,0.000000,-0.707151
164,0.844634,0.033196,0.005999,0.938025,0.772027,0.566799,0.216984
164,0.677083,0.128819,0.031057,1.000000,0.999968,0.000000,-0.894427
164,0.654774,0.171644,0.014652,1.000000,1.179355,1.107271,0.000000
164,0.622783,0.294889,0.039893,1.000000,0.962604,0.101616,-0.110413
164,0.589463,0.459908,0.006190,0.999998,1.000227,0.000387,-0.706970
164,0.556637,0.486716,0.011525,1.000000,0.999584,0.000000,-0.447214
164,0.496572,0.653934,0.008189,1.000000,0.999508,0.000185,0.894427
164,0.408040,0.574631,0.011014,0.999999,0.999634,0.000138,-0.447337
164,0.389062,0.540613,0.022987,1.000000,0.999956,0.000000,1.000000
164,0.388008,0.458327,0.026208,1.000000,0.999962,0.000000,-0.351138
164,0.385859,0.422604,0.015813,1.000000,1.000072,0.000068,0.316292
164,0.333399,0.428125,0.002894,1.000000,0.999070,0.000000,0.000000
164,0.334614,0.442708,0.002041,1.000000,0.998681,0.000000,0.000000
164,0.246301,0.503532,0.055243,1.000000,0.999982,0.000000,0.141421
164,0.175354,0.431250,0.033963,1.000000,0.999971,0.000000,0.000000
164,0.159207,0.387500,0.012396,1.000000,0.999851,0.000000,0.000000
164,0.125712,0.317708,0.006369,1.000000,0.999710,0.000000,0.000000
164,0.032812,0.314583,0.000000,0.000000,0.000000,0.000000,0.000000
164,0.024819,0.311217,0.000963,0.999987,0.998963,0.000000,-0.707492
164,0.367072,0.802544,0.016646,1.000000,0.999972,0.000097,0.948673
164,0.326093,0.330052,0.012382,1.000000,0.999919,0.000000,-0.242503
164,0.399074,0.346026,0.003390,1.000000,0.998999,0.000000,-0.707107
164,0.485938,0.311078,0.004808,1.000000,0.999792,0.000000,1.000000
164,0.599371,0.216956,0.037397,1.000000,0.999973,0.000000,-0.371391
164,0.483789,0.098438,0.721320,0.856881,0.945485,2.331894,-0.149805
164,0.434507,0.023958,0.011237,1.000000,1.000213,0.000000,0.000000
164,0.408441,0.152166,0.015347,1.000000,0.999935,0.000000,0.973397
164,0.429270,0.166424,0.005046,1.000000,0.999277,0.000451,0.447348
164,0.392590,0.205208,0.030838,1.000000,1.000023,0.000000,0.000000
164,0.428855,0.249164,0.008688,1.000000,0.999977,0.000031,-0.948713
164,0.406234,0.305621,0.022291,1.000000,0.999788,0.000032,-0.607470
164,0.886806,0.194676,0.034719,1.000000,0.389539,1.612966,-0.447233
164,0.641146,0.650347,0.047236,1.000000,0.999979,0.000000,-0.371415
164,0.535937,0.562500,0.000000,0.000000,0.000000,0.000000,0.000000
164,0.193056,0.404861,1.677051,1.000000,1.047865,0.600242,-0.894427
164,0.582031,0.689583,0.000000,0.000000,0.000000,0.000000,0.000000
164,0.569531,0.653125,0.000000,0.000000,0.000000,0.000000,0.000000
164,0.130718,0.106708,0.033113,1.000000,0.999974,0.000012,-0.316232
164,0.366406,0.264583,0.000000,0.000000,0.000000,0.000000,0.000000
164,0.548177,0.255903,1.759947,0.991885,0.863426,0.375155,-0.453814
164,0.893056,0.498611,1.936081,0.930224,0.831515,0.195165,0.993967
164,0.230357,0.462054,1.759525,0.875196,0.711962,0.032770,0.247382
164,0.958594,0.286719,1.945595,0.715610,1.024949,0.062665,0.997559
164,0.854492,0.841927,2.312642,0.625416,1.521730,0.015572,0.368740
164,0.592188,0.855903,2.924427,0.818860,1.257156,0.036333,-0.069598
164,0.542969,0.688542,0.000000,0.000000,0.000000,0.000000,0.000000
164,0.138281,0.107292,0.000000,0.000000,0.000000,0.000000,0.000000
164,0.367969,0.277083,0.000000,0.000000,0.000000,0.000000,0.000000
164,0.628125,0.843750,0.000000,0.000000,0.000000,0.000000,0.000000
165,0.078005,0.626015,0.038992,1.000000,0.999960,0.000086,-0.164360
165,0.206389,0.950511,0.024408,1.000000,0.999959,0.000000,-0.132118
165,0.191557,0.887668,0.027414,1.000000,0.999988,0.000121,0.196170
165,0.303639,0.912904,0.023024,1.000000,0.999956,0.000000,-0.083064
165,0.644938,0.854348,0.018936,1.000000,1.000117,0.000057,-0.316228
165,0.638467,0.847718,0.019632,1.000000,0.999949,0.000000,-0.242495
165,0.684578,0.866358,0.286674,1.000000,1.517980,0.266263,-0.894427
165,0.859770,0.747415,0.003903,0.999978,0.998924,0.000274,0.948683
165,0.929955,0.650567,0.106093,1.000000,0.999981,0.000031,-0.298260
165,0.805910,0.493070,0.018681,0.999999,0.999946,0.000000,-0.832050
165,0.867928,0.308827,0.176528,1.000000,0.999960,0.000017,-0.447221
165,0.864460,0.227595,0.024245,1.000000,0.999983,0.000025,-0.707089
165,0.837219,0.268375,0.054214,1.000000,1.437543,0.000076,-0.707075
165,0.754747,0.350962,0.010752,1.000000,0.899042,0.393044,1.000000
165,0.614844,0.656250,0.951485,1.000000,0.465941,0.013196,0.970142
165,0.955925,0.105208,0.016527,1.000000,0.793256,0.000000,0.000000
165,0.868932,0.070434,0.026780,1.000000,0.999963,0.000000,-0.447201
165,0.843904,0.033333,0.005493,1.000000,0.999818,0.000000,0.000000
165,0.677424,0.125574,0.013553,1.000000,0.999926,0.000000,-0.447189
165,0.652970,0.171875,0.014652,1.000000,0.999932,0.000000,0.000000
165,0.617514,0.294030,0.039893,1.000000,0.999975,0.000000,-0.110413
165,0.588881,0.459133,0.006190,0.999997,0.999645,0.000194,-0.706970
165,0.556250,0.486458,0.000000,0.000000,0.000000,0.000000,0.000000
165,0.496085,0.655231,0.008190,1.000000,0.999693,0.000555,0.894261
165,0.406731,0.573758,0.011014,0.999999,0.999772,0.000413,-0.447337
165,0.385938,0.544969,0.056603,1.000000,0.999982,0.000000,1.000000
165,0.384424,0.456283,0.034939,1.000000,0.999971,0.000000,-0.447214
165,0.377976,0.424062,0.113480,1.000000,0.999970,0.000001,-0.672668
165,0.333015,0.428125,0.002896,1.000000,1.000240,0.000000,0.000000
165,0.334343,0.442708,0.002043,1.000000,1.000341,0.000000,0.000000
165,0.239038,0.504915,0.052270,0.999913,0.946178,0.003353,0.144740
165,0.170843,0.431250,0.009808,1.000000,0.288772,1.107149,0.894427
165,0.157561,0.387500,0.012397,1.000000,0.999919,0.000000,0.000000
165,0.124866,0.317708,0.006370,1.000000,0.999976,0.000000,0.000000
165,0.032812,0.314583,0.000000,0.000000,0.000000,0.000000,0.000000
165,0.024729,0.311097,0.000963,0.999985,0.998963,0.000000,-0.707547
165,0.366283,0.805274,0.021202,1.000000,0.999953,0.000000,0.371363
165,0.324498,0.329520,0.012382,1.000000,0.999919,0.000000,-0.242503
165,0.399393,0.345601,0.003390,1.000000,0.999705,0.000000,-0.707107
165,0.485299,0.311458,0.008694,1.000000,0.999495,0.000000,0.000000
165,0.596483,0.215625,0.006436,1.000000,0.999318,0.000000,0.000000
165,0.442996,0.097306,0.170253,0.975640,0.433026,0.270277,-0.954782
165,0.433014,0.023958,0.011234,1.000000,0.999609,0.000000,0.000000
165,0.407975,0.154811,0.015347,1.000000,0.999881,0.000013,0.973397
165,0.428670,0.166824,0.005049,1.000000,1.000327,0.000451,0.446945
165,0.388640,0.205744,0.029012,1.000000,1.000021,0.000019,0.316210
165,0.429220,0.247705,0.008687,1.000000,0.999792,0.000031,-0.948703
165,0.403882,0.303223,0.022291,1.000000,0.999955,0.000000,-0.607470
165,0.883570,0.191130,0.034719,1.000000,0.999807,0.000109,-0.447253
165,0.640104,0.655903,0.106479,1.000000,0.529410,1.359704,0.447201
165,0.535937,0.562500,0.000000,0.000000,0.000000,0.000000,0.000000
165,0.582031,0.689583,0.000000,0.000000,0.000000,0.000000,0.000000
165,0.569531,0.653125,0.000000,0.000000,0.000000,0.000000,0.000000
165,0.126546,0.104854,0.033113,1.000000,0.999974,0.000012,-0.316232
165,0.366406,0.264583,0.000000,0.000000,0.000000,0.000000,0.000000
165,0.402902,0.388839,2.520737,0.858464,0.931092,0.440483,0.920940
165,0.970536,0.771429,1.833333,1.000000,0.923262,0.177227,1.000000
165,0.471094,0.486458,1.945780,0.993775,0.924054,0.203127,-0.089384
165,0.942656,0.590625,1.626542,0.965149,1.036311,0.150316,0.997969
165,0.648438,0.920833,1.953405,0.758810,0.937575,1.152277,0.160853
165,0.389844,0.923958,2.027068,0.835091,0.817769,0.965327,0.531071
165,0.542969,0.688542,0.000000,0.000000,0.000000,0.000000,0.000000
165,0.138281,0.107292,0.000000,0.000000,0.000000,0.000000,0.000000
165,0.367969,0.277083,0.000000,0.000000,0.000000,0.000000,0.000000
165,0.628125,0.843750,0.000000,0.000000,0.000000,0.000000,0.000000
166,0.072837,0.624866,0.038992,1.000000,0.999974,0.000000,-0.164360
166,0.203138,0.949933,0.024408,1.000000,0.999959,0.000000,-0.132118
166,0.187945,0.888631,0.027414,1.000000,0.999994,0.000006,0.196170
166,0.300556,0.912562,0.023024,1.000000,0.999957,0.000000,-0.083064
166,0.642524,0.853275,0.009184,0.987199,0.484981,0.174617,-0.146603
166,0.635908,0.846865,0.019633,1.000000,0.999824,0.000209,-0.242658
166,0.704274,0.832782,0.197618,0.998977,1.187740,0.048260,0.740395
166,0.859936,0.748079,0.003906,0.999981,1.000565,0.000274,0.948770
166,0.919212,0.645830,0.043479,1.000000,1.000007,0.000072,-0.384638
166,0.804517,0.490285,0.018681,0.999999,0.999871,0.000050,-0.832050
166,0.850562,0.305542,0.054973,1.000000,0.999982,0.000000,0.242536
166,0.866763,0.224524,0.024239,1.000000,0.999736,0.000173,-0.707212
166,0.832841,0.262539,0.026186,1.000000,0.999985,0.000023,-0.707204
166,0.754687,0.352879,0.035917,0.967294,3.339592,1.536386,0.034403
166,0.760156,0.866667,1.963222,0.997843,0.922626,0.040812,0.582311
166,0.958213,0.105208,0.016527,1.000000,0.999940,0.000000,0.000000
166,0.865714,0.068288,0.026780,1.000000,0.999963,0.000000,-0.447201
166,0.843166,0.033333,0.005493,1.000000,0.998585,0.000000,0.000000
166,0.675795,0.124489,0.013553,1.000000,0.999926,0.000000,-0.447189
166,0.651002,0.171875,0.014652,1.000000,0.999932,0.000000,0.000000
166,0.612187,0.293241,0.039890,1.000000,0.999895,0.000051,-0.110464
166,0.588293,0.458349,0.006190,0.999997,0.999838,0.000000,-0.706970
166,0.556250,0.486458,0.000000,0.000000,0.000000,0.000000,0.000000
166,0.495593,0.656544,0.008189,1.000000,0.999508,0.000185,0.894427
166,0.405333,0.573279,0.048609,1.000000,0.999948,0.000062,0.894427
166,0.384984,0.550458,0.022360,1.000000,0.999955,0.000000,0.894427
166,0.385938,0.453419,0.032608,1.000000,0.999969,0.000000,1.000000
166,0.366693,0.410385,0.113481,1.000000,0.999990,0.000021,-0.672677
166,0.332626,0.428125,0.002894,1.000000,0.999070,0.000000,0.000000
166,0.334068,0.442708,0.002043,1.000000,1.000341,0.000000,0.000000
166,0.234532,0.506000,0.028485,1.000000,0.999965,0.000000,0.196116
166,0.169792,0.432639,0.009808,1.000000,0.999898,0.000000,0.894427
166,0.155895,0.387500,0.012396,1.000000,0.999851,0.000000,0.000000
166,0.124010,0.317708,0.006370,1.000000,0.999843,0.000000,0.000000
166,0.032812,0.314583,0.000000,0.000000,0.000000,0.000000,0.000000
166,0.024637,0.310975,0.000963,0.999987,1.000203,0.001245,-0.707547
166,0.363638,0.806685,0.021202,1.000000,0.999893,0.000149,0.371363
166,0.322884,0.328982,0.012382,1.000000,0.999919,0.000000,-0.242503
166,0.399715,0.345171,0.003393,1.000000,1.000412,0.000000,-0.707107
166,0.484130,0.311458,0.008698,1.000000,1.000275,0.000000,0.000000
166,0.595618,0.215625,0.006436,1.000000,0.999318,0.000000,0.000000
166,0.438322,0.048629,0.172962,1.000000,1.039208,0.000000,-0.316229
166,0.431369,0.024311,0.015211,1.000000,0.999937,0.000007,0.371427
166,0.407502,0.157488,0.015347,1.000000,0.999986,0.000215,0.973397
166,0.428063,0.167229,0.005046,0.999999,0.999127,0.000150,0.447214
166,0.384941,0.207387,0.029012,1.000000,1.000021,0.000018,0.316237
166,0.429589,0.246228,0.008687,1.000000,0.999761,0.000370,-0.948703
166,0.401502,0.300796,0.022291,1.000000,0.999955,0.000000,-0.607470
166,0.879313,0.188375,0.042162,1.000000,0.999983,0.000019,-0.316246
166,0.636601,0.654324,0.010176,1.000000,1.000373,0.000000,-0.707107
166,0.535937,0.562500,0.000000,0.000000,0.000000,0.000000,0.000000
166,0.582031,0.689583,0.000000,0.000000,0.000000,0.000000,0.000000
166,0.569531,0.653125,0.000000,0.000000,0.000000,0.000000,0.000000
166,0.122325,0.102978,0.033113,1.000000,0.999974,0.000012,-0.316232
166,0.366406,0.264583,0.000000,0.000000,0.000000,0.000000,0.000000
166,0.373082,0.555871,1.839126,0.984689,0.648738,0.247988,-0.951783
166,0.676250,0.375417,2.392480,0.999358,1.128209,0.287130,-0.594202
166,0.942031,0.883125,1.735792,0.968371,1.015796,0.739549,0.928375
166,0.185547,0.847917,3.280730,0.785558,0.927549,0.398614,-0.129339
166,0.882031,0.490625,1.308162,0.893197,1.022403,0.362207,-0.570558
166,0.201719,0.129583,1.964149,0.921972,0.716114,0.310033,0.536875
166,0.085807,0.724132,1.545142,0.956120,1.422082,1.079915,-0.490955
166,0.542188,0.976042,1.925156,0.623119,0.862116,1.377501,-0.995701
166,0.890365,0.981250,2.373608,0.999885,0.512989,0.333309,-0.842696
166,0.542969,0.688542,0.000000,0.000000,0.000000,0.000000,0.000000
166,0.138281,0.107292,0.000000,0.000000,0.000000,0.000000,0.000000
166,0.367969,0.277083,0.000000,0.000000,0.000000,0.000000,0.000000
166,0.628125,0.843750,0.000000,0.000000,0.000000,0.000000,0.000000
167,0.069468,0.623001,0.038221,1.000000,0.999982,0.000008,-0.707079
167,0.199924,0.949362,0.024408,1.000000,0.999959,0.000000,-0.132118
167,0.184375,0.889583,0.003788,1.000000,0.999736,0.000000,-1.000000
167,0.297508,0.912223,0.023024,1.000000,0.999956,0.000000,-0.083064
167,0.641457,0.853125,0.006402,1.000000,0.999844,0.000000,0.000000
167,0.633378,0.846022,0.019632,1.000000,0.999907,0.000167,-0.242495
167,0.718973,0.866577,0.239471,1.000000,0.999996,0.000000,0.954480
167,0.860100,0.748735,0.003903,0.999982,0.998920,0.000274,0.948683
167,0.913882,0.642869,0.043479,1.000000,0.999977,0.000000,-0.384638
167,0.803141,0.487532,0.430458,0.963137,1.919114,0.573513,0.536005
167,0.837767,0.302820,0.240214,1.000000,0.999999,0.000006,-0.406144
167,0.867969,0.221783,0.013605,1.000000,0.999927,0.000000,-1.000000
167,0.828344,0.257958,0.089446,1.000000,0.999989,0.000000,-0.447198
167,0.750171,0.353125,0.039062,1.000000,0.999974,0.000000,0.000000
167,0.958759,0.104798,0.011017,0.999999,0.999927,0.000034,-0.447183
167,0.862810,0.066457,0.015891,1.000000,0.999937,0.000000,-0.316228
167,0.841668,0.032466,0.015006,1.000000,0.999933,0.000000,-0.447264
167,0.671903,0.121417,0.054128,1.000000,0.999977,0.000007,-0.524102
167,0.649056,0.171875,0.014652,1.000000,0.999932,0.000000,0.000000
167,0.608428,0.292488,0.005545,0.999998,0.999820,0.000000,-0.707260
167,0.587712,0.457574,0.006190,0.999997,0.999838,0.000000,-0.706970
167,0.556250,0.486458,0.000000,0.000000,0.000000,0.000000,0.000000
167,0.495088,0.656993,0.005635,1.000000,0.999823,0.000000,-0.707107
167,0.402446,0.580978,0.019051,1.000000,0.659118,1.052811,-0.640219
167,0.382643,0.552535,0.011013,1.000000,0.999565,0.000000,0.894427
167,0.384870,0.456580,0.027269,1.000000,0.999963,0.000000,-0.447214
167,0.362171,0.405510,0.013470,1.000000,0.999926,0.000000,-0.447214
167,0.332242,0.428125,0.002894,1.000000,0.999655,0.000000,0.000000
167,0.333797,0.442708,0.002043,1.000000,0.999511,0.000000,0.000000
167,0.230822,0.506989,0.028487,1.000000,0.999965,0.000000,0.196105
167,0.169209,0.434192,0.009808,1.000000,0.999898,0.000000,0.894427
167,0.154248,0.387500,0.012396,1.000000,0.999851,0.000000,0.000000
167,0.123164,0.317708,0.006370,1.000000,0.999843,0.000000,0.000000
167,0.032812,0.314583,0.000000,0.000000,0.000000,0.000000,0.000000
167,0.024547,0.310854,0.000963,0.999985,0.998963,0.000000,-0.707547
167,0.361024,0.808079,0.021200,1.000000,0.999953,0.000000,0.371391
167,0.321288,0.328450,0.012382,1.000000,0.999919,0.000000,-0.242503
167,0.400013,0.344810,0.001343,0.999979,0.997462,0.001783,0.707107
167,0.482976,0.311458,0.008698,1.000000,1.000275,0.000000,0.000000
167,0.594763,0.215625,0.006436,1.000000,0.999318,0.000000,0.000000
167,0.424716,0.044034,0.078996,1.000000,0.999987,0.000003,-0.164399
167,0.429493,0.025312,0.015214,1.000000,1.000139,0.000089,0.371344
167,0.407035,0.160133,0.015347,1.000000,0.999932,0.000228,0.973397
167,0.427464,0.167628,0.032957,0.970083,6.525677,0.682602,0.911164
167,0.381286,0.209012,0.029012,1.000000,0.999966,0.000000,0.316210
167,0.428906,0.244792,0.011405,1.000000,0.999965,0.000053,-0.707181
167,0.399150,0.298398,0.022292,1.000000,0.999941,0.000107,-0.607518
167,0.874000,0.186014,0.042169,1.000000,1.000129,0.000051,-0.316198
167,0.637442,0.653125,0.007426,1.000000,0.999865,0.000000,0.000000
167,0.535937,0.562500,0.000000,0.000000,0.000000,0.000000,0.000000
167,0.582031,0.689583,0.000000,0.000000,0.000000,0.000000,0.000000
167,0.569531,0.653125,0.000000,0.000000,0.000000,0.000000,0.000000
167,0.120025,0.101987,0.004312,1.000000,0.999578,0.000048,-0.242582
167,0.366406,0.264583,0.000000,0.000000,0.000000,0.000000,0.000000
167,0.442656,0.252083,2.268216,0.974191,1.287086,0.673578,-0.874581
167,0.886849,0.289236,1.904677,0.714597,0.968445,0.373548,-0.258510
167,0.751562,0.421094,0.529712,0.792656,0.235654,0.452056,0.113743
167,0.220508,0.721354,1.582489,0.999394,0.960656,1.906291,-0.955475
167,0.452187,0.789583,2.102763,0.903980,0.974229,0.612722,-0.659686
167,0.954687,0.573611,3.297662,0.731181,0.995986,0.119830,-0.940062
167,0.542969,0.688542,0.000000,0.000000,0.000000,0.000000,0.000000
167,0.138281,0.107292,0.000000,0.000000,0.000000,0.000000,0.000000
167,0.367969,0.277083,0.000000,0.000000,0.000000,0.000000,0.000000
167,0.628125,0.843750,0.000000,0.000000,0.000000,0.000000,0.000000
168,0.064668,0.609375,0.020408,1.000000,0.999951,0.000000,0.000000
168,0.197430,0.948732,0.007248,0.999999,1.000236,0.000304,-0.600206
168,0.184375,0.888913,0.003788,1.000000,0.999736,0.000000,-1.000000
168,0.294461,0.911885,0.023023,1.000000,0.999944,0.000147,-0.082918
168,0.640607,0.853125,0.006402,1.000000,0.999844,0.000000,0.000000
168,0.631287,0.845833,0.014791,1.000000,0.999703,0.000000,0.000000
168,0.697656,0.903125,0.360252,0.850844,1.288872,0.532260,0.543742
168,0.860264,0.749390,0.003903,0.999978,0.998924,0.000274,0.948683
168,0.908552,0.639907,0.043478,1.000000,0.999947,0.000072,-0.384571
168,0.781250,0.438657,0.789247,0.816960,0.493166,0.880919,0.769362
168,0.824955,0.303065,0.020201,1.000000,0.999654,0.000178,-0.707191
168,0.867969,0.219374,0.013606,1.000000,0.999989,0.000000,-1.000000
168,0.820539,0.251645,0.029424,1.000000,1.000069,0.000206,-0.894352
168,0.746457,0.353125,0.008620,1.000000,0.999884,0.000000,0.000000
168,0.957451,0.103925,0.011010,0.999999,0.999359,0.000275,-0.447398
168,0.860808,0.065567,0.015891,1.000000,0.999933,0.000013,-0.316216
168,0.839886,0.031278,0.015012,1.000000,1.000337,0.000202,-0.447084
168,0.665780,0.116393,0.025141,0.999218,0.464438,0.024796,-0.502796
168,0.646917,0.171470,0.017110,1.000000,0.999757,0.000087,-0.196145
168,0.607907,0.291793,0.005548,0.999997,1.000037,0.000216,-0.707107
168,0.587077,0.457292,0.005012,1.000000,0.999801,0.000000,0.000000
168,0.556250,0.486458,0.004066,1.000000,4065.619873,0.000000,0.000000
168,0.494559,0.656287,0.005635,1.000000,1.000674,0.000000,-0.707107
168,0.400469,0.579167,0.019051,1.000000,1.000198,0.000023,-0.640219
168,0.381989,0.554280,0.011017,1.000000,1.000253,0.000000,0.894427
168,0.383091,0.455579,0.008128,1.000000,0.999877,0.000000,0.707107
168,0.360570,0.404443,0.013470,1.000000,0.999982,0.000113,-0.447314
168,0.331857,0.428125,0.002894,1.000000,0.999655,0.000000,0.000000
168,0.333526,0.442708,0.002041,1.000000,0.998681,0.000000,0.000000
168,0.230070,0.508312,0.009279,1.000000,0.999974,0.000163,0.894391
168,0.168173,0.435994,0.025641,1.000000,0.999921,0.000053,0.599989
168,0.151953,0.386458,0.033385,1.000000,0.999970,0.000000,-0.554712
168,0.122393,0.317007,0.011070,1.000000,1.000081,0.000000,-0.894427
168,0.032812,0.314583,0.000000,0.000000,0.000000,0.000000,0.000000
168,0.024456,0.310734,0.000963,0.999985,0.998963,0.000000,-0.707547
168,0.358629,0.809233,0.011934,1.000000,1.000186,0.000090,-0.948683
168,0.319383,0.328125,0.018017,1.000000,0.999850,0.000000,0.000000
168,0.400140,0.344978,0.001346,0.999961,1.001053,0.001783,0.706477
168,0.481821,0.311458,0.008694,1.000000,0.999885,0.000000,0.000000
168,0.593908,0.215625,0.006436,1.000000,0.999318,0.000000,0.000000
168,0.417209,0.038599,0.061261,1.000000,0.999959,0.000050,-0.894445
168,0.427617,0.026312,0.015214,1.000000,1.000144,0.000076,0.371350
168,0.406569,0.162778,0.015347,1.000000,0.999986,0.000215,0.973397
168,0.422724,0.185160,0.130637,1.000000,0.999992,0.000000,0.942984
168,0.379609,0.209375,0.008333,1.000000,0.999880,0.000000,0.000000
168,0.427835,0.243364,0.011404,1.000000,0.999912,0.000000,-0.707144
168,0.397442,0.296875,0.004425,1.000000,0.999774,0.000000,0.000000
168,0.868688,0.183653,0.042162,1.000000,0.999817,0.000032,-0.316228
168,0.636456,0.653125,0.007426,1.000000,0.999865,0.000000,0.000000
168,0.535937,0.562500,0.000000,0.000000,0.000000,0.000000,0.000000
168,0.582031,0.689583,0.000000,0.000000,0.000000,0.000000,0.000000
168,0.569531,0.653125,0.000000,0.000000,0.000000,0.000000,0.000000
168,0.119469,0.101802,0.004313,1.000000,0.999768,0.000000,-0.242536
168,0.366406,0.264583,0.000000,0.000000,0.000000,0.000000,0.000000
168,0.850781,0.386458,1.921240,0.784833,1.022748,0.555404,-0.910051
168,0.133854,0.780035,1.756720,0.933739,1.733678,0.955878,0.063223
168,0.057031,0.076042,2.583940,0.957079,1.417098,0.239409,0.802305
168,0.385156,0.558333,1.903506,0.943367,1.041167,0.327685,-0.997751
168,0.990938,0.516042,1.244472,0.840228,0.740904,0.235164,-0.770394
168,0.967969,0.598958,4.135231,0.725932,2.063900,1.913365,0.429359
168,0.210754,0.991544,0.005964,0.999997,1.000086,0.000127,-0.447441
168,0.737500,0.044792,2.207240,0.875479,1.356543,1.161841,0.201247
168,0.441563,0.178125,2.884431,0.986987,1.674157,0.535882,-0.992449
168,0.542969,0.688542,0.000000,0.000000,0.000000,0.000000,0.000000
168,0.138281,0.107292,0.000000,0.000000,0.000000,0.000000,0.000000
168,0.367969,0.277083,0.000000,0.000000,0.000000,0.000000,0.000000
168,0.628125,0.843750,0.000000,0.000000,0.000000,0.000000,0.000000
169,0.058974,0.611314,0.050556,1.000000,0.999980,0.000000,0.274721
169,0.196651,0.947953,0.007246,0.999998,0.999862,0.000000,-0.599906
169,0.184375,0.888234,0.003788,1.000000,0.999736,0.000000,-1.000000
169,0.291378,0.911542,0.023025,1.000000,0.999956,0.000000,-0.083058
169,0.639747,0.853125,0.006402,1.000000,0.999844,0.000000,0.000000
169,0.629299,0.845833,0.014791,1.000000,0.999932,0.000000,0.000000
169,0.666094,0.893125,0.311906,1.000000,0.999998,0.000011,-0.997458
169,0.860430,0.750054,0.003903,0.999978,0.999748,0.000000,0.948683
169,0.903159,0.636911,0.022247,0.609362,0.511666,0.556027,0.160585
169,0.781985,0.458701,1.455760,0.434980,0.765928,2.722103,0.696710
169,0.823711,0.302862,0.049505,1.000000,0.999946,0.000007,0.980570
169,0.867249,0.217791,0.010175,0.999999,0.999961,0.000059,-0.707065
169,0.819531,0.248316,0.008333,1.000000,0.999880,0.000000,-1.000000
169,0.745268,0.353155,0.031720,1.000000,1.000088,0.000000,0.447214
169,0.956193,0.103201,0.006485,0.999998,0.999106,0.000739,0.707303
169,0.858782,0.064667,0.020549,1.000000,1.252050,0.277419,0.000000
169,0.838082,0.030076,0.015012,1.000000,0.999937,0.000006,-0.447084
169,0.663757,0.114901,0.010649,1.000000,1.000191,0.000142,-0.447182
169,0.644662,0.170868,0.017110,1.000000,0.999951,0.000049,-0.196145
169,0.607381,0.291091,0.005547,0.999998,0.999820,0.000000,-0.706954
169,0.586403,0.457292,0.005012,1.000000,0.999801,0.000000,0.000000
169,0.555427,0.486458,0.007317,1.000000,0.999863,0.000000,0.000000
169,0.494024,0.655574,0.005635,1.000000,0.999823,0.000000,-0.707107
169,0.398502,0.576982,0.019049,1.000000,0.999902,0.000194,-0.640114
169,0.381327,0.556045,0.017901,1.000000,1.625296,1.892547,-0.707107
169,0.383863,0.456609,0.008128,1.000000,0.999877,0.000000,0.707107
169,0.361326,0.404946,0.013077,1.000000,0.999924,0.000000,0.447162
169,0.331468,0.428125,0.002894,1.000000,0.999655,0.000000,0.000000
169,0.333251,0.442708,0.002041,1.000000,0.998681,0.000000,0.000000
169,0.230628,0.509799,0.009278,1.000000,0.999811,0.000163,0.894464
169,0.165417,0.438750,0.025641,1.000000,0.999961,0.000000,0.599989
169,0.147702,0.383211,0.094850,1.000000,0.999989,0.000000,-0.124033
169,0.121728,0.315233,0.011070,1.000000,1.000081,0.000000,-0.894427
169,0.032812,0.314583,0.000000,0.000000,0.000000,0.000000,0.000000
169,0.024365,0.310612,0.000962,0.999985,0.998962,0.000000,-0.706666
169,0.359136,0.807205,0.011931,1.000000,0.999647,0.000090,-0.948655
169,0.316962,0.328125,0.018017,1.000000,0.999945,0.000000,0.000000
169,0.400267,0.345148,0.001346,0.999961,1.001053,0.001783,0.706477
169,0.482948,0.310327,0.027603,1.000000,0.999826,0.000000,-0.447214
169,0.593042,0.215625,0.006436,1.000000,0.999318,0.000000,0.000000
169,0.414604,0.034375,0.013336,1.000000,0.999925,0.000000,0.000000
169,0.425719,0.027325,0.015214,1.000000,1.000139,0.000089,0.371344
169,0.406485,0.163956,0.012022,1.000000,0.999980,0.000031,-0.894498
169,0.417501,0.202875,0.020170,1.000000,0.999950,0.000000,-0.371362
169,0.378490,0.209375,0.008333,1.000000,0.999880,0.000000,0.000000
169,0.426752,0.241919,0.011529,0.710489,1.010897,0.686770,-0.098520
169,0.396847,0.296875,0.004425,1.000000,0.999774,0.000000,0.000000
169,0.865625,0.180652,0.021277,1.000000,0.999953,0.000000,-1.000000
169,0.635458,0.653125,0.007426,1.000000,1.000322,0.000000,0.000000
169,0.535937,0.562500,0.000000,0.000000,0.000000,0.000000,0.000000
169,0.582031,0.689583,0.000000,0.000000,0.000000,0.000000,0.000000
169,0.569531,0.653125,0.000000,0.000000,0.000000,0.000000,0.000000
169,0.118907,0.101615,0.004313,1.000000,0.999768,0.000000,-0.242536
169,0.366406,0.264583,0.000000,0.000000,0.000000,0.000000,0.000000
169,0.930357,0.385268,1.048379,0.950145,0.608923,0.691385,-0.111545
169,0.035937,0.811161,1.285158,0.896725,1.081046,0.706023,-0.957256
169,0.186719,0.417708,2.542054,0.999806,1.126745,0.592839,0.684910
169,0.327273,0.326231,1.748227,0.972285,1.245308,0.189037,-0.915154
169,0.992188,0.422822,0.278931,0.690349,0.208252,0.096331,-0.995364
169,0.945871,0.765923,3.026315,0.537172,0.995478,0.163490,0.956881
169,0.210037,0.991067,0.005963,0.999997,0.999832,0.000636,-0.446986
169,0.916016,0.142188,2.299564,0.964890,0.935433,0.590780,0.550842
169,0.542969,0.688542,0.000000,0.000000,0.000000,0.000000,0.000000
169,0.138281,0.107292,0.000000,0.000000,0.000000,0.000000,0.000000
169,0.367969,0.277083,0.000000,0.000000,0.000000,0.000000,0.000000
169,0.628125,0.843750,0.000000,0.000000,0.000000,0.000000,0.000000
170,0.053306,0.613783,0.020496,1.000000,0.999966,0.000015,0.707096
170,0.195881,0.947183,0.007246,0.999999,0.999768,0.000070,-0.599963
170,0.184375,0.887563,0.008438,0.999999,1.959626,0.889264,-0.447254
170,0.288061,0.910319,0.027029,1.000000,0.999963,0.000000,-0.316265
170,0.638896,0.853125,0.006402,1.000000,0.999844,0.000000,0.000000
170,0.627334,0.845833,0.014794,1.000000,1.000162,0.000000,0.000000
170,0.677912,0.852367,0.206154,1.000000,1.413895,0.372774,-0.242543
170,0.860594,0.750710,0.003903,0.999978,0.998924,0.000274,0.948683
170,0.902344,0.638203,0.008275,0.446491,0.711639,0.636893,0.803947
170,0.816820,0.474142,0.820268,1.000000,1.064719,0.408244,-0.474100
170,0.825000,0.311458,0.475746,1.000000,0.999998,0.000000,0.242536
170,0.866294,0.216517,0.010175,0.999999,0.999961,0.000059,-0.707065
170,0.819491,0.246848,0.014428,1.000000,1.000325,0.000263,-0.447120
170,0.741500,0.355666,0.031716,1.000000,0.999968,0.000000,0.447214
170,0.955583,0.104014,0.006485,0.999998,0.999800,0.000046,0.707303
170,0.856122,0.064583,0.020549,1.000000,0.999951,0.000000,0.000000
170,0.836472,0.029331,0.008834,0.999999,0.999196,0.000332,0.447415
170,0.662493,0.114058,0.010646,1.000000,0.999621,0.000142,-0.447309
170,0.642434,0.170274,0.017110,1.000000,0.999932,0.000049,-0.196097
170,0.607946,0.290625,0.020905,1.000000,0.999790,0.000000,0.000000
170,0.585738,0.457292,0.005012,1.000000,0.999125,0.000000,0.000000
170,0.554455,0.486458,0.007317,1.000000,0.999863,0.000000,0.000000
170,0.494114,0.654723,0.008037,1.000000,0.999876,0.000000,-0.707107
170,0.396984,0.575145,0.012684,1.000000,0.999921,0.000000,-0.707107
170,0.379767,0.554272,0.017902,1.000000,1.000011,0.000067,-0.707059
170,0.384661,0.457673,0.009243,1.000000,0.999892,0.000000,0.707107
170,0.362879,0.405982,0.013075,1.000000,0.999865,0.000116,0.447214
170,0.331084,0.428125,0.002894,1.000000,0.999655,0.000000,0.000000
170,0.332980,0.442708,0.002041,1.000000,0.999510,0.000000,0.000000
170,0.231179,0.511268,0.008826,0.766323,0.951111,3.141511,-0.894427
170,0.162692,0.441474,0.008770,1.000000,0.438101,2.062887,-1.000000
170,0.135202,0.381127,0.094850,1.000000,0.999989,0.000000,-0.124033
170,0.121075,0.313542,0.004099,1.000000,0.999963,0.000000,0.000000
170,0.032812,0.314583,0.000000,0.000000,0.000000,0.000000,0.000000
170,0.024275,0.310491,0.000962,0.999984,0.998962,0.000000,-0.706611
170,0.359637,0.805200,0.011934,1.000000,1.000186,0.000090,-0.948683
170,0.314569,0.328125,0.017093,0.982563,0.948572,0.045341,-0.045325
170,0.400394,0.345316,0.001343,0.999979,0.997462,0.001783,0.707107
170,0.484036,0.309601,0.005057,1.000000,0.999802,0.000000,0.447214
170,0.592188,0.215625,0.010164,1.000000,0.999902,0.000000,-0.447214
170,0.412938,0.034375,0.012197,1.000000,1.000196,0.000000,0.000000
170,0.424100,0.028283,0.006312,0.999999,0.999830,0.000012,0.707258
170,0.407199,0.162052,0.012023,0.999999,0.999980,0.000032,-0.894385
170,0.415013,0.201549,0.020170,1.000000,0.999966,0.000039,-0.371398
170,0.377383,0.209375,0.051853,1.000000,1.388441,0.000000,0.000000
170,0.425659,0.242872,0.011687,1.000000,0.999915,0.000000,0.707143
170,0.396260,0.296875,0.004425,1.000000,0.999774,0.000000,0.000000
170,0.864701,0.176893,0.029881,1.000000,1.000127,0.000160,-0.707022
170,0.634472,0.653125,0.007423,1.000000,0.999409,0.000000,0.000000
170,0.535937,0.562500,0.000000,0.000000,0.000000,0.000000,0.000000
170,0.582031,0.689583,0.000000,0.000000,0.000000,0.000000,0.000000
170,0.569531,0.653125,0.000000,0.000000,0.000000,0.000000,0.000000
170,0.118351,0.101430,0.004312,1.000000,0.999768,0.000000,-0.242582
170,0.366406,0.264583,0.000000,0.000000,0.000000,0.000000,0.000000
170,0.376563,0.684375,2.128099,0.999492,0.910638,0.005718,0.864830
170,0.057292,0.784722,1.911114,0.990879,1.417348,1.019008,-0.925754
170,0.337500,0.071875,1.827160,0.705641,1.062038,1.057128,-0.784221
170,0.209329,0.990594,0.005963,0.999997,0.999834,0.000636,-0.447555
170,0.542969,0.688542,0.000000,0.000000,0.000000,0.000000,0.000000
170,0.138281,0.107292,0.000000,0.000000,0.000000,0.000000,0.000000
170,0.367969,0.277083,0.000000,0.000000,0.000000,0.000000,0.000000
170,0.628125,0.843750,0.000000,0.000000,0.000000,0.000000,0.000000
171,0.053917,0.614598,0.029059,1.000000,1.000038,0.000093,-0.707121
171,0.195111,0.946413,0.007246,0.999999,0.999768,0.000070,-0.599963
171,0.183467,0.886895,0.008438,0.999999,0.999882,0.000000,-0.447254
171,0.284655,0.908805,0.027028,1.000000,0.999923,0.000119,-0.316152
171,0.638046,0.853125,0.006402,1.000000,0.999844,0.000000,0.000000
171,0.625370,0.845833,0.024767,0.857368,1.673990,0.678831,-0.627883
171,0.695376,0.853913,0.256400,1.000000,1.000000,0.000013,0.948682
171,0.860758,0.751366,0.003903,0.999982,0.998916,0.000274,0.948683
171,0.901905,0.637957,0.005591,0.999990,1.000249,0.000429,-0.707107
171,0.737500,0.466667,1.205377,0.834260,1.190002,1.227471,-0.753793
171,0.782077,0.304228,0.295282,1.000000,0.854249,0.312473,0.752577
171,0.865338,0.215243,0.010175,0.999999,0.999961,0.000059,-0.707065
171,0.817777,0.245706,0.014428,0.999999,0.999904,0.000052,-0.447120
171,0.739062,0.356842,0.007195,1.000000,0.999861,0.000000,-1.000000
171,0.954974,0.104826,0.006490,0.999996,1.000587,0.000739,0.706813
171,0.853778,0.064412,0.007252,1.000000,0.999220,0.000682,-0.707194
171,0.835422,0.030031,0.008834,0.999999,0.999206,0.000354,0.447425
171,0.660383,0.113185,0.026419,1.000000,0.999962,0.000000,-0.196116
171,0.640533,0.169669,0.005199,0.999998,0.999808,0.000000,-0.707188
171,0.610722,0.290625,0.020905,1.000000,0.999790,0.000000,0.000000
171,0.585072,0.457292,0.005012,1.000000,0.999801,0.000000,0.000000
171,0.553483,0.486458,0.007317,1.000000,0.999863,0.000000,0.000000
171,0.494869,0.653717,0.008032,1.000000,0.999279,0.000000,-0.707107
171,0.395792,0.573557,0.012684,1.000000,0.999921,0.000000,-0.707107
171,0.378109,0.552061,0.007442,0.999999,0.999866,0.000000,-0.707107
171,0.385529,0.458830,0.009243,1.000000,0.999892,0.000000,0.707107
171,0.361731,0.405217,0.017607,1.000000,0.999900,0.000129,-0.447291
171,0.330699,0.428125,0.002894,1.000000,0.999655,0.000000,0.000000
171,0.332709,0.442708,0.002043,1.000000,1.000341,0.000000,0.000000
171,0.230797,0.510249,0.008769,1.000000,0.999886,0.000000,-0.894427
171,0.162500,0.440223,0.008772,1.000000,0.999886,0.000000,-1.000000
171,0.123175,0.379079,0.034648,1.000000,0.999971,0.000000,-0.242513
171,0.120530,0.313542,0.004098,1.000000,0.999756,0.000000,0.000000
171,0.032812,0.314583,0.000000,0.000000,0.000000,0.000000,0.000000
171,0.024184,0.310371,0.000963,0.999985,1.000205,0.001245,-0.707547
171,0.360139,0.803196,0.021803,1.000000,1.177615,0.175714,-0.371391
171,0.313345,0.327169,0.009684,1.000000,0.999649,0.000000,-0.707107
171,0.400520,0.345485,0.001345,0.999966,1.001054,0.001783,0.705845
171,0.483435,0.310002,0.005057,1.000000,0.999053,0.000000,0.447214
171,0.590980,0.214820,0.010164,1.000000,0.999902,0.000000,-0.447214
171,0.384375,0.042483,0.108108,1.000000,0.999991,0.000000,-1.000000
171,0.423507,0.029074,0.006314,0.999999,0.999842,0.000000,0.706989
171,0.407884,0.160512,0.005397,1.000000,0.999815,0.000000,0.707342
171,0.412526,0.200222,0.020170,1.000000,1.000122,0.000023,-0.371398
171,0.370700,0.209375,0.051851,1.000000,0.999948,0.000000,0.000000
171,0.424561,0.244335,0.011687,1.000000,0.999914,0.000000,0.707143
171,0.395211,0.297463,0.010352,1.000000,0.999903,0.000000,0.447279
171,0.861895,0.173151,0.029881,1.000000,1.000127,0.000160,-0.707022
171,0.633485,0.653125,0.007426,1.000000,0.999865,0.000000,0.000000
171,0.535937,0.562500,0.000000,0.000000,0.000000,0.000000,0.000000
171,0.582031,0.689583,0.000000,0.000000,0.000000,0.000000,0.000000
171,0.569531,0.653125,0.000000,0.000000,0.000000,0.000000,0.000000
171,0.117796,0.101244,0.004313,1.000000,0.999792,0.000095,-0.242536
171,0.366406,0.264583,0.000000,0.000000,0.000000,0.000000,0.000000
171,0.086806,0.751157,1.675898,0.998413,0.591478,0.966595,-0.885398
171,0.277679,0.179613,2.180514,0.953225,1.120934,0.498348,0.999643
171,0.776563,0.570833,2.344272,0.441025,0.761840,0.711478,0.345439
171,0.486875,0.848958,3.010673,0.596231,1.137198,1.360715,-0.371391
171,0.208621,0.990122,0.005963,0.999997,0.999832,0.000000,-0.446986
171,0.542969,0.688542,0.000000,0.000000,0.000000,0.000000,0.000000
171,0.138281,0.107292,0.000000,0.000000,0.000000,0.000000,0.000000
171,0.367969,0.277083,0.000000,0.000000,0.000000,0.000000,0.000000
171,0.628125,0.843750,0.000000,0.000000,0.000000,0.000000,0.000000
172,0.051188,0.610959,0.029060,1.000000,0.999976,0.000010,-0.707114
172,0.194341,0.945643,0.007246,0.999998,0.999956,0.000070,-0.599906
172,0.182465,0.886226,0.008438,0.999999,0.999882,0.000000,-0.447254
172,0.281250,0.907292,0.024299,1.000000,0.999959,0.000000,-0.141363
172,0.637196,0.853125,0.006402,1.000000,0.999844,0.000000,0.000000
172,0.621811,0.841802,0.054900,1.000000,0.999982,0.000000,0.062382
172,0.683634,0.891587,0.336573,1.000000,1.820295,1.363305,-0.371391
172,0.860922,0.752022,0.005541,1.000000,1.354954,0.273941,1.000000
172,0.901380,0.637257,0.005591,0.999990,1.000249,0.000429,-0.707107
172,0.749107,0.414583,1.094691,1.000000,5.262805,1.122468,0.664363
172,0.757629,0.317586,0.649726,1.000000,1.041701,0.236290,-0.090537
172,0.864001,0.215707,0.018607,0.999999,0.999946,0.000000,0.707152
172,0.818449,0.242067,0.188654,1.000000,1.734147,2.245548,-0.110432
172,0.739062,0.355568,0.007195,1.000000,0.999861,0.000000,-1.000000
172,0.954429,0.104864,0.005199,0.999993,0.999808,0.000000,-0.707188
172,0.853097,0.063504,0.007252,1.000000,0.999862,0.000000,-0.707194
172,0.834372,0.030731,0.008834,0.999999,0.999201,0.000343,0.447415
172,0.656942,0.112268,0.026419,1.000000,0.999962,0.000000,-0.196116
172,0.640045,0.169018,0.005199,0.999998,0.999808,0.000000,-0.707188
172,0.613499,0.290625,0.020908,1.000000,1.000114,0.000000,0.000000
172,0.584406,0.457292,0.013218,0.999999,1.381166,0.174675,-0.706978
172,0.552511,0.486458,0.007317,1.000000,0.999863,0.000000,0.000000
172,0.492518,0.657383,0.077593,1.000000,1.000016,0.000033,0.752563
172,0.394601,0.571968,0.018914,1.000000,1.223992,0.465217,0.242388
172,0.377410,0.551129,0.007442,0.999999,0.999866,0.000000,-0.707107
172,0.386746,0.459375,0.011493,1.000000,0.999766,0.000000,0.000000
172,0.359683,0.402905,0.032251,1.000000,0.999969,0.000000,-0.894427
172,0.330977,0.428125,0.009569,1.000000,0.999896,0.000000,0.000000
172,0.332438,0.442708,0.002043,1.000000,0.999511,0.000000,0.000000
172,0.230276,0.508860,0.008769,1.000000,0.999886,0.000000,-0.894427
172,0.162500,0.438670,0.008772,1.000000,0.999886,0.000000,-1.000000
172,0.118711,0.377591,0.034648,1.000000,0.999971,0.000000,-0.242559
172,0.119986,0.313542,0.004099,1.000000,0.999756,0.000000,0.000000
172,0.032812,0.314583,0.000000,0.000000,0.000000,0.000000,0.000000
172,0.024094,0.310250,0.000963,0.999987,0.998963,0.000000,-0.707547
172,0.362750,0.801742,0.021803,1.000000,0.999954,0.000000,-0.371391
172,0.312408,0.325980,0.011015,1.000000,0.999909,0.000000,-0.447275
172,0.400646,0.345653,0.001344,0.999976,0.999256,0.000000,0.707737
172,0.482834,0.310403,0.038961,1.000000,1.408464,0.027445,0.000000
172,0.589773,0.214015,0.010164,1.000000,0.999902,0.000000,-0.447214
172,0.380051,0.033842,0.076710,0.788181,1.043079,2.980593,-0.464220
172,0.422914,0.029864,0.006314,0.999999,0.999842,0.000000,0.706989
172,0.408391,0.161188,0.005399,0.999999,1.000371,0.000333,0.707028
172,0.409974,0.199019,0.030097,1.000000,1.000083,0.000000,0.242536
172,0.365587,0.209011,0.017280,1.000000,0.999942,0.000000,-0.316228
172,0.423463,0.245799,0.003649,1.000000,0.671055,0.374177,0.000000
172,0.393981,0.298283,0.010351,1.000000,0.999830,0.000147,0.447148
172,0.861287,0.173742,0.016492,0.999998,0.999940,0.000000,0.970124
172,0.632559,0.653294,0.006715,0.999997,1.000077,0.000452,0.447416
172,0.535937,0.562500,0.000000,0.000000,0.000000,0.000000,0.000000
172,0.582031,0.689583,0.000000,0.000000,0.000000,0.000000,0.000000
172,0.569531,0.653125,0.000000,0.000000,0.000000,0.000000,0.000000
172,0.117240,0.101059,0.004313,1.000000,0.999959,0.000048,-0.242536
172,0.366406,0.264583,0.000000,0.000000,0.000000,0.000000,0.000000
172,0.246094,0.263542,2.940392,0.856918,1.504077,2.911106,0.970143
172,0.671875,0.380208,3.912500,0.629244,2.026171,1.354635,-0.714589
172,0.484896,0.657986,2.264895,0.944545,0.989898,1.090469,-0.402521
172,0.207912,0.989650,0.008804,0.986373,1.476261,0.395643,-0.068333
172,0.987500,0.453125,0.053971,1.000000,0.999880,0.000074,-0.588215
172,0.542969,0.688542,0.000000,0.000000,0.000000,0.000000,0.000000
172,0.138281,0.107292,0.000000,0.000000,0.000000,0.000000,0.000000
172,0.367969,0.277083,0.000000,0.000000,0.000000,0.000000,0.000000
172,0.628125,0.843750,0.000000,0.000000,0.000000,0.000000,0.000000
173,0.050000,0.608531,0.008263,1.000000,0.999879,0.000000,-1.000000
173,0.193562,0.944864,0.007246,0.999998,0.999955,0.000070,-0.599906
173,0.181450,0.885550,0.007557,0.976913,0.895482,0.080921,-0.518088
173,0.278018,0.906676,0.024299,1.000000,0.999979,0.000138,-0.141500
173,0.636336,0.853125,0.006405,1.000000,1.000373,0.000000,0.000000
173,0.614448,0.842416,0.054903,1.000000,0.999982,0.000000,0.062378
173,0.653988,0.862847,0.349559,1.000000,0.999994,0.000009,-0.953584
173,0.860937,0.752984,0.005537,1.000000,0.999208,0.000000,1.000000
173,0.900849,0.636549,0.046844,0.990981,8.383471,1.237164,0.435782
173,0.757812,0.450000,0.758094,0.999946,1.065453,0.595561,-0.578154
173,0.713477,0.315104,0.230349,1.000000,0.907039,0.075199,0.124035
173,0.862233,0.218065,0.018611,0.999999,1.000172,0.000290,0.706947
173,0.795671,0.233643,0.012049,1.000000,0.058318,1.205934,-1.000000
173,0.733008,0.356362,0.063135,1.000000,0.999988,0.000026,0.141440
173,0.953935,0.104205,0.005199,0.999993,0.999808,0.000000,-0.707188
173,0.852408,0.062585,0.004313,1.000000,0.622547,0.735379,0.000000
173,0.832297,0.031250,0.036079,1.000000,0.999784,0.000000,0.000000
173,0.653847,0.111537,0.004877,1.000000,0.999734,0.000062,0.707063
173,0.639551,0.168359,0.005199,0.999998,0.999808,0.000000,-0.707188
173,0.616308,0.290625,0.010750,0.999999,0.760477,0.994633,-0.894396
173,0.583178,0.455695,0.013218,0.999999,1.000106,0.000181,-0.706978
173,0.551538,0.486426,0.007347,0.999999,0.999864,0.000000,-0.707107
173,0.485652,0.667845,0.056523,0.989287,0.728461,0.043381,0.723320
173,0.392209,0.572649,0.018914,1.000000,0.999947,0.000000,0.242557
173,0.376702,0.550186,0.012363,0.924200,1.660642,0.418894,-0.358203
173,0.388290,0.459375,0.011493,1.000000,0.999913,0.000000,0.000000
173,0.357745,0.397736,0.032251,1.000000,0.999922,0.000023,-0.894427
173,0.332263,0.428125,0.009569,1.000000,0.999896,0.000000,0.000000
173,0.332163,0.442708,0.002043,1.000000,0.999511,0.000000,0.000000
173,0.229749,0.507455,0.016095,1.000000,1.835322,0.124355,-0.832050
173,0.162500,0.437098,0.008772,1.000000,0.999886,0.000000,-1.000000
173,0.114315,0.375442,0.035095,1.000000,0.999949,0.000010,-0.393911
173,0.119531,0.313808,0.008511,1.000000,0.999883,0.000000,1.000000
173,0.032812,0.314583,0.000000,0.000000,0.000000,0.000000,0.000000
173,0.024002,0.310128,0.000962,0.999984,0.998962,0.000000,-0.706666
173,0.365470,0.800291,0.021803,1.000000,0.999954,0.000000,-0.371391
173,0.311084,0.325098,0.011015,1.000000,0.999909,0.000000,-0.447275
173,0.400774,0.345823,0.001344,0.999976,0.998356,0.002675,0.707737
173,0.477760,0.310417,0.038961,1.000000,0.999974,0.000000,0.000000
173,0.588451,0.213542,0.010871,1.000000,0.999908,0.000000,0.000000
173,0.375562,0.026208,0.206261,0.966560,0.639587,0.248330,-0.267517
173,0.422300,0.031158,0.010401,0.999999,0.999904,0.000000,0.894384
173,0.408904,0.161872,0.005399,0.999999,1.000260,0.000444,0.707028
173,0.406050,0.200327,0.030097,1.000000,1.000083,0.000000,0.242536
173,0.363384,0.208032,0.017280,1.000000,0.999927,0.000046,-0.316228
173,0.422958,0.245833,0.003649,1.000000,0.999726,0.000000,0.000000
173,0.392874,0.299210,0.008437,1.000000,0.999882,0.000000,0.894387
173,0.861825,0.176608,0.016492,0.999998,0.999940,0.000000,0.970124
173,0.631752,0.653832,0.006715,0.999997,0.999851,0.000000,0.447416
173,0.535937,0.562500,0.000000,0.000000,0.000000,0.000000,0.000000
173,0.582031,0.689583,0.000000,0.000000,0.000000,0.000000,0.000000
173,0.569531,0.653125,0.000000,0.000000,0.000000,0.000000,0.000000
173,0.116678,0.100872,0.004313,1.000000,0.999959,0.000048,-0.242536
173,0.366406,0.264583,0.000000,0.000000,0.000000,0.000000,0.000000
173,0.358239,0.462784,2.204085,1.000000,1.144732,0.156714,0.872506
173,0.543750,0.261458,1.289849,0.801739,0.545795,2.390210,0.995655
173,0.675000,0.638542,3.332931,0.847215,1.034883,3.116970,0.980454
173,0.206701,0.989583,0.009615,1.000000,0.999720,0.000000,0.000000
173,0.981634,0.447437,0.053970,1.000000,0.999880,0.000074,-0.588194
173,0.401278,0.913352,2.136849,1.000000,1.043651,1.015150,-0.489252
173,0.518229,0.104167,2.217499,0.889518,0.967780,0.128522,-0.016899
173,0.542969,0.688542,0.000000,0.000000,0.000000,0.000000,0.000000
173,0.138281,0.107292,0.000000,0.000000,0.000000,0.000000,0.000000
173,0.367969,0.277083,0.000000,0.000000,0.000000,0.000000,0.000000
173,0.628125,0.843750,0.000000,0.000000,0.000000,0.000000,0.000000
174,0.050000,0.607068,0.008263,1.000000,0.999879,0.000000,-1.000000
174,0.192792,0.944094,0.007246,0.999999,0.999955,0.000070,-0.599906
174,0.181038,0.884850,0.004470,1.000000,0.999183,0.000509,-0.894275
174,0.274823,0.906067,0.024299,1.000000,0.999959,0.000000,-0.141500
174,0.635485,0.853125,0.006402,1.000000,0.999844,0.000000,0.000000
174,0.607170,0.843022,0.054903,1.000000,0.999982,0.000000,0.062378
174,0.667314,0.822816,0.191659,0.985449,1.018957,0.155850,-0.375152
174,0.860937,0.753965,0.005541,1.000000,0.999820,0.000000,1.000000
174,0.897656,0.638285,0.003971,1.000000,1.000602,0.000000,-1.000000
174,0.765505,0.467628,0.533334,1.000000,1.072929,0.798913,-1.000000
174,0.687798,0.330605,0.196116,1.000000,1.074800,0.146187,0.196111
174,0.860242,0.218750,0.015747,1.000000,0.999937,0.000000,0.000000
174,0.792969,0.230359,0.012048,1.000000,0.999847,0.000000,-1.000000
174,0.726986,0.355773,0.023008,0.714635,0.780898,0.930679,0.144770
174,0.953447,0.103554,0.005199,0.999993,0.999808,0.000000,-0.707188
174,0.851825,0.062500,0.004313,1.000000,1.001342,0.000000,0.000000
174,0.827505,0.031250,0.036079,1.000000,0.999784,0.000000,0.000000
174,0.653389,0.112148,0.004877,1.000000,0.999856,0.000062,0.707107
174,0.639063,0.167708,0.014152,1.000000,0.999929,0.000000,-0.447214
174,0.615790,0.288982,0.010750,0.999999,0.999907,0.000353,-0.894553
174,0.581936,0.454040,0.013216,1.000000,0.999834,0.000091,-0.707107
174,0.550848,0.485506,0.007347,0.999999,0.999864,0.000000,-0.707107
174,0.482905,0.670445,0.014375,1.000000,1.000080,0.000299,0.316086
174,0.389772,0.573461,0.018914,1.000000,0.999947,0.000000,0.242557
174,0.373419,0.550000,0.029585,1.000000,0.999966,0.000000,0.000000
174,0.386024,0.457350,0.051761,1.000000,0.999981,0.000000,-0.447201
174,0.355829,0.392628,0.030090,0.926038,0.932983,0.236201,-0.764940
174,0.333534,0.428125,0.005181,1.000000,0.726306,3.141593,0.000000
174,0.331892,0.442708,0.002041,1.000000,0.998681,0.000000,0.000000
174,0.228641,0.505199,0.016095,1.000000,0.999938,0.000000,-0.832050
174,0.161629,0.437233,0.013404,1.000000,0.999996,0.000105,0.554759
174,0.110030,0.372993,0.035095,1.000000,0.999972,0.000000,-0.393911
174,0.119531,0.315315,0.008511,1.000000,0.999883,0.000000,1.000000
174,0.032812,0.314583,0.000000,0.000000,0.000000,0.000000,0.000000
174,0.023912,0.310008,0.000962,0.999984,0.998962,0.000000,-0.706666
174,0.368039,0.798865,0.010552,0.999999,0.999678,0.000227,-0.706946
174,0.309775,0.324225,0.011015,1.000000,0.999703,0.000069,-0.447152
174,0.400900,0.345992,0.001345,0.999966,1.001054,0.001783,0.705845
174,0.472585,0.310417,0.038961,1.000000,0.999887,0.000000,0.000000
174,0.587007,0.213542,0.010868,1.000000,0.999596,0.000000,0.000000
174,0.393215,0.019737,0.247863,1.000000,0.398009,0.936959,-0.789355
174,0.421682,0.032805,0.010401,0.999999,0.999904,0.000000,0.894386
174,0.409375,0.162500,0.000000,0.000000,0.000000,0.000000,0.000000
174,0.401723,0.199877,0.039596,1.000000,0.999975,0.000000,-0.371405
174,0.361331,0.207033,0.013889,1.000000,0.999928,0.000000,-0.447214
174,0.422474,0.245833,0.003649,1.000000,0.999726,0.000000,0.000000
174,0.392373,0.300546,0.008437,1.000000,0.999881,0.000000,0.894387
174,0.862356,0.179442,0.016492,0.999998,1.000039,0.000399,0.970124
174,0.630954,0.654364,0.006716,0.999997,0.999851,0.000000,0.446810
174,0.535937,0.562500,0.000000,0.000000,0.000000,0.000000,0.000000
174,0.582031,0.689583,0.000000,0.000000,0.000000,0.000000,0.000000
174,0.569531,0.653125,0.000000,0.000000,0.000000,0.000000,0.000000
174,0.116122,0.100686,0.004313,1.000000,0.999768,0.000000,-0.242536
174,0.366406,0.264583,0.000000,0.000000,0.000000,0.000000,0.000000
174,0.448580,0.755398,1.599721,0.997947,1.241975,0.061498,0.892138
174,0.491406,0.385417,2.714779,0.685648,1.113812,1.641037,0.561112
174,0.820625,0.803958,0.824622,1.000000,0.583095,1.673877,-0.242534
174,0.711719,0.056250,2.553256,0.639120,1.252482,0.692055,0.465279
174,0.423611,0.976273,1.327851,0.949214,1.223903,0.417046,-0.653811
174,0.205424,0.989583,0.009615,1.000000,0.999720,0.000000,0.000000
174,0.974888,0.439435,0.080813,1.000000,1.000003,0.000015,-0.707117
174,0.242188,0.700000,1.912469,0.928445,0.952549,0.276532,-0.606985
174,0.047656,0.076042,2.181863,0.939008,1.031587,0.132776,0.976187
174,0.307366,0.140774,2.291255,0.637833,1.375003,0.086739,0.152057
174,0.542969,0.688542,0.000000,0.000000,0.000000,0.000000,0.000000
174,0.138281,0.107292,0.000000,0.000000,0.000000,0.000000,0.000000
174,0.367969,0.277083,0.000000,0.000000,0.000000,0.000000,0.000000
174,0.628125,0.843750,0.000000,0.000000,0.000000,0.000000,0.000000
175,0.050000,0.605604,0.008267,1.000000,0.999879,0.000000,-1.000000
175,0.192022,0.943324,0.007246,0.999998,0.999862,0.000000,-0.599906
175,0.180772,0.884142,0.004470,1.000000,0.999183,0.000509,-0.894275
175,0.271628,0.905459,0.024300,1.000000,1.000028,0.000010,-0.141353
175,0.634635,0.853125,0.006405,1.000000,1.000373,0.000000,0.000000
175,0.599893,0.843629,0.047962,0.999810,0.873561,0.006810,0.055580
175,0.685770,0.836905,0.239578,1.000000,0.999996,0.000000,0.894424
175,0.860937,0.754946,0.005541,1.000000,0.999820,0.000000,1.000000
175,0.897656,0.637583,0.003967,1.000000,0.999748,0.000000,-1.000000
175,0.765625,0.442531,0.018867,1.000000,0.999857,0.000000,-1.000000
175,0.672614,0.326042,0.027025,1.000000,0.999963,0.000000,0.000000
175,0.858594,0.218391,0.009569,1.000000,0.999896,0.000000,-1.000000
175,0.792969,0.228225,0.006622,1.000000,0.732958,0.000000,-1.000000
175,0.724989,0.357306,0.019780,1.000000,0.999889,0.000061,0.707064
175,0.953000,0.103125,0.002760,1.000000,0.999638,0.000000,0.000000
175,0.851253,0.062500,0.004306,1.000000,0.999768,0.000000,0.000000
175,0.822713,0.031250,0.017356,1.000000,0.893148,0.153734,-0.706963
175,0.652931,0.112759,0.004877,1.000000,0.999795,0.000000,0.707107
175,0.637381,0.166588,0.014152,1.000000,0.999903,0.000054,-0.447214
175,0.615152,0.287280,0.010752,0.999999,1.000048,0.000071,-0.894427
175,0.580695,0.452385,0.013217,1.000000,0.999924,0.000000,-0.707171
175,0.550158,0.484586,0.007347,0.999999,0.999864,0.000000,-0.707107
175,0.481094,0.671250,0.014376,1.000000,1.000229,0.000149,0.316299
175,0.387146,0.573050,0.025687,1.000000,0.999972,0.000147,-0.514564
175,0.369490,0.550000,0.031133,0.791686,1.052271,0.471092,-0.453860
175,0.379876,0.453250,0.051761,1.000000,0.999981,0.000000,-0.447201
175,0.352773,0.390768,0.025769,1.000000,0.999961,0.000000,-0.242582
175,0.332938,0.428125,0.005181,1.000000,0.999807,0.000000,0.000000
175,0.331621,0.442708,0.002041,1.000000,0.998681,0.000000,0.000000
175,0.227455,0.502827,0.016098,1.000000,0.999996,0.000088,-0.832034
175,0.160148,0.438549,0.013404,1.000000,0.999996,0.000105,0.554759
175,0.105902,0.370701,0.023185,1.000000,0.999937,0.000070,-0.274663
175,0.119531,0.316822,0.008511,1.000000,0.999883,0.000000,1.000000
175,0.032812,0.314583,0.000000,0.000000,0.000000,0.000000,0.000000
175,0.023821,0.309887,0.000962,0.999984,0.999041,0.000078,-0.706611
175,0.369030,0.797544,0.010553,1.000000,0.999905,0.000000,-0.707187
175,0.309042,0.323958,0.003610,1.000000,0.999723,0.000000,0.000000
175,0.401026,0.346160,0.001344,0.999976,0.997464,0.001783,0.707737
175,0.468750,0.310536,0.002611,1.000000,0.999617,0.000000,1.000000
175,0.585803,0.213362,0.005547,0.999998,0.999820,0.000000,-0.706954
175,0.421094,0.034403,0.003344,1.000000,0.999701,0.000000,1.000000
175,0.409375,0.162500,0.000000,0.000000,0.000000,0.000000,0.000000
175,0.396841,0.197273,0.036997,0.958773,0.934345,0.389903,-0.696441
175,0.359681,0.205933,0.013889,1.000000,0.999928,0.000000,-0.447214
175,0.421989,0.245833,0.003649,1.000000,0.999726,0.000000,0.000000
175,0.391872,0.301883,0.008437,1.000000,0.999882,0.000000,0.894387
175,0.861699,0.178073,0.018481,0.999999,0.999946,0.000000,-0.894372
175,0.630157,0.654896,0.006715,0.999997,0.999851,0.000000,0.447416
175,0.535937,0.562500,0.000000,0.000000,0.000000,0.000000,0.000000
175,0.582031,0.689583,0.000000,0.000000,0.000000,0.000000,0.000000
175,0.569531,0.653125,0.000000,0.000000,0.000000,0.000000,0.000000
175,0.115566,0.100501,0.004313,1.000000,0.999768,0.000000,-0.242536
175,0.366406,0.264583,0.000000,0.000000,0.000000,0.000000,0.000000
175,0.376207,0.491856,2.436462,0.992741,1.249633,1.230557,0.903426
175,0.528906,0.134896,2.292778,0.791924,0.991010,0.741238,0.930155
175,0.302307,0.874603,1.025056,0.994934,1.095652,0.080707,-0.331629
175,0.469318,0.971875,0.448764,1.000000,0.705196,1.951303,-0.928477
175,0.203884,0.988726,0.018294,1.000000,0.999945,0.000000,-0.624650
175,0.970476,0.436458,0.023254,1.000000,0.999665,0.000000,0.000000
175,0.669323,0.129028,0.985583,0.999624,1.045368,0.031902,0.984935
175,0.049805,0.553906,2.014348,0.999368,1.379062,0.432464,-0.772726
175,0.103516,0.190625,2.424671,0.655030,0.889275,0.132133,0.251852
175,0.542969,0.688542,0.000000,0.000000,0.000000,0.000000,0.000000
175,0.138281,0.107292,0.000000,0.000000,0.000000,0.000000,0.000000
175,0.367969,0.277083,0.000000,0.000000,0.000000,0.000000,0.000000
175,0.628125,0.843750,0.000000,0.000000,0.000000,0.000000,0.000000
176,0.049421,0.605208,0.005882,1.000000,0.999866,0.000000,0.000000
176,0.191406,0.942708,0.000000,0.000000,0.000000,0.000000,0.000000
176,0.180503,0.883425,0.004473,0.999999,0.999692,0.000170,-0.894503
176,0.268113,0.903253,0.033178,1.000000,0.999871,0.000057,-0.554653
176,0.632655,0.854272,0.020516,1.000000,1.000025,0.000222,0.447081
176,0.595886,0.843750,0.023671,1.000000,1.000101,0.000000,0.000000
176,0.658878,0.875852,0.274407,1.000000,0.999995,0.000012,-0.110422
176,0.860937,0.755938,0.005541,1.000000,0.999820,0.000000,1.000000
176,0.897656,0.636872,0.003967,1.000000,0.998894,0.000000,-1.000000
176,0.763698,0.443056,0.406884,1.000000,0.999993,0.000007,-0.819235
176,0.668627,0.323849,0.037954,1.000000,0.999974,0.000000,-0.554721
176,0.858594,0.216677,0.009569,1.000000,0.999896,0.000000,-1.000000
176,0.792969,0.226994,0.006623,1.000000,0.999977,0.000000,-1.000000
176,0.723016,0.359749,0.021590,1.000000,0.999910,0.000065,0.554646
176,0.952629,0.103125,0.002767,1.000000,1.002094,0.000000,0.000000
176,0.850679,0.062228,0.009127,0.999998,0.999890,0.000000,-0.894390
176,0.821027,0.029077,0.017351,1.000000,0.999938,0.000004,-0.707159
176,0.652468,0.113376,0.004877,1.000000,0.999734,0.000062,0.707063
176,0.635680,0.165454,0.014152,1.000000,0.999903,0.000054,-0.447214
176,0.615634,0.286458,0.011237,1.000000,0.999911,0.000000,0.000000
176,0.579233,0.450799,0.018440,1.000000,0.999946,0.000000,-0.371454
176,0.549460,0.483655,0.007347,0.999999,0.999864,0.000000,-0.707107
176,0.479835,0.671482,0.010547,0.999999,0.999905,0.000000,-0.894427
176,0.384186,0.570682,0.025687,1.000000,0.999972,0.000147,-0.514564
176,0.368016,0.545106,0.034221,1.000000,0.999980,0.000048,-0.980575
176,0.373655,0.449103,0.066791,1.000000,1.081105,0.051661,-0.274731
176,0.349414,0.389648,0.049491,1.000000,1.362854,0.068255,-0.406123
176,0.332242,0.428125,0.005181,1.000000,0.999807,0.000000,0.000000
176,0.331346,0.442708,0.002041,1.000000,0.999510,0.000000,0.000000
176,0.226299,0.500515,0.013815,1.000000,0.999928,0.000000,-0.832050
176,0.158649,0.439882,0.013404,1.000000,0.999996,0.000105,0.554759
176,0.102906,0.369559,0.023185,1.000000,0.999957,0.000000,-0.274731
176,0.119803,0.317346,0.006832,1.000000,0.999854,0.000000,-0.707045
176,0.032812,0.314583,0.000000,0.000000,0.000000,0.000000,0.000000
176,0.023730,0.309765,0.000962,0.999984,0.998962,0.000000,-0.706611
176,0.368607,0.796464,0.014505,1.000000,0.999857,0.000222,-0.316052
176,0.308557,0.323958,0.003610,1.000000,0.999723,0.000000,0.000000
176,0.401154,0.346330,0.001344,0.999976,0.997464,0.001783,0.707737
176,0.468750,0.311004,0.002611,1.000000,0.999617,0.000000,1.000000
176,0.585276,0.212659,0.005547,0.999998,0.999820,0.000000,-0.706954
176,0.421094,0.035002,0.003344,1.000000,0.999638,0.000000,1.000000
176,0.409375,0.162500,0.000000,0.000000,0.000000,0.000000,0.000000
176,0.393835,0.192358,0.035698,1.000000,0.999946,0.000040,-0.832065
176,0.358198,0.204417,0.015213,1.000000,0.999873,0.000093,-0.832067
176,0.424519,0.249359,0.036260,1.000000,0.999972,0.000000,0.707153
176,0.391330,0.303226,0.009821,1.000000,0.999898,0.000000,0.707107
176,0.860561,0.176544,0.012624,0.999999,0.999921,0.000000,0.707241
176,0.629687,0.654384,0.010990,1.000000,0.999909,0.000000,-1.000000
176,0.535937,0.562500,0.000000,0.000000,0.000000,0.000000,0.000000
176,0.582031,0.689583,0.000000,0.000000,0.000000,0.000000,0.000000
176,0.569531,0.653125,0.000000,0.000000,0.000000,0.000000,0.000000
176,0.115004,0.100314,0.004313,1.000000,0.999768,0.000000,-0.242536
176,0.366406,0.264583,0.000000,0.000000,0.000000,0.000000,0.000000
176,0.319141,0.770833,1.696478,0.503860,0.778521,2.554206,-0.371391
176,0.377969,0.247917,2.385986,0.851260,1.552820,0.546958,0.500551
176,0.171875,0.795937,1.284204,0.992606,1.023975,0.017851,-0.571199
176,0.442634,0.944345,0.188564,1.000000,0.286337,0.566730,-0.707107
176,0.201964,0.986679,0.018294,1.000000,0.999945,0.000000,-0.624650
176,0.964531,0.436458,0.045157,0.975890,0.846720,0.158242,-0.157582
176,0.642969,0.293750,0.955596,0.984439,0.983299,0.328869,0.977707
176,0.542969,0.688542,0.000000,0.000000,0.000000,0.000000,0.000000
176,0.138281,0.107292,0.000000,0.000000,0.000000,0.000000,0.000000
176,0.367969,0.277083,0.000000,0.000000,0.000000,0.000000,0.000000
176,0.628125,0.843750,0.000000,0.000000,0.000000,0.000000,0.000000
177,0.048640,0.605208,0.005882,1.000000,0.999866,0.000000,0.000000
177,0.191406,0.942708,0.000000,0.000000,0.000000,0.000000,0.000000
177,0.180238,0.882717,0.004473,0.999999,0.999776,0.000000,-0.894503
177,0.264446,0.899994,0.033181,1.000000,1.000069,0.000057,-0.554700
177,0.631001,0.855208,0.004425,1.000000,0.999774,0.000000,0.000000
177,0.592742,0.843750,0.036565,0.994501,1.544619,0.140143,-0.139685
177,0.631889,0.853693,0.200002,1.000000,0.831771,0.451925,-1.000000
177,0.860572,0.755276,0.009017,0.999998,1.000228,0.000673,-0.894277
177,0.894375,0.640833,0.079264,0.549866,0.934083,0.719816,0.065507
177,0.780692,0.465327,1.379556,0.904392,1.168358,0.741748,-0.195237
177,0.658906,0.318542,0.400043,1.000000,3.162544,2.521340,0.808736
177,0.858594,0.214982,0.009570,1.000000,0.999896,0.000000,-1.000000
177,0.792196,0.226901,0.040259,1.000000,0.999962,0.000016,0.640180
177,0.720631,0.361870,0.021591,1.000000,1.000084,0.000087,0.554700
177,0.952262,0.103125,0.002760,1.000000,0.999638,0.000000,0.000000
177,0.850137,0.060782,0.009127,0.999998,0.999890,0.000000,-0.894385
177,0.819337,0.027083,0.017754,1.000000,1.000326,0.000000,0.000000
177,0.648162,0.113542,0.043165,1.000000,0.999977,0.000000,0.000000
177,0.633999,0.164333,0.014152,1.000000,0.999929,0.000000,-0.447214
177,0.617126,0.286458,0.011237,1.000000,0.999911,0.000000,0.000000
177,0.576958,0.449586,0.018443,1.000000,0.999946,0.000000,-0.371391
177,0.548770,0.482735,0.007347,0.999999,0.999864,0.000000,-0.707107
177,0.480461,0.669811,0.010547,0.999999,0.999761,0.000288,-0.894427
177,0.381260,0.568342,0.025688,1.000000,1.000029,0.000113,-0.514535
177,0.367091,0.539455,0.014505,1.000000,0.999931,0.000000,-0.707165
177,0.365209,0.445824,0.066789,1.000000,0.999961,0.000007,-0.274714
177,0.343565,0.386233,0.049491,1.000000,0.999949,0.000014,-0.406123
177,0.332031,0.428125,0.000000,0.000000,0.000000,0.000000,0.000000
177,0.331075,0.442708,0.002043,1.000000,1.000341,0.000000,0.000000
177,0.225281,0.498479,0.013814,1.000000,0.999928,0.000000,-0.832013
177,0.156794,0.439946,0.019701,1.000000,0.999988,0.000019,-0.447231
177,0.099820,0.367895,0.030817,1.000000,0.999998,0.000046,-0.554719
177,0.120445,0.316491,0.006833,1.000000,0.999854,0.000000,-0.707169
177,0.032812,0.314583,0.000000,0.000000,0.000000,0.000000,0.000000
177,0.023640,0.309644,0.000962,0.999985,0.998962,0.000000,-0.706666
177,0.366779,0.795652,0.014506,1.000000,1.000042,0.000037,-0.316263
177,0.308078,0.323958,0.003610,1.000000,0.999254,0.000000,0.000000
177,0.401280,0.346499,0.001345,0.999966,1.001054,0.001783,0.705845
177,0.468750,0.311467,0.002611,1.000000,0.999617,0.000000,1.000000
177,0.584755,0.211965,0.005545,0.999998,0.999820,0.000000,-0.707260
177,0.421094,0.035594,0.003344,1.000000,0.999701,0.000000,1.000000
177,0.409375,0.162500,0.000000,0.000000,0.000000,0.000000,0.000000
177,0.391446,0.190625,0.017095,1.000000,1.000041,0.000000,0.000000
177,0.357077,0.202176,0.015213,1.000000,0.999919,0.000124,-0.832085
177,0.427925,0.253900,0.025393,1.000000,0.807889,2.705102,-0.554677
177,0.390408,0.304456,0.009821,1.000000,0.999898,0.000000,0.707107
177,0.859375,0.178125,0.011768,0.999998,0.999915,0.000000,-0.894442
177,0.629687,0.652438,0.010986,1.000000,0.999909,0.000000,-1.000000
177,0.535937,0.562500,0.000000,0.000000,0.000000,0.000000,0.000000
177,0.582031,0.689583,0.000000,0.000000,0.000000,0.000000,0.000000
177,0.569531,0.653125,0.000000,0.000000,0.000000,0.000000,0.000000
177,0.114448,0.100129,0.004313,1.000000,0.999768,0.000000,-0.242536
177,0.366406,0.264583,0.000000,0.000000,0.000000,0.000000,0.000000
177,0.353906,0.922917,2.993437,0.734332,1.280458,0.854815,0.979347
177,0.181406,0.224583,2.322968,0.785143,0.856604,0.258758,0.223376
177,0.050781,0.718750,1.771913,0.999168,1.098357,0.032830,-0.941386
177,0.042708,0.698148,1.125604,0.990834,1.181623,0.376308,-0.375374
177,0.405990,0.899190,0.587591,0.709110,1.547879,0.284725,-0.800000
177,0.282188,0.848333,2.338266,0.892246,1.106774,0.302597,0.991600
177,0.199820,0.985417,0.019230,1.000000,0.999948,0.000000,0.000000
177,0.987079,0.606651,1.906900,0.557704,1.625167,1.233786,0.121890
177,0.982344,0.499167,1.915451,0.995999,1.603021,0.223633,-0.176664
177,0.959497,0.434180,0.072028,1.000000,0.999986,0.000000,-0.216930
177,0.612109,0.460417,0.992643,1.000000,0.999999,0.000000,0.951445
177,0.542969,0.688542,0.000000,0.000000,0.000000,0.000000,0.000000
177,0.138281,0.107292,0.000000,0.000000,0.000000,0.000000,0.000000
177,0.367969,0.277083,0.000000,0.000000,0.000000,0.000000,0.000000
177,0.628125,0.843750,0.000000,0.000000,0.000000,0.000000,0.000000
178,0.048437,0.603646,0.011905,1.000000,0.999916,0.000000,-1.000000
178,0.191406,0.942708,0.000000,0.000000,0.000000,0.000000,0.000000
178,0.179972,0.882008,0.004473,0.999999,0.999861,0.000170,-0.894427
178,0.260779,0.896734,0.033180,1.000000,0.999970,0.000000,-0.554724
178,0.630413,0.855208,0.004425,1.000000,0.999774,0.000000,0.000000
178,0.586563,0.842083,0.052684,1.000000,0.999981,0.000000,-0.216965
178,0.639382,0.822822,0.183233,1.000000,1.000001,0.000025,-0.496135
178,0.860037,0.753847,0.009017,1.000000,0.999887,0.000841,-0.894653
178,0.890469,0.632708,0.072280,1.000000,0.999942,0.000015,-0.948665
178,0.801786,0.377679,1.144464,0.874651,1.593885,0.402520,0.459854
178,0.629758,0.327178,0.552705,0.451847,1.039738,1.618168,-0.949141
178,0.857884,0.214583,0.006992,1.000000,0.999857,0.000000,0.000000
178,0.788397,0.230478,0.094427,1.000000,0.999989,0.000000,-0.980576
178,0.718521,0.362932,0.018179,1.000000,0.999862,0.000042,-0.894390
178,0.951895,0.103125,0.002760,1.000000,0.999638,0.000000,0.000000
178,0.849595,0.059337,0.009127,0.999998,0.999890,0.000000,-0.894385
178,0.816980,0.027083,0.017748,1.000000,0.999562,0.000000,0.000000
178,0.642479,0.113215,0.043847,1.000000,1.000051,0.000026,-0.447190
178,0.631911,0.163141,0.024326,1.000000,1.000091,0.000044,-0.316207
178,0.616777,0.287253,0.023050,1.000000,0.999792,0.000000,0.447214
178,0.574684,0.448373,0.018443,1.000000,0.999946,0.000000,-0.371391
178,0.547976,0.481676,0.009491,1.000000,0.999768,0.000379,-0.707196
178,0.481088,0.668141,0.010550,0.999999,1.000193,0.000144,-0.894491
178,0.378728,0.565388,0.025404,1.000000,0.999866,0.000094,-0.707040
178,0.365729,0.537639,0.014505,1.000000,0.999931,0.000000,-0.707165
178,0.359184,0.441845,0.043970,1.000000,0.999977,0.000000,-0.554700
178,0.337559,0.382674,0.049492,1.000000,0.999980,0.000000,-0.406110
178,0.332031,0.428125,0.000000,0.000000,0.000000,0.000000,0.000000
178,0.330804,0.442708,0.002043,1.000000,0.999511,0.000000,0.000000
178,0.224264,0.496444,0.013814,1.000000,0.999860,0.000102,-0.832107
178,0.154453,0.438386,0.019701,1.000000,0.999949,0.000000,-0.447231
178,0.096414,0.364868,0.005882,1.000000,0.209729,0.575017,0.000000
178,0.121086,0.315635,0.009616,1.000000,1.033146,0.066997,0.000000
178,0.032812,0.314583,0.000000,0.000000,0.000000,0.000000,0.000000
178,0.023549,0.309524,0.000962,0.999984,0.998962,0.000000,-0.706666
178,0.364951,0.794840,0.031624,1.000000,1.430048,0.000036,-0.316308
178,0.309058,0.322851,0.025213,1.000000,0.999923,0.000056,-0.554685
178,0.401407,0.346667,0.001343,0.999979,0.996571,0.000890,0.707107
178,0.468750,0.311929,0.002611,1.000000,0.999617,0.000000,1.000000
178,0.584094,0.211458,0.007812,1.000000,0.999872,0.000000,0.000000
178,0.421094,0.036187,0.003345,1.000000,0.999764,0.000000,1.000000
178,0.408952,0.162500,0.006944,1.000000,0.999856,0.000000,0.000000
178,0.388145,0.191191,0.044816,1.000000,0.999978,0.000000,0.242553
178,0.355957,0.199934,0.015213,1.000000,0.999873,0.000093,-0.832067
178,0.425484,0.251819,0.025392,1.000000,1.000053,0.000102,-0.554654
178,0.389096,0.305208,0.014492,1.000000,0.999931,0.000000,0.000000
178,0.860074,0.176261,0.011768,0.999998,0.999915,0.000000,-0.894442
178,0.629397,0.650654,0.010962,1.000000,0.999472,0.000000,-0.707107
178,0.535937,0.562500,0.000000,0.000000,0.000000,0.000000,0.000000
178,0.582031,0.689583,0.000000,0.000000,0.000000,0.000000,0.000000
178,0.569531,0.653125,0.000000,0.000000,0.000000,0.000000,0.000000
178,0.114063,0.100000,0.000000,0.000000,0.000000,0.000000,0.000000
178,0.366406,0.264583,0.000000,0.000000,0.000000,0.000000,0.000000
178,0.157031,0.890833,2.066403,0.932449,1.175278,0.078405,-0.240273
178,0.107478,0.411905,1.961345,0.961585,1.115473,0.374383,-0.965571
178,0.362870,0.860033,0.314270,1.000000,0.537385,0.814842,-0.707107
178,0.197266,0.985417,0.019231,1.000000,0.999948,0.000000,0.000000
178,0.835469,0.918958,1.874038,0.552981,1.476635,2.199590,0.588169
178,0.868620,0.665972,1.502313,1.000000,0.834776,2.716285,0.942990
178,0.866016,0.418750,1.449352,0.998564,0.823374,0.276255,0.165356
178,0.844892,0.347997,1.689001,0.840373,0.885996,0.482300,-0.730621
178,0.924805,0.450781,2.680543,0.994866,1.257729,1.306748,0.009259
178,0.950159,0.431413,0.072028,1.000000,0.999986,0.000000,-0.216930
178,0.551643,0.961925,1.122041,1.000000,1.421139,0.068594,-0.581239
178,0.574406,0.621292,0.848299,0.990239,0.928225,0.060826,0.893500
178,0.542969,0.688542,0.000000,0.000000,0.000000,0.000000,0.000000
178,0.138281,0.107292,0.000000,0.000000,0.000000,0.000000,0.000000
178,0.367969,0.277083,0.000000,0.000000,0.000000,0.000000,0.000000
178,0.628125,0.843750,0.000000,0.000000,0.000000,0.000000,0.000000
179,0.048437,0.601513,0.011905,1.000000,0.999916,0.000000,-1.000000
179,0.191406,0.942708,0.000000,0.000000,0.000000,0.000000,0.000000
179,0.179703,0.881292,0.000000,0.000000,0.000000,0.000000,0.000000
179,0.257070,0.893437,0.033180,1.000000,0.999970,0.000000,-0.554724
179,0.629819,0.855208,0.004425,1.000000,0.999774,0.000000,0.000000
179,0.579652,0.840036,0.052683,1.000000,0.999981,0.000000,-0.216903
179,0.659346,0.825965,0.333333,1.000000,1.642827,0.295444,1.000000
179,0.859495,0.752403,0.009017,0.999998,1.000228,0.000673,-0.894277
179,0.887397,0.620423,0.072281,1.000000,0.999986,0.000000,-0.948697
179,0.821205,0.422619,2.933051,0.982054,2.492890,1.623728,0.378032
179,0.595573,0.328819,0.560009,1.000000,0.836367,0.618861,0.274720
179,0.857031,0.213966,0.037037,1.000000,0.999973,0.000000,-1.000000
179,0.782031,0.215625,0.000000,0.000000,0.000000,0.000000,0.000000
179,0.717429,0.360019,0.018180,1.000000,0.999945,0.000000,-0.894409
179,0.951563,0.102455,0.035714,1.000000,0.999984,0.000000,-1.000000
179,0.848302,0.057111,0.030746,1.000000,1.000124,0.000156,-0.707059
179,0.813839,0.027753,0.079862,1.000000,1.000063,0.000039,0.447199
179,0.637209,0.109702,0.203279,1.000000,3.302106,1.045530,-0.894428
179,0.628810,0.161763,0.024326,1.000000,0.999948,0.000033,-0.316207
179,0.613038,0.288542,0.044444,1.000000,0.999978,0.000000,0.000000
179,0.572383,0.447146,0.018443,1.000000,0.999946,0.000000,-0.371391
179,0.547074,0.480474,0.009491,1.000000,0.999895,0.000000,-0.707196
179,0.481250,0.667708,0.000000,0.000000,0.000000,0.000000,0.000000
179,0.376315,0.562169,0.025406,1.000000,0.999961,0.000000,-0.707107
179,0.364351,0.535801,0.012894,1.000000,0.888929,0.000258,-0.707173
179,0.356617,0.440625,0.012346,1.000000,0.999919,0.000000,0.000000
179,0.331723,0.381250,0.042253,1.000000,0.999976,0.000000,0.000000
179,0.332031,0.428125,0.000000,0.000000,0.000000,0.000000,0.000000
179,0.330529,0.442708,0.002043,1.000000,0.999511,0.000000,0.000000
179,0.221962,0.493808,0.062113,1.000000,0.999984,0.000000,-0.447214
179,0.152086,0.436807,0.019701,1.000000,0.999949,0.000000,-0.447231
179,0.095377,0.364583,0.186339,1.000000,4.052179,0.044924,0.447214
179,0.119817,0.315625,0.009616,1.000000,0.999896,0.000000,0.000000
179,0.032812,0.314583,0.000000,0.000000,0.000000,0.000000,0.000000
179,0.023458,0.309402,0.000963,0.999985,0.998963,0.000000,-0.707547
179,0.361047,0.793104,0.031623,1.000000,0.999968,0.000000,-0.316212
179,0.311877,0.320345,0.025213,1.000000,0.999960,0.000000,-0.554685
179,0.401534,0.346837,0.001344,0.999976,0.997464,0.001783,0.707737
179,0.468750,0.312397,0.002611,1.000000,0.999617,0.000000,1.000000
179,0.583044,0.211458,0.007812,1.000000,0.999872,0.000000,0.000000
179,0.419981,0.037942,0.021427,1.000000,0.999960,0.000007,0.707136
179,0.408019,0.162500,0.006944,1.000000,0.999856,0.000000,0.000000
179,0.385641,0.192708,0.000000,0.000000,0.000000,0.000000,0.000000
179,0.354343,0.197457,0.020798,1.000000,0.999952,0.000000,-0.707107
179,0.423438,0.251163,0.023256,1.000000,0.999957,0.000000,1.000000
179,0.387149,0.305208,0.014492,1.000000,0.999931,0.000000,0.000000
179,0.860781,0.174375,0.011768,0.999998,0.999915,0.000000,-0.894442
179,0.628355,0.649265,0.010962,1.000000,0.999909,0.000000,-0.707107
179,0.535937,0.562500,0.000000,0.000000,0.000000,0.000000,0.000000
179,0.582031,0.689583,0.000000,0.000000,0.000000,0.000000,0.000000
179,0.569531,0.653125,0.000000,0.000000,0.000000,0.000000,0.000000
179,0.114063,0.100000,0.000000,0.000000,0.000000,0.000000,0.000000
179,0.366406,0.264583,0.000000,0.000000,0.000000,0.000000,0.000000
179,0.174219,0.092262,1.839767,0.996046,1.047379,0.069782,-0.970143
179,0.335224,0.821875,0.374827,1.000000,2.378501,0.180458,-0.242535
179,0.196094,0.984675,0.007575,1.000000,0.999421,0.000000,-1.000000
179,0.836024,0.926968,0.199999,1.000000,1.105258,0.674768,1.000000
179,0.797585,0.728788,1.232725,0.894434,0.718382,1.930969,-0.873363
179,0.651302,0.488542,1.892982,0.940883,1.035946,0.521366,0.533733
179,0.776705,0.120739,1.618226,0.971032,1.182222,0.200563,-0.707107
179,0.802604,0.557292,2.482332,0.821698,1.018478,0.500818,0.871576
179,0.942716,0.427206,0.053021,1.000000,0.999875,0.000071,-0.554730
179,0.442969,0.862821,1.252216,1.000000,1.019516,0.147550,-0.737153
179,0.527418,0.751042,1.107590,1.000000,0.999999,0.000000,0.902861
179,0.051228,0.242708,2.047795,0.938442,0.948366,0.902490,0.847998
179,0.542969,0.688542,0.000000,0.000000,0.000000,0.000000,0.000000
179,0.138281,0.107292,0.000000,0.000000,0.000000,0.000000,0.000000
179,0.367969,0.277083,0.000000,0.000000,0.000000,0.000000,0.000000
179,0.628125,0.843750,0.000000,0.000000,0.000000,0.000000,0.000000
180,0.612500,0.187500,0.000000,0.000000,0.000000,0.000000,0.000000
180,0.182812,0.081250,0.000000,0.000000,0.000000,0.000000,0.000000
180,0.421094,0.380208,0.000000,0.000000,0.000000,0.000000,0.000000
180,0.785156,0.545833,0.000000,0.000000,0.000000,0.000000,0.000000
180,0.444531,0.426042,0.000000,0.000000,0.000000,0.000000,0.000000
181,0.612500,0.187500,0.000000,0.000000,0.000000,0.000000,0.000000
181,0.182812,0.081250,0.000000,0.000000,0.000000,0.000000,0.000000
181,0.421094,0.380208,0.000000,0.000000,0.000000,0.000000,0.000000
181,0.785156,0.545833,0.000000,0.000000,0.000000,0.000000,0.000000
181,0.444531,0.426042,0.000000,0.000000,0.000000,0.000000,0.000000
182,0.612500,0.187500,0.000000,0.000000,0.000000,0.000000,0.000000
182,0.182812,0.081250,0.000000,0.000000,0.000000,0.000000,0.000000
182,0.421094,0.380208,0.000000,0.000000,0.000000,0.000000,0.000000
182,0.785156,0.545833,0.000000,0.000000,0.000000,0.000000,0.000000
182,0.444531,0.426042,0.000000,0.000000,0.000000,0.000000,0.000000
183,0.612500,0.187500,0.000000,0.000000,0.000000,0.000000,0.000000
183,0.182812,0.081250,0.000000,0.000000,0.000000,0.000000,0.000000
183,0.421094,0.380208,0.000000,0.000000,0.000000,0.000000,0.000000
183,0.785156,0.545833,0.000000,0.000000,0.000000,0.000000,0.000000
183,0.444531,0.426042,0.000000,0.000000,0.000000,0.000000,0.000000
184,0.612500,0.187500,0.000000,0.000000,0.000000,0.000000,0.000000
184,0.182812,0.081250,0.000000,0.000000,0.000000,0.000000,0.000000
184,0.421094,0.380208,0.000000,0.000000,0.000000,0.000000,0.000000
184,0.785156,0.545833,0.000000,0.000000,0.000000,0.000000,0.000000
184,0.444531,0.426042,0.000000,0.000000,0.000000,0.000000,0.000000
185,0.612500,0.187500,0.000000,0.000000,0.000000,0.000000,0.000000
185,0.182812,0.081250,0.000000,0.000000,0.000000,0.000000,0.000000
185,0.421094,0.380208,0.000000,0.000000,0.000000,0.000000,0.000000
185,0.785156,0.545833,0.000000,0.000000,0.000000,0.000000,0.000000
185,0.444531,0.426042,0.000000,0.000000,0.000000,0.000000,0.000000
186,0.081250,0.582292,0.000000,0.000000,0.000000,0.000000,0.000000
186,0.927344,0.308333,0.000000,0.000000,0.000000,0.000000,0.000000
187,0.081250,0.582292,0.000000,0.000000,0.000000,0.000000,0.000000
187,0.927344,0.308333,0.000000,0.000000,0.000000,0.000000,0.000000
188,0.081250,0.582292,0.000000,0.000000,0.000000,0.000000,0.000000
188,0.927344,0.308333,0.000000,0.000000,0.000000,0.000000,0.000000
189,0.081250,0.582292,0.000000,0.000000,0.000000,0.000000,0.000000
189,0.927344,0.308333,0.000000,0.000000,0.000000,0.000000,0.000000
190,0.081250,0.582292,0.000000,0.000000,0.000000,0.000000,0.000000
190,0.927344,0.308333,0.000000,0.000000,0.000000,0.000000,0.000000
191,0.081250,0.582292,0.000000,0.000000,0.000000,0.000000,0.000000
191,0.927344,0.308333,0.000000,0.000000,0.000000,0.000000,0.000000
192,0.081250,0.582292,0.000000,0.000000,0.000000,0.000000,0.000000
192,0.927344,0.308333,0.000000,0.000000,0.000000,0.000000,0.000000
193,0.081250,0.582292,0.000000,0.000000,0.000000,0.000000,0.000000
193,0.927344,0.308333,0.000000,0.000000,0.000000,0.000000,0.000000
194,0.081250,0.582292,0.000000,0.000000,0.000000,0.000000,0.000000
194,0.927344,0.308333,0.000000,0.000000,0.000000,0.000000,0.000000
195,0.422731,0.403175,0.053242,1.000000,1.000052,0.000000,-0.447214
195,0.910937,0.523958,0.000000,0.000000,0.000000,0.000000,0.000000
195,0.361328,0.838802,1.702844,0.985011,0.997767,0.598802,0.918573
195,0.587500,0.832292,0.000000,0.000000,0.000000,0.000000,0.000000
196,0.416406,0.398958,0.053238,1.000000,0.999981,0.000000,-0.447214
196,0.910937,0.523958,0.000000,0.000000,0.000000,0.000000,0.000000
196,0.231037,0.885795,1.719069,0.990040,1.405550,0.662031,-0.997496
196,0.587500,0.832292,0.000000,0.000000,0.000000,0.000000,0.000000
197,0.410007,0.394692,0.053238,1.000000,0.999981,0.000000,-0.447214
197,0.910937,0.523958,0.000000,0.000000,0.000000,0.000000,0.000000
197,0.322969,0.771042,1.898246,0.936994,1.429779,0.410398,0.999512
197,0.587500,0.832292,0.000000,0.000000,0.000000,0.000000,0.000000
198,0.076563,0.236458,0.620295,1.000000,0.192279,0.468708,-0.755689
198,0.192188,0.125000,0.837411,0.828933,0.775064,0.478896,-0.593579
198,0.927344,0.220833,0.048610,1.000000,0.100797,0.428324,0.447228
198,0.782812,0.566667,0.004696,1.000000,0.999787,0.000000,1.000000
198,0.137500,0.711458,0.099726,1.000000,0.999990,0.000000,0.371399
198,0.614062,0.634375,0.250584,0.976436,0.851985,0.063114,-0.836252
198,0.789844,0.641667,0.173913,1.000000,0.999994,0.000000,1.000000
198,0.832812,0.867708,0.012014,0.999999,1.000314,0.000491,0.413484
199,0.006250,0.116667,1.061180,0.998159,1.227910,0.037032,-0.992788
199,0.970066,0.047094,0.439541,0.995123,0.591634,0.556110,0.155239
199,0.939232,0.224592,0.113135,1.000000,2.327372,1.249083,-0.707122
199,0.938095,0.560317,0.725663,0.996172,1.168774,0.138684,0.998084
199,0.782812,0.567498,0.004693,1.000000,0.999065,0.000000,1.000000
199,0.149387,0.718643,0.096220,1.000000,0.999982,0.000004,0.485647
199,0.617274,0.612269,0.098209,1.000000,0.999990,0.000000,-0.989949
199,0.609531,0.797917,0.911144,0.992650,0.781299,0.105538,0.798524
199,0.798268,0.653744,0.091659,1.000000,0.999954,0.000012,0.316261
199,0.239174,0.860119,1.129861,0.998350,0.795853,0.361005,-0.788024
199,0.834265,0.868588,0.012015,1.000000,1.000431,0.000234,0.413718
199,0.023438,0.022396,0.706871,0.993367,0.438158,0.344660,0.727890
200,0.948986,0.223360,0.087723,1.000000,0.999989,0.000000,0.242545
200,0.899498,0.679464,0.602015,1.000000,0.856690,0.219629,0.447214
200,0.782812,0.568329,0.004696,1.000000,1.000509,0.000000,1.000000
200,0.160385,0.726145,0.072035,1.000000,0.999982,0.000047,0.076680
200,0.616946,0.597807,0.106273,1.000000,0.999991,0.000000,0.467883
200,0.680580,0.941964,0.879802,0.935333,0.796024,0.052768,0.369062
200,0.809648,0.659740,0.106066,1.000000,0.999991,0.000000,0.707123
200,0.157752,0.918189,1.293681,1.000000,1.189203,0.118706,0.966235
200,0.835717,0.869469,0.012009,1.000000,0.999519,0.000491,0.413931
200,0.092308,0.082853,0.792905,1.000000,0.999999,0.000000,-0.388057
201,0.960340,0.225000,0.117649,1.000000,1.000049,0.000000,0.000000
201,0.822372,0.707955,0.700259,1.000000,1.171272,0.158348,-0.306007
201,0.782812,0.569161,0.004693,1.000000,0.999065,0.000000,1.000000
201,0.169924,0.727124,0.072035,1.000000,0.999986,0.000000,0.076680
201,0.629420,0.606613,0.106273,1.000000,0.999991,0.000000,0.467883
201,0.796048,0.941422,1.001285,0.993780,1.084167,0.108834,-0.515024
201,0.818157,0.667385,0.142177,1.000000,0.999993,0.000000,-0.242524
201,0.279353,0.980655,1.085203,0.904422,0.755538,0.610762,-0.849056
201,0.837169,0.870349,0.012008,1.000000,0.999799,0.000257,0.413697
201,0.051562,0.055729,0.209155,0.989782,1.003940,0.050536,-0.998723
201,0.174175,0.016262,0.924739,0.952536,1.181438,0.500358,0.830429
201,0.988411,0.117708,0.633717,0.891592,1.088983,0.151451,-0.898975
202,0.972275,0.225000,0.048781,1.000000,0.999979,0.000000,0.000000
202,0.766683,0.687332,0.433989,1.000000,1.000003,0.000005,-0.743293
202,0.782812,0.570002,0.004696,1.000000,1.000509,0.000000,1.000000
202,0.179575,0.728113,0.061538,1.000000,0.981356,0.021353,0.242503
202,0.642041,0.615521,0.298175,1.000000,1.077010,0.044546,-0.887755
202,0.806510,0.817361,1.380669,1.000000,1.252852,0.051151,-0.669963
202,0.840150,0.667391,0.404451,1.000000,1.183343,0.350799,-0.274721
202,0.288672,0.816667,1.743591,0.670491,1.292989,0.147505,-0.403933
202,0.838638,0.871239,0.012015,1.000000,1.000431,0.000234,0.413718
202,0.041563,0.020417,0.189606,0.962805,0.878896,0.091802,-0.856031
202,0.185708,0.152696,0.952484,1.000000,1.091320,0.076118,0.656179
202,0.015625,0.793333,0.758879,0.991019,0.645204,0.665325,-0.997080
203,0.979913,0.223623,0.069883,1.000000,0.999986,0.000000,-0.242536
203,0.739062,0.582292,0.853338,1.000000,0.999994,0.000003,-0.958799
203,0.782812,0.570833,0.000000,0.000000,0.000000,0.000000,0.000000
203,0.187523,0.730737,0.061539,1.000000,0.999984,0.000000,0.242552
203,0.660937,0.587500,0.368653,1.000000,0.999999,0.000009,0.164403
203,0.709375,0.794792,1.028754,0.999808,1.126694,0.970662,0.905759
203,0.872656,0.652083,0.279379,1.000000,0.999999,0.000012,-0.216938
203,0.164844,0.886979,1.266178,0.998401,1.125490,0.088007,0.996130
203,0.840091,0.872119,0.012009,1.000000,1.000033,0.000257,0.413931
203,0.034375,0.007292,0.000000,0.000000,0.000000,0.000000,0.000000
203,0.087812,0.179063,0.979460,1.000000,1.164639,0.175785,-0.660628
204,0.986613,0.223142,0.055720,1.000000,0.999986,0.000015,0.242536
204,0.811344,0.459667,0.927790,1.000000,0.999999,0.000000,-0.129340
204,0.782812,0.570833,0.000000,0.000000,0.000000,0.000000,0.000000
204,0.197225,0.733251,0.093041,1.000000,0.999994,0.000036,0.141442
204,0.680645,0.560349,0.183901,1.000000,1.000009,0.000011,-0.613944
204,0.779901,0.912027,0.924516,0.938944,0.634410,0.376646,0.208841
204,0.896029,0.647917,0.114583,1.000000,0.999991,0.000000,0.000000
204,0.841536,0.873204,0.020106,0.999999,1.000095,0.000087,0.857567
204,0.064323,0.041667,0.583343,0.999939,0.703390,0.153819,-0.761939
204,0.011719,0.056250,1.041667,0.960833,1.222859,0.535987,0.999133
204,0.047083,0.821528,0.690335,1.000000,0.622739,0.791818,-0.995893
204,0.939062,0.107813,2.998618,0.833882,1.016629,0.292782,-0.792860
205,0.994434,0.223958,0.061371,0.565731,0.735931,0.716677,-0.984704
205,0.943709,0.450219,1.000868,1.000000,0.916788,0.310008,-0.041631
205,0.782812,0.570833,0.000000,0.000000,0.000000,0.000000,0.000000
205,0.209601,0.735609,0.093039,1.000000,0.999966,0.000034,0.141409
205,0.692888,0.550000,0.034485,1.000000,1.000069,0.000000,0.000000
205,0.894367,0.889145,0.764898,1.000000,0.842175,0.206240,-0.871576
205,0.911084,0.649284,0.110485,1.000000,0.999991,0.000000,0.141421
205,0.842926,0.876293,0.020106,0.999999,1.000095,0.000087,0.857567
205,0.047088,0.114394,0.264322,0.673862,0.919444,0.620468,0.587994
205,0.023359,0.748125,0.765717,0.997362,1.031734,0.344465,0.998600
206,0.782812,0.570833,0.000000,0.000000,0.000000,0.000000,0.000000
206,0.219391,0.737939,0.064514,1.000000,0.999995,0.000051,0.203984
206,0.698309,0.553425,0.063147,1.000000,0.999990,0.000076,0.650760
206,0.879948,0.786574,0.867472,0.899831,1.006979,0.403607,-0.040799
206,0.930354,0.652033,0.077132,1.000000,0.999987,0.000000,0.316215
206,0.843675,0.879219,0.015513,0.999999,0.999758,0.000455,0.995857
206,0.067188,0.111458,0.730719,1.000000,4.499978,0.000000,-0.988372
206,0.238712,0.100216,0.887554,1.000000,0.999998,0.000002,0.874158
206,0.062656,0.819167,0.628539,1.000000,1.090908,0.171379,-0.707107
206,0.283774,0.863301,1.181818,1.000000,1.018983,0.687965,0.384616
206,0.928906,0.068403,3.188834,0.577704,1.248845,0.157761,0.814243
206,0.987500,0.159722,2.786189,0.875188,0.670569,0.769023,-0.740455
207,0.782812,0.570833,0.000000,0.000000,0.000000,0.000000,0.000000
207,0.227780,0.740269,0.064514,1.000000,0.999985,0.000000,0.203933
207,0.710742,0.535156,0.252699,0.772301,2.858933,1.966875,-0.379559
207,0.828125,0.860937,1.325218,1.000000,1.416257,0.318840,0.514494
207,0.940189,0.656304,0.111154,1.000000,0.999991,0.000000,0.116838
207,0.843489,0.881955,0.015513,0.999999,0.999758,0.000455,0.995857
207,0.064062,0.045708,0.171346,0.993234,1.427872,0.272181,-0.963187
207,0.129063,0.184208,0.835562,0.983749,1.024170,0.345207,-0.516366
207,0.030134,0.754315,0.970421,0.963150,1.827250,0.074921,0.952831
207,0.885156,0.178385,1.946715,0.803829,1.046474,0.310985,-0.564493
208,0.782812,0.570833,0.000000,0.000000,0.000000,0.000000,0.000000
208,0.236168,0.742599,0.064514,1.000000,0.999974,0.000051,0.203933
208,0.721967,0.514583,0.058824,1.000000,1.000041,0.000000,0.000000
208,0.877865,0.762153,1.003466,1.000000,1.966046,0.363977,-0.747409
208,0.954850,0.658604,0.111154,1.000000,0.999991,0.000000,0.116838
208,0.843302,0.884691,0.015513,0.999999,0.999758,0.000455,0.995857
208,0.064355,0.020703,0.150000,1.000000,0.699322,2.634494,0.000000
208,0.063281,0.072135,0.863222,1.000000,0.767308,0.655695,-0.792624
208,0.081641,0.858073,1.140933,0.854755,1.644319,0.373598,-0.249232
208,0.763616,0.280655,3.370339,0.443607,1.323944,0.467070,0.575954
208,0.332031,0.987500,1.319639,0.960190,0.843250,0.350941,-0.999654
209,0.782812,0.570833,0.000000,0.000000,0.000000,0.000000,0.000000
209,0.244655,0.744956,0.064514,1.000000,0.999985,0.000000,0.203933
209,0.734237,0.514583,0.185200,0.995403,0.899539,0.075412,0.075340
209,0.798987,0.762654,0.738718,1.000000,0.927343,0.476713,0.997459
209,0.973828,0.659835,0.196394,0.990500,0.784218,0.088167,0.029406
209,0.843114,0.887459,0.015512,1.000000,0.999936,0.000000,0.995897
209,0.066875,0.027708,0.087841,1.000000,0.678227,2.583884,-0.948683
209,0.112054,0.750992,0.696020,1.000000,0.879404,0.472671,-0.287346
209,0.864844,0.225521,2.610923,0.732255,0.912552,0.841545,-0.404880
209,0.261328,0.899479,1.260149,0.934615,1.101283,0.175530,0.868726
210,0.782812,0.570833,0.000000,0.000000,0.000000,0.000000,0.000000
210,0.252746,0.747191,0.051507,1.000000,0.999981,0.000000,0.196116
210,0.751928,0.518351,0.077129,1.000000,0.879195,0.076781,0.316228
210,0.852734,0.857292,1.038459,1.000000,1.094950,0.058889,0.000000
210,0.991622,0.662301,0.051740,1.000000,0.537087,0.674706,0.707074
210,0.842350,0.887934,0.046585,1.000000,0.999979,0.000000,-0.894427
210,0.058594,0.809635,1.262950,0.998062,1.058358,0.580835,0.940580
210,0.989583,0.272569,4.505527,0.544114,1.464653,0.452016,-0.188847
210,0.272656,0.056250,0.913109,1.000000,0.942527,0.050068,0.889817
210,0.340104,0.987153,1.500425,1.000000,1.424402,0.301352,-0.618873
211,0.782812,0.570833,0.000000,0.000000,0.000000,0.000000,0.000000
211,0.259451,0.748992,0.051170,1.000000,0.999970,0.000073,0.316287
211,0.765881,0.520833,0.147542,1.000000,1.000016,0.000000,0.000000
211,0.947578,0.774479,0.751665,1.000000,0.999999,0.000000,-0.997785
211,0.841406,0.889583,0.000000,0.000000,0.000000,0.000000,0.000000
211,0.141536,0.816319,0.714681,1.000000,0.647834,0.156667,-0.999445
211,0.257235,0.193433,0.876263,0.990401,1.037985,0.103256,0.478575
211,0.339844,0.834375,1.386750,1.000000,0.960707,0.232437,-0.332820
212,0.782812,0.570833,0.000000,0.000000,0.000000,0.000000,0.000000
212,0.265974,0.751891,0.051169,1.000000,0.999980,0.000000,0.316228
212,0.758108,0.502759,0.115384,1.000000,0.662045,1.539398,0.000000
212,0.892622,0.783796,0.809020,1.000000,0.997687,0.060137,0.978550
212,0.841406,0.889583,0.000000,0.000000,0.000000,0.000000,0.000000
212,0.090625,0.783854,1.036155,0.758473,0.998459,0.056461,0.999771
212,0.152344,0.181250,0.762395,0.987940,1.136510,0.159002,-0.953954
212,0.024740,0.135069,0.885765,0.973469,0.799322,0.438374,-0.998969
212,0.237760,0.939583,1.024431,0.999964,0.728960,0.444833,0.976187
213,0.782812,0.570833,0.000000,0.000000,0.000000,0.000000,0.000000
213,0.272421,0.754757,0.051171,1.000000,1.000012,0.000010,0.316218
213,0.769271,0.501806,0.094868,1.000000,1.102076,0.457482,-0.316233
213,0.939844,0.909375,0.964233,1.000000,1.300689,0.127953,0.141421
213,0.841406,0.889583,0.000000,0.000000,0.000000,0.000000,0.000000
213,0.160938,0.818438,0.877778,0.996790,1.210726,0.105290,-0.647649
213,0.166562,0.037083,0.775595,0.990589,0.881468,0.112708,-0.650791
213,0.117708,0.018750,0.258834,0.982042,1.552995,0.365748,-0.357648
213,0.048437,0.951042,3.914039,0.352570,1.061465,0.046257,0.644136
213,0.359896,0.990972,1.651595,0.798474,1.275486,0.374677,-0.659995
213,0.963802,0.230556,3.248521,0.891921,0.981183,0.024950,0.843661
214,0.782812,0.570833,0.000000,0.000000,0.000000,0.000000,0.000000
214,0.278868,0.757622,0.051170,1.000000,0.999970,0.000073,0.316287
214,0.779054,0.493637,0.060094,1.000000,0.583898,1.387691,-0.554694
214,0.841406,0.889583,0.000000,0.000000,0.000000,0.000000,0.000000
214,0.120132,0.775080,0.859153,0.960337,1.204848,0.043211,0.920810
214,0.100391,0.031771,0.456082,0.703858,1.007314,0.690660,-0.548027
214,0.340000,0.845625,1.378399,0.908745,1.011134,0.757184,0.470127
214,0.027344,0.969792,4.238583,0.462525,1.284070,0.345307,0.127522
214,0.807813,0.134896,4.419539,0.550841,1.208676,0.058461,-0.996493
215,0.782812,0.570833,0.000000,0.000000,0.000000,0.000000,0.000000
215,0.287334,0.760882,0.029243,1.000000,0.333342,0.000070,0.242577
215,0.774138,0.481753,0.058610,1.000000,0.333333,0.000019,-0.980578
215,0.841406,0.889583,0.000000,0.000000,0.000000,0.000000,0.000000
215,0.163477,0.873438,0.915931,0.926475,1.260358,0.437207,-0.360076
215,0.129911,0.019643,0.235702,1.000000,1.600643,0.540421,-0.707107
215,0.356585,0.143155,0.647884,1.000000,0.695665,0.463648,0.857493
215,0.313857,0.978399,1.204365,0.997381,0.921793,0.044727,0.116841
215,0.669878,0.845602,1.558549,0.984693,1.212173,0.095196,-0.941195
215,0.981641,0.794792,1.394852,0.531385,1.228836,0.061650,0.974391
215,0.029297,0.972396,4.367106,0.460787,1.094898,0.126041,-0.110432
215,0.986719,0.026736,2.804211,0.716850,1.072577,0.298529,0.981109
216,0.454688,0.176042,0.005817,0.999998,0.999698,0.000065,0.894485
216,0.525781,0.234375,0.008492,0.999998,0.999882,0.000000,0.970184
216,0.865625,0.067708,0.018813,1.000000,0.019345,0.403387,0.514390
216,0.229687,0.467708,0.043391,1.000000,0.999977,0.000000,0.768224
216,0.657031,0.425000,0.006470,0.999998,0.008615,0.903280,0.980500
216,0.944531,0.485417,0.011466,1.000000,0.999913,0.000000,0.894457
216,0.988281,0.421875,0.026880,1.000000,0.999963,0.000000,-0.800030
216,0.067969,0.455208,0.000000,0.000000,0.000000,0.000000,0.000000
216,0.422656,0.672917,0.011502,0.999999,1.000077,0.000245,0.831960
216,0.212500,0.869792,0.050308,1.000000,0.053489,0.013004,0.110472
216,0.304688,0.927083,0.015433,1.000000,0.021282,0.247783,0.799974
216,0.503906,0.954167,0.016086,1.000000,0.999938,0.000000,0.894385
216,0.532031,0.882292,0.018751,1.000000,1.000102,0.000093,0.514469
216,0.922656,0.712500,0.004513,1.000000,1.000530,0.000000,1.000000
217,0.155328,0.138051,0.035630,1.000000,0.999948,0.000002,0.090529
217,0.105696,0.037681,0.037619,1.000000,0.999973,0.000000,0.514495
217,0.378703,0.074729,0.058118,1.000000,0.999957,0.000015,0.707110
217,0.401238,0.121122,0.018945,1.000000,1.000084,0.000118,-0.554643
217,0.454350,0.176941,0.005818,0.999998,0.999828,0.000000,0.894515
217,0.525514,0.235800,0.008492,0.999998,0.999882,0.000000,0.970184
217,0.705087,0.235170,0.070378,1.000000,0.999986,0.000000,0.759269
217,0.875504,0.083945,0.018808,1.000000,0.999947,0.000000,0.514549
217,0.233290,0.473472,0.043389,1.000000,0.999947,0.000025,0.768208
217,0.277136,0.519782,0.012179,1.000000,0.999918,0.000000,0.496139
217,0.314702,0.385417,1.027308,1.000000,0.969176,0.056791,-0.916157
217,0.453125,0.451128,0.027586,1.000000,0.999964,0.000000,-1.000000
217,0.666569,0.432334,0.006471,0.999997,1.000102,0.000051,0.980611
217,0.848580,0.540871,0.054830,1.000000,0.999982,0.000000,0.196104
217,0.943866,0.487190,0.011467,1.000000,1.000045,0.000066,0.894486
217,0.986190,0.418156,0.026880,1.000000,0.999761,0.000164,-0.800030
217,0.067969,0.455208,0.000000,0.000000,0.000000,0.000000,0.000000
217,0.390573,0.577384,0.045041,1.000000,0.590878,0.434055,0.124067
217,0.423484,0.674571,0.011502,1.000000,1.000077,0.000245,0.831960
217,0.231406,0.872824,0.042141,1.000000,0.853043,0.078510,0.196093
217,0.313686,0.937526,0.015432,1.000000,1.000111,0.000132,0.800026
217,0.504839,0.956655,0.016086,1.000000,1.000032,0.000189,0.894385
217,0.678420,0.777117,0.040983,1.000000,0.999976,0.000000,0.600013
217,0.749645,0.796284,0.034612,1.000000,0.999971,0.000000,0.780907
217,0.906250,0.869792,0.018290,1.000000,0.999945,0.000000,0.000000
217,0.534116,0.883960,0.018748,1.000000,0.999947,0.000000,0.514549
217,0.148935,0.479261,0.240000,1.000000,0.754657,2.078742,-1.000000
217,0.292839,0.935035,0.084984,1.000000,0.999980,0.000039,-0.196108
217,0.948011,0.368466,0.685995,1.000000,1.208247,1.794262,0.514495
217,0.329908,0.222079,0.093504,1.000000,1.000000,0.000015,0.813731
217,0.675432,0.822204,0.053040,1.000000,0.999926,0.000032,0.496160
217,0.449139,0.487714,0.028667,1.000000,0.999965,0.000000,0.894415
217,0.922656,0.713280,0.004510,1.000000,0.999778,0.000000,1.000000
218,0.159985,0.138616,0.035630,1.000000,0.999948,0.000002,0.090529
218,0.109929,0.041069,0.037619,1.000000,0.999954,0.000012,0.514495
218,0.384857,0.081766,0.075349,1.000000,0.999990,0.000005,0.496135
218,0.403307,0.119283,0.018942,1.000000,0.999798,0.000099,-0.554726
218,0.454009,0.177852,0.005818,0.999998,0.999567,0.000521,0.894515
218,0.525244,0.237241,0.008493,0.999999,0.999882,0.000000,0.970090
218,0.710121,0.242254,0.035772,1.000000,0.999972,0.000000,0.624686
218,0.877621,0.085638,0.018813,1.000000,1.000256,0.000185,0.514390
218,0.236936,0.479306,0.057198,0.955216,1.318192,0.524452,0.985537
218,0.278524,0.520840,0.012179,1.000000,0.999918,0.000000,0.496139
218,0.204531,0.250208,1.167444,0.507252,0.927953,0.588256,-0.268934
218,0.453791,0.447440,0.050534,1.000000,0.999924,0.000036,0.536899
218,0.666735,0.433444,0.006471,0.999997,0.999846,0.000000,0.980611
218,0.855647,0.542827,0.063887,1.000000,0.999866,0.000000,0.447214
218,0.943193,0.488985,0.011467,1.000000,0.999647,0.000529,0.894486
218,0.984073,0.414393,0.026880,1.000000,0.999963,0.000000,-0.800030
218,0.067969,0.455208,0.000000,0.000000,0.000000,0.000000,0.000000
218,0.396714,0.579010,0.045039,1.000000,0.999950,0.000079,0.124072
218,0.424321,0.676246,0.011502,1.000000,1.000077,0.000245,0.831960
218,0.236938,0.874225,0.042139,1.000000,0.999976,0.000000,0.196101
218,0.314902,0.939686,0.015430,1.000000,0.999759,0.000132,0.799895
218,0.505783,0.959173,0.016089,0.999999,1.000032,0.000189,0.894427
218,0.684152,0.779985,0.054311,1.000000,0.999982,0.000000,0.164389
218,0.752483,0.801014,0.034612,1.000000,0.999971,0.000000,0.780907
218,0.908594,0.869950,0.038093,1.000000,0.999974,0.000000,1.000000
218,0.536226,0.885648,0.018748,1.000000,0.999792,0.000093,0.514549
218,0.182812,0.436458,2.945605,0.774551,0.985970,0.712327,-0.361775
218,0.294968,0.931067,0.083707,1.000000,0.999973,0.000038,-0.371384
218,0.910937,0.398958,0.549155,0.267804,0.632158,0.836275,0.539651
218,0.332031,0.218478,0.467905,1.000000,2.375213,0.058333,0.986394
218,0.854985,0.975248,0.212958,1.000000,0.999995,0.000000,-0.894434
218,0.681694,0.826975,0.064498,1.000000,0.999985,0.000000,0.496133
218,0.448020,0.492070,0.030270,1.000000,0.999881,0.000072,0.640184
218,0.922656,0.714070,0.004513,1.000000,1.000530,0.000000,1.000000
219,0.164587,0.139173,0.035630,1.000000,0.999970,0.000024,0.090529
219,0.114113,0.044415,0.037620,1.000000,0.999996,0.000007,0.514489
219,0.393341,0.088230,0.000000,0.000000,0.000000,0.000000,0.000000
219,0.405351,0.117466,0.018945,1.000000,0.999947,0.000000,-0.554643
219,0.453671,0.178752,0.005819,0.999997,1.000220,0.000456,0.894282
219,0.524977,0.238666,0.008493,0.999998,0.999882,0.000000,0.970090
219,0.713744,0.246118,0.035772,1.000000,0.999972,0.000000,0.624686
219,0.879713,0.087312,0.018808,1.000000,0.999638,0.000185,0.514549
219,0.237500,0.489557,0.333333,1.000000,3.545451,0.000000,1.000000
219,0.279895,0.521884,0.012178,1.000000,0.999797,0.000069,0.496199
219,0.079627,0.335417,1.133456,1.000000,2.837573,0.656946,-0.808736
219,0.459320,0.452132,0.050537,1.000000,0.999980,0.000000,0.536869
219,0.666900,0.434542,0.006470,0.999997,0.999743,0.000514,0.980601
219,0.862952,0.548109,0.065790,1.000000,0.999985,0.000000,0.599984
219,0.947552,0.494167,0.066665,1.000000,0.999985,0.000000,0.600016
219,0.983594,0.413542,0.000000,0.000000,0.000000,0.000000,0.000000
219,0.067969,0.455208,0.000000,0.000000,0.000000,0.000000,0.000000
219,0.402510,0.579976,0.045043,1.000000,0.999987,0.000075,0.124063
219,0.425148,0.677901,0.011500,1.000000,0.999913,0.000000,0.832096
219,0.240895,0.877802,0.039575,1.000000,0.999879,0.000000,0.894427
219,0.316102,0.941821,0.015432,1.000000,0.999935,0.000000,0.800026
219,0.506716,0.961661,0.016088,0.999999,1.000032,0.000283,0.894511
219,0.690661,0.782340,0.049330,1.000000,0.999883,0.000000,0.707107
219,0.755942,0.804900,0.035212,1.000000,0.999991,0.000135,0.599938
219,0.908594,0.876538,0.038096,1.000000,0.999974,0.000000,1.000000
219,0.538311,0.887316,0.018751,1.000000,1.000040,0.000155,0.514469
219,0.265885,0.414699,1.434117,0.930172,0.388162,1.084218,0.235998
219,0.284889,0.925691,0.083708,1.000000,1.000007,0.000007,-0.371377
219,0.866707,0.421234,0.343592,1.000000,0.513918,0.437961,0.970142
219,0.338710,0.236092,0.034750,1.000000,0.999948,0.000008,0.948676
219,0.818437,0.928958,0.544061,1.000000,1.000008,0.000007,-0.588170
219,0.688956,0.832508,0.064498,1.000000,0.999985,0.000000,0.496133
219,0.451036,0.495421,0.030272,1.000000,0.999881,0.000072,0.640217
219,0.922656,0.714850,0.004510,1.000000,0.999027,0.000000,1.000000
220,0.165895,0.137740,0.069338,1.000000,0.999986,0.000000,-0.554697
220,0.117974,0.048099,0.033648,1.000000,0.999970,0.000000,0.759253
220,0.407420,0.115627,0.018942,1.000000,0.999935,0.000019,-0.554726
220,0.453330,0.179663,0.005819,0.999998,0.999959,0.000587,0.894252
220,0.524706,0.240108,0.008492,0.999998,0.999882,0.000000,0.970184
220,0.717463,0.250837,0.049019,1.000000,1.000007,0.000066,0.799992
220,0.881463,0.088655,0.006392,0.999999,0.999843,0.000000,0.371619
220,0.243829,0.505709,0.064265,0.999880,0.792878,0.010146,0.632575
220,0.281283,0.522942,0.012179,1.000000,0.999918,0.000000,0.496139
220,0.464916,0.456880,0.050537,1.000000,0.999980,0.000000,0.536869
220,0.667067,0.435652,0.006471,0.999997,1.000000,0.000565,0.980611
220,0.870042,0.556811,0.096155,1.000000,0.999990,0.000000,0.800008
220,0.949219,0.495833,0.000000,0.000000,0.000000,0.000000,0.000000
220,0.983594,0.413542,0.000000,0.000000,0.000000,0.000000,0.000000
220,0.067969,0.455208,0.000000,0.000000,0.000000,0.000000,0.000000
220,0.411538,0.592228,0.086004,1.000000,0.999988,0.000000,0.894427
220,0.425986,0.679575,0.011500,1.000000,0.999749,0.000245,0.832096
220,0.243283,0.883333,0.022322,1.000000,1.000031,0.000000,0.000000
220,0.315179,0.950446,0.166667,1.000000,0.579167,0.283421,1.000000
220,0.507031,0.962500,0.000000,0.000000,0.000000,0.000000,0.000000
220,0.695240,0.788445,0.049330,1.000000,0.999883,0.000000,0.707107
220,0.759639,0.808597,0.035209,1.000000,0.999894,0.000058,0.599985
220,0.912391,0.878125,0.035955,0.996698,0.946722,0.068179,0.068127
220,0.539844,0.888817,0.005734,1.000000,0.999235,0.000000,1.000000
220,0.227148,0.275260,0.271908,0.953411,0.687877,0.143158,-0.893863
220,0.282813,0.908780,0.694750,0.991153,0.947117,0.233024,-0.437971
220,0.832129,0.464193,0.435589,0.992076,0.810178,0.085052,0.510010
220,0.340153,0.241861,0.034750,1.000000,0.999971,0.000000,0.948676
220,0.829785,0.840625,0.875768,0.996104,0.934151,0.072848,-0.072784
220,0.693441,0.839801,0.052001,1.000000,0.999981,0.000000,0.894440
220,0.454088,0.498813,0.030272,1.000000,0.999917,0.000115,0.640217
220,0.015017,0.854729,0.024105,1.000000,0.999959,0.000000,0.752583
220,0.922656,0.715639,0.004510,1.000000,0.999778,0.000000,1.000000
221,0.163281,0.135417,0.000000,0.000000,0.000000,0.000000,0.000000
221,0.120814,0.052517,0.033648,1.000000,0.999970,0.000000,0.759253
221,0.409464,0.113810,0.018942,1.000000,0.999935,0.000019,-0.554726
221,0.452992,0.180562,0.005818,0.999998,0.999829,0.000000,0.894515
221,0.524439,0.241533,0.008492,0.999998,0.999882,0.000000,0.970184
221,0.721262,0.257627,0.048399,1.000000,1.000018,0.000058,0.832023
221,0.882234,0.089066,0.006398,0.999999,0.999843,0.000000,0.371254
221,0.248804,0.511282,0.043284,1.000000,0.999951,0.000030,0.650772
221,0.282654,0.523987,0.012179,1.000000,0.999918,0.000000,0.496139
221,0.470395,0.461521,0.030539,1.000000,1.000036,0.000103,0.496091
221,0.667231,0.436749,0.006470,0.999997,0.999589,0.000051,0.980601
221,0.875516,0.564001,0.040738,1.000000,0.999837,0.000092,0.554758
221,0.949219,0.495833,0.000000,0.000000,0.000000,0.000000,0.000000
221,0.983594,0.413542,0.000000,0.000000,0.000000,0.000000,0.000000
221,0.067969,0.455208,0.000000,0.000000,0.000000,0.000000,0.000000
221,0.417722,0.597952,0.053496,1.000000,0.999993,0.000062,0.178936
221,0.426813,0.681230,0.011500,1.000000,0.999504,0.000082,0.832096
221,0.246177,0.883333,0.022322,1.000000,0.999955,0.000000,0.000000
221,0.314918,0.963185,0.011826,1.000000,0.999915,0.000000,0.514369
221,0.507031,0.962500,0.000000,0.000000,0.000000,0.000000,0.000000
221,0.699924,0.793750,0.045112,1.000000,0.999978,0.000000,0.000000
221,0.763292,0.812251,0.035212,1.000000,0.999991,0.000135,0.599938
221,0.916784,0.878903,0.033421,1.000000,0.999987,0.000100,0.164465
221,0.539844,0.889808,0.005734,1.000000,0.999235,0.000000,1.000000
221,0.219779,0.249058,0.096551,1.000000,0.999981,0.000002,-0.986395
221,0.309219,0.881667,0.035135,1.000000,0.999895,0.000076,-0.948674
221,0.790199,0.497633,0.407937,0.998423,1.539133,0.136891,0.392671
221,0.342398,0.246875,0.063492,1.000000,0.999984,0.000000,0.000000
221,0.785085,0.784186,0.458118,0.964348,1.112989,0.545041,-0.792623
221,0.696799,0.846718,0.045734,1.000000,0.999978,0.000000,-0.164375
221,0.457114,0.502146,0.030539,1.000000,1.000036,0.000103,0.496091
221,0.017076,0.857866,0.024105,1.000000,0.999961,0.000003,0.752583
221,0.922656,0.716419,0.004510,1.000000,0.999027,0.000000,1.000000
222,0.163281,0.135417,0.000000,0.000000,0.000000,0.000000,0.000000
222,0.123688,0.056988,0.033648,1.000000,0.999970,0.000000,0.759253
222,0.411533,0.111971,0.018942,1.000000,0.999947,0.000000,-0.554726
222,0.452651,0.181473,0.005818,0.999998,0.999828,0.000000,0.894515
222,0.524169,0.242974,0.008493,0.999999,0.999882,0.000000,0.970090
222,0.724785,0.264674,0.048398,1.000000,1.000004,0.000068,0.832018
222,0.883013,0.089482,0.006398,0.999999,1.000829,0.000394,0.371254
222,0.253118,0.516212,0.043284,1.000000,0.999951,0.000030,0.650772
222,0.284042,0.525044,0.012179,1.000000,0.999918,0.000000,0.496139
222,0.473875,0.464173,0.030540,1.000000,0.999967,0.000000,0.496133
222,0.667398,0.437860,0.006471,0.999997,1.000102,0.000051,0.980611
222,0.879966,0.567956,0.040738,1.000000,1.000022,0.000069,0.554758
222,0.949219,0.495833,0.000000,0.000000,0.000000,0.000000,0.000000
222,0.983594,0.413542,0.000000,0.000000,0.000000,0.000000,0.000000
222,0.067969,0.455208,0.000000,0.000000,0.000000,0.000000,0.000000
222,0.424630,0.599626,0.053495,1.000000,0.999981,0.000000,0.178874
222,0.427650,0.682905,0.011500,1.000000,0.999749,0.000245,0.832096
222,0.249107,0.883333,0.022322,1.000000,0.999955,0.000000,0.000000
222,0.316249,0.964249,0.011828,0.999999,0.999915,0.000000,0.514580
222,0.507031,0.962500,0.000000,0.000000,0.000000,0.000000,0.000000
222,0.705845,0.793750,0.045112,1.000000,0.999978,0.000000,0.000000
222,0.767307,0.816377,0.044466,1.000000,0.999978,0.000000,0.624695
222,0.921111,0.879865,0.033428,1.000000,1.000187,0.000067,0.164432
222,0.539844,0.890812,0.005737,1.000000,1.000417,0.000000,1.000000
222,0.223177,0.237153,0.288444,1.000000,1.330423,0.242182,-0.554698
222,0.300663,0.874292,0.324617,1.000000,0.999997,0.000000,-0.581239
222,0.751042,0.535764,0.339412,1.000000,0.723482,0.055866,0.707107
222,0.350109,0.250145,0.071606,1.000000,1.000003,0.000017,0.707101
222,0.841146,0.730208,0.468274,1.000000,0.851332,0.920384,-0.928474
222,0.702720,0.845403,0.045734,1.000000,0.999966,0.000073,-0.164375
222,0.460594,0.504798,0.030540,1.000000,0.999967,0.000000,0.496133
222,0.019159,0.861040,0.024105,1.000000,0.999956,0.000003,0.752585
222,0.922656,0.717209,0.004510,1.000000,0.999778,0.000000,1.000000
223,0.163281,0.135417,0.000000,0.000000,0.000000,0.000000,0.000000
223,0.126528,0.061405,0.022195,1.000000,0.945765,0.062552,0.447198
223,0.414472,0.110020,0.065448,1.000000,0.999985,0.000000,-0.242530
223,0.452313,0.182373,0.005818,0.999998,0.999697,0.000587,0.894515
223,0.523902,0.244399,0.008492,0.999998,0.999785,0.000387,0.970184
223,0.729046,0.270699,0.053316,1.000000,0.999910,0.000006,0.371385
223,0.883783,0.089893,0.006392,0.999999,0.999844,0.000000,0.371619
223,0.259604,0.523145,0.121952,1.000000,1.000003,0.000008,0.600000
223,0.285414,0.526089,0.012179,1.000000,1.000039,0.000069,0.496139
223,0.477314,0.466793,0.030539,1.000000,0.999940,0.000048,0.496091
223,0.667562,0.438957,0.006470,0.999997,0.999486,0.000462,0.980601
223,0.890011,0.570610,0.116411,1.000000,0.999933,0.000005,0.076694
223,0.949219,0.495833,0.000000,0.000000,0.000000,0.000000,0.000000
223,0.983594,0.413542,0.000000,0.000000,0.000000,0.000000,0.000000
223,0.067969,0.455208,0.000000,0.000000,0.000000,0.000000,0.000000
223,0.431316,0.601687,0.052012,1.000000,0.999924,0.000032,0.496125
223,0.428478,0.684559,0.011502,1.000000,1.000077,0.000245,0.831960
223,0.253660,0.885892,0.063255,1.000000,0.999962,0.000015,0.554713
223,0.317565,0.965302,0.011828,0.999999,0.999915,0.000000,0.514580
223,0.507031,0.962500,0.000000,0.000000,0.000000,0.000000,0.000000
223,0.714705,0.799861,0.028488,1.000000,0.756228,0.040640,0.496229
223,0.771810,0.821181,0.044466,1.000000,0.999978,0.000000,0.624695
223,0.922656,0.881666,0.013201,1.000000,0.999924,0.000000,1.000000
223,0.539844,0.891804,0.005737,1.000000,1.000417,0.000000,1.000000
223,0.222336,0.219284,0.082091,1.000000,0.999996,0.000006,-0.780875
223,0.279375,0.857222,0.869227,1.000000,1.901857,2.064480,-0.843662
223,0.714663,0.582853,0.233954,1.000000,0.999996,0.000000,0.164401
223,0.355729,0.257031,0.041667,1.000000,1.000009,0.000024,0.599994
223,0.831424,0.663773,0.727271,1.000000,0.677545,1.588977,-1.000000
223,0.706719,0.845903,0.021852,1.000000,0.999954,0.000000,0.554736
223,0.464033,0.507418,0.030539,1.000000,0.999940,0.000048,0.496091
223,0.955469,0.436058,0.128564,1.000000,0.114662,0.212878,-0.707107
223,0.959375,0.593880,1.275968,1.000000,0.710634,0.408927,-0.071247
223,0.021218,0.864177,0.024105,1.000000,0.999958,0.000000,0.752583
223,0.922656,0.717989,0.004513,1.000000,0.999778,0.000000,1.000000
224,0.163281,0.135417,0.000000,0.000000,0.000000,0.000000,0.000000
224,0.129137,0.063175,0.022194,1.000000,0.999959,0.000009,0.447221
224,0.421863,0.109715,0.049489,1.000000,0.999917,0.000028,0.406157
224,0.451972,0.183284,0.005817,0.999998,0.999567,0.000521,0.894485
224,0.523631,0.245841,0.008493,0.999998,0.999979,0.000387,0.970090
224,0.735156,0.274388,0.041236,1.000000,0.999976,0.000000,1.000000
224,0.884562,0.090308,0.006398,0.999998,0.999844,0.000000,0.371254
224,0.259747,0.532126,0.050195,1.000000,0.999969,0.000032,-0.316218
224,0.286988,0.527083,0.034483,1.000000,0.999971,0.000000,0.000000
224,0.480794,0.469444,0.027039,0.916466,0.885399,1.164322,0.993654
224,0.667729,0.440067,0.006471,0.999997,1.000000,0.000565,0.980611
224,0.902344,0.573264,0.041667,1.000000,0.999976,0.000000,1.000000
224,0.949219,0.495833,0.000000,0.000000,0.000000,0.000000,0.000000
224,0.983594,0.413542,0.000000,0.000000,0.000000,0.000000,0.000000
224,0.067969,0.455208,0.000000,0.000000,0.000000,0.000000,0.000000
224,0.437243,0.606203,0.052013,1.000000,0.999924,0.000032,0.496174
224,0.428906,0.685417,0.000000,0.000000,0.000000,0.000000,0.000000
224,0.259844,0.891111,0.066668,1.000000,0.999985,0.000000,-0.800006
224,0.318896,0.966367,0.011826,0.999999,0.999915,0.000000,0.514369
224,0.507031,0.962500,0.000000,0.000000,0.000000,0.000000,0.000000
224,0.718052,0.802444,0.028489,1.000000,1.000068,0.000059,0.496088
224,0.774222,0.824486,0.016771,1.000000,0.999941,0.000000,0.831988
224,0.922656,0.883976,0.013204,1.000000,1.000181,0.000000,1.000000
224,0.539844,0.892808,0.005737,1.000000,0.999826,0.000000,1.000000
224,0.214837,0.213498,0.021335,1.000000,0.999953,0.000000,-0.980579
224,0.243164,0.851562,0.279509,1.000000,0.999996,0.000000,-0.894427
224,0.678320,0.617448,0.364714,0.993024,0.687710,0.270277,0.870233
224,0.360104,0.261406,0.041667,1.000000,0.999976,0.000000,0.599994
224,0.882682,0.721181,0.750512,0.996266,1.117073,0.261001,0.990678
224,0.709105,0.848024,0.021852,1.000000,0.999954,0.000000,0.554736
224,0.467513,0.510069,0.033508,0.998899,1.097255,0.139827,0.612344
224,0.925260,0.387674,0.708484,0.763506,0.901189,2.703102,0.119820
224,0.785352,0.644531,1.346331,0.993029,0.891385,0.314682,-0.675254
224,0.098438,0.053299,1.368110,0.967813,0.730561,0.612689,0.384615
224,0.023301,0.867352,0.024105,1.000000,0.999961,0.000003,0.752583
224,0.922769,0.718805,0.025628,1.000000,0.999713,0.000092,0.345724
225,0.163281,0.135417,0.000000,0.000000,0.000000,0.000000,0.000000
225,0.131711,0.064891,0.022194,1.000000,0.999951,0.000009,0.447214
225,0.427729,0.113191,0.049493,1.000000,1.000046,0.000020,0.406138
225,0.451634,0.184183,0.005819,0.999998,0.999959,0.000587,0.894252
225,0.523364,0.247266,0.008494,0.999998,0.999979,0.000024,0.970096
225,0.735156,0.281518,0.055556,1.000000,1.347170,0.000000,1.000000
225,0.885333,0.090719,0.006398,0.999999,1.000828,0.000394,0.371254
225,0.265923,0.529382,0.050195,1.000000,0.999969,0.000032,-0.316218
225,0.291460,0.527083,0.034483,1.000000,0.999971,0.000000,0.000000
225,0.480524,0.473663,0.026601,1.000000,0.999962,0.000000,0.970131
225,0.667893,0.441164,0.006470,0.999997,0.999588,0.000051,0.980601
225,0.902490,0.580355,0.039062,1.000000,0.999974,0.000000,0.600000
225,0.949219,0.495833,0.000000,0.000000,0.000000,0.000000,0.000000
225,0.983594,0.413542,0.000000,0.000000,0.000000,0.000000,0.000000
225,0.067969,0.455208,0.000000,0.000000,0.000000,0.000000,0.000000
225,0.442746,0.611161,0.050505,1.000000,0.999980,0.000000,0.707107
225,0.428906,0.685417,0.000000,0.000000,0.000000,0.000000,0.000000
225,0.257858,0.884926,0.131534,1.000000,0.999992,0.000000,0.447219
225,0.320211,0.967419,0.011828,0.999999,0.999916,0.000000,0.514580
225,0.507031,0.962500,0.000000,0.000000,0.000000,0.000000,0.000000
225,0.721259,0.804888,0.028486,1.000000,0.999906,0.000103,0.496139
225,0.775429,0.826899,0.016771,1.000000,0.999941,0.000000,0.831988
225,0.922656,0.886259,0.013201,1.000000,0.999924,0.000000,1.000000
225,0.539844,0.893800,0.005734,1.000000,0.999235,0.000000,1.000000
225,0.214295,0.209881,0.021334,1.000000,0.999930,0.000086,-0.980578
225,0.227557,0.847348,0.303045,1.000000,0.745388,1.249050,0.707104
225,0.644892,0.643830,0.450179,1.000000,0.999991,0.000003,-0.341744
225,0.364427,0.265729,0.041666,1.000000,0.999964,0.000016,0.599980
225,0.861328,0.758333,0.714284,1.000000,0.566414,1.059850,-0.800002
225,0.711719,0.854514,0.061916,1.000000,1.000003,0.000051,0.936318
225,0.470945,0.513591,0.033879,1.000000,0.999970,0.000000,0.624689
225,0.926562,0.329167,0.863075,1.000000,1.637566,1.465918,-0.910366
225,0.621875,0.629687,1.673626,1.000000,1.602837,0.376712,0.640184
225,0.177734,0.213021,0.836050,1.000000,0.477202,0.093603,0.939794
225,0.024408,0.871776,0.031688,1.000000,0.999968,0.000000,0.996546
225,0.925888,0.720338,0.025635,1.000000,1.000209,0.000092,0.345638
226,0.163281,0.135417,0.000000,0.000000,0.000000,0.000000,0.000000
226,0.134317,0.066628,0.022194,1.000000,0.999916,0.000009,0.447214
226,0.433646,0.116754,0.053808,1.000000,0.999975,0.000005,0.780869
226,0.451293,0.185094,0.005818,0.999998,0.999828,0.000000,0.894515
226,0.523094,0.248707,0.008493,0.999999,0.999979,0.000024,0.970189
226,0.735156,0.290972,0.055556,1.000000,0.999982,0.000000,1.000000
226,0.886112,0.091135,0.006398,0.999999,0.999843,0.000000,0.371254
226,0.271462,0.529933,0.042190,1.000000,0.999994,0.000054,0.447181
226,0.295986,0.527083,0.034483,1.000000,0.999971,0.000000,0.000000
226,0.479871,0.478309,0.147058,1.000000,0.999982,0.000023,0.600011
226,0.667969,0.441667,0.000000,0.000000,0.000000,0.000000,0.000000
226,0.906592,0.584456,0.039062,1.000000,0.999974,0.000000,0.600000
226,0.949219,0.495833,0.000000,0.000000,0.000000,0.000000,0.000000
226,0.983594,0.413542,0.000000,0.000000,0.000000,0.000000,0.000000
226,0.067969,0.455208,0.000000,0.000000,0.000000,0.000000,0.000000
226,0.447433,0.617411,0.050505,1.000000,0.999980,0.000000,0.707107
226,0.428906,0.685417,0.000000,0.000000,0.000000,0.000000,0.000000
226,0.266641,0.890781,0.027951,1.000000,0.999964,0.000000,0.447165
226,0.321542,0.968484,0.011826,1.000000,0.999915,0.000000,0.514369
226,0.507031,0.962500,0.000000,0.000000,0.000000,0.000000,0.000000
226,0.724506,0.807362,0.028489,1.000000,0.999965,0.000000,0.496088
226,0.777244,0.829167,0.072727,1.000000,0.999986,0.000000,0.000000
226,0.922805,0.888542,0.095242,1.000000,0.999990,0.000000,0.000000
226,0.539844,0.894792,0.000000,0.000000,0.000000,0.000000,0.000000
226,0.213745,0.206219,0.021335,1.000000,0.999953,0.000000,-0.980579
226,0.228216,0.822917,0.058394,1.000000,0.999983,0.000000,0.000000
226,0.599107,0.655208,0.289268,1.000000,0.605958,0.710268,0.768223
226,0.371757,0.282955,0.037878,1.000000,0.999938,0.000027,0.600007
226,0.837723,0.704018,0.745357,1.000000,1.162569,0.039888,-0.983870
226,0.715651,0.859392,0.036960,1.000000,1.000014,0.000082,0.447250
226,0.474417,0.517295,0.033879,1.000000,0.999970,0.000000,0.624689
226,0.934263,0.266815,0.745356,1.000000,0.946841,2.136030,-0.983870
226,0.575112,0.565327,2.083800,1.000000,1.047147,0.712274,-0.991778
226,0.272210,0.366518,0.954521,1.000000,0.740274,1.047992,0.419057
226,0.024753,0.877303,0.031688,1.000000,0.999968,0.000000,0.996546
226,0.929045,0.721888,0.025635,1.000000,1.000164,0.000216,0.345638
227,0.163281,0.135417,0.000000,0.000000,0.000000,0.000000,0.000000
227,0.136891,0.068344,0.022195,1.000000,0.999955,0.000000,0.447214
227,0.438006,0.124020,0.053808,1.000000,0.999981,0.000000,0.780869
227,0.450955,0.185994,0.005818,0.999998,0.999828,0.000000,0.894515
227,0.522827,0.250132,0.008492,0.999998,0.999882,0.000000,0.970184
227,0.737388,0.298512,0.045736,1.000000,0.999978,0.000000,0.780869
227,0.886882,0.091545,0.006398,0.999999,0.999843,0.000000,0.371254
227,0.275841,0.532292,0.023392,1.000000,0.999957,0.000000,0.000000
227,0.299219,0.527083,0.000000,0.000000,0.000000,0.000000,0.000000
227,0.487810,0.486515,0.031574,1.000000,0.999968,0.000000,0.650760
227,0.667969,0.441667,0.000000,0.000000,0.000000,0.000000,0.000000
227,0.905611,0.583807,0.054627,1.000000,1.000016,0.000052,-0.554743
227,0.949219,0.495833,0.000000,0.000000,0.000000,0.000000,0.000000
227,0.983594,0.413542,0.000000,0.000000,0.000000,0.000000,0.000000
227,0.067969,0.455208,0.000000,0.000000,0.000000,0.000000,0.000000
227,0.451794,0.622775,0.033856,1.000000,0.999998,0.000139,0.554654
227,0.428906,0.685417,0.000000,0.000000,0.000000,0.000000,0.000000
227,0.269883,0.892943,0.027951,1.000000,0.999964,0.000000,0.447286
227,0.321875,0.968750,0.000000,0.000000,0.000000,0.000000,0.000000
227,0.507031,0.962500,0.000000,0.000000,0.000000,0.000000,0.000000
227,0.729129,0.811310,0.051508,1.000000,0.999981,0.000000,0.554700
227,0.783967,0.830707,0.030743,1.000000,0.999967,0.000000,0.707107
227,0.929543,0.889391,0.013727,1.000000,0.999927,0.000000,0.707230
227,0.539844,0.894792,0.000000,0.000000,0.000000,0.000000,0.000000
227,0.215960,0.222768,1.549610,0.858680,1.940417,0.767857,0.832051
227,0.235789,0.822917,0.058395,1.000000,0.999983,0.000000,0.000000
227,0.560337,0.677484,0.291660,1.000000,0.868808,0.000005,0.447218
227,0.375687,0.286884,0.037878,1.000000,0.999938,0.000027,0.600007
227,0.792812,0.704792,0.703122,0.256060,1.318919,1.499244,-0.617142
227,0.719940,0.862728,0.042404,1.000000,0.999976,0.000000,0.624695
227,0.477922,0.520534,0.032308,1.000000,1.000058,0.000056,0.529961
227,0.945770,0.235740,0.487620,0.758440,2.828152,1.439886,0.714836
227,0.542344,0.390208,1.824793,0.983464,0.820613,0.040377,0.311115
227,0.350156,0.511181,0.979939,0.911063,0.997898,0.317222,0.740503
227,0.025000,0.881250,0.000000,0.000000,0.000000,0.000000,0.000000
227,0.932164,0.723420,0.025628,1.000000,0.999915,0.000124,0.345724
228,0.163281,0.135417,0.000000,0.000000,0.000000,0.000000,0.000000
228,0.139062,0.069792,0.000000,0.000000,0.000000,0.000000,0.000000
228,0.439844,0.127083,0.000000,0.000000,0.000000,0.000000,0.000000
228,0.450614,0.186905,0.005819,0.999998,1.000219,0.000456,0.894282
228,0.522656,0.251042,0.000000,0.000000,0.000000,0.000000,0.000000
228,0.741138,0.304762,0.062184,1.000000,1.214097,0.284992,0.980575
228,0.887661,0.091961,0.006392,0.999999,0.998860,0.000394,0.371619
228,0.278911,0.532292,0.023392,1.000000,0.999957,0.000000,0.000000
228,0.299219,0.527083,0.000000,0.000000,0.000000,0.000000,0.000000
228,0.490957,0.490111,0.031574,1.000000,1.000015,0.000111,0.650760
228,0.667969,0.441667,0.000000,0.000000,0.000000,0.000000,0.000000
228,0.903906,0.582292,0.000000,0.000000,0.000000,0.000000,0.000000
228,0.949219,0.495833,0.000000,0.000000,0.000000,0.000000,0.000000
228,0.983594,0.413542,0.000000,0.000000,0.000000,0.000000,0.000000
228,0.067969,0.455208,0.000000,0.000000,0.000000,0.000000,0.000000
228,0.455491,0.626061,0.033855,1.000000,1.000026,0.000083,0.554770
228,0.428906,0.685417,0.000000,0.000000,0.000000,0.000000,0.000000
228,0.273164,0.895130,0.027951,1.000000,0.999964,0.000000,0.447165
228,0.321875,0.968750,0.000000,0.000000,0.000000,0.000000,0.000000
228,0.507031,0.962500,0.000000,0.000000,0.000000,0.000000,0.000000
228,0.734754,0.816310,0.000000,0.000000,0.000000,0.000000,0.000000
228,0.786821,0.834511,0.030743,1.000000,0.999967,0.000000,0.707107
228,0.930818,0.891090,0.013734,0.999999,1.000452,0.000175,0.707107
228,0.539844,0.894792,0.000000,0.000000,0.000000,0.000000,0.000000
228,0.143960,0.276143,0.175881,1.000000,0.999994,0.000000,0.832050
228,0.237165,0.821239,0.076004,1.000000,0.999966,0.000008,-0.341743
228,0.508824,0.710233,0.449787,0.943328,0.829364,0.158556,0.646975
228,0.378351,0.299287,0.106083,1.000000,0.999989,0.000016,0.992280
228,0.759283,0.675551,0.699873,0.928723,0.912521,0.222081,0.989461
228,0.724286,0.867363,0.042404,1.000000,0.999976,0.000000,0.624695
228,0.481518,0.523530,0.032308,1.000000,0.999969,0.000000,0.529961
228,0.958177,0.196181,0.783455,0.491493,1.925497,1.765874,-0.721384
228,0.438504,0.330804,1.614425,0.858845,0.831667,0.788251,-0.926657
228,0.409446,0.694602,1.466257,0.911456,0.963969,0.136577,0.544190
228,0.025000,0.881250,0.000000,0.000000,0.000000,0.000000,0.000000
228,0.352557,0.839583,1.834160,0.983560,0.955708,0.201431,-0.886914
228,0.014062,0.298264,1.949622,0.970524,1.408838,2.406582,0.645942
228,0.935320,0.724971,0.025628,1.000000,0.999713,0.000092,0.345724
229,0.163281,0.135417,0.000000,0.000000,0.000000,0.000000,0.000000
229,0.139062,0.069792,0.000000,0.000000,0.000000,0.000000,0.000000
229,0.439844,0.127083,0.000000,0.000000,0.000000,0.000000,0.000000
229,0.450276,0.187804,0.005817,0.999998,0.999437,0.000456,0.894485
229,0.522656,0.251042,0.000000,0.000000,0.000000,0.000000,0.000000
229,0.742873,0.314990,0.000000,0.000000,0.000000,0.000000,0.000000
229,0.888432,0.092372,0.006398,0.999998,0.999844,0.000000,0.371254
229,0.285325,0.533068,0.138648,1.000000,0.999991,0.000012,0.141408
229,0.299219,0.527083,0.000000,0.000000,0.000000,0.000000,0.000000
229,0.494066,0.493664,0.031575,1.000000,1.000003,0.000041,0.650791
229,0.667969,0.441667,0.000000,0.000000,0.000000,0.000000,0.000000
229,0.903906,0.582292,0.000000,0.000000,0.000000,0.000000,0.000000
229,0.949219,0.495833,0.000000,0.000000,0.000000,0.000000,0.000000
229,0.983594,0.413542,0.000000,0.000000,0.000000,0.000000,0.000000
229,0.067969,0.455208,0.000000,0.000000,0.000000,0.000000,0.000000
229,0.459144,0.629309,0.033858,1.000000,1.000109,0.000028,0.554723
229,0.428906,0.685417,0.000000,0.000000,0.000000,0.000000,0.000000
229,0.274219,0.895833,0.000000,0.000000,0.000000,0.000000,0.000000
229,0.321875,0.968750,0.000000,0.000000,0.000000,0.000000,0.000000
229,0.507031,0.962500,0.000000,0.000000,0.000000,0.000000,0.000000
229,0.735156,0.816667,0.000000,0.000000,0.000000,0.000000,0.000000
229,0.789640,0.838270,0.030748,1.000000,1.000123,0.000000,0.707107
229,0.932097,0.892884,0.031493,1.000000,0.999872,0.000048,0.894406
229,0.539844,0.894792,0.000000,0.000000,0.000000,0.000000,0.000000
229,0.118739,0.290361,0.174216,1.000000,0.999992,0.000010,-0.242534
229,0.227902,0.816748,0.076005,1.000000,0.999981,0.000050,-0.341782
229,0.463341,0.735737,0.598352,1.000000,1.213510,0.155726,0.371391
229,0.379032,0.298185,0.178152,1.000000,1.000003,0.000010,0.090532
229,0.736719,0.680903,0.977480,0.965529,1.156811,0.037403,-0.779277
229,0.726562,0.869792,0.000000,0.000000,0.000000,0.000000,0.000000
229,0.485071,0.526491,0.032308,1.000000,0.999969,0.000000,0.529961
229,0.964620,0.145685,0.607505,0.640602,1.901760,0.956480,-0.473129
229,0.428906,0.327083,1.978277,1.000000,1.318530,0.182033,0.786318
229,0.509263,0.856399,1.082746,0.973329,1.233126,0.142279,0.997084
229,0.025000,0.881250,0.000000,0.000000,0.000000,0.000000,0.000000
229,0.319643,0.550000,1.106101,0.993380,1.086565,0.053953,-0.990999
229,0.066592,0.330903,0.423917,1.000000,0.999998,0.000001,0.786318
229,0.937500,0.726042,0.000000,0.000000,0.000000,0.000000,0.000000
230,0.073437,0.271875,0.000000,0.000000,0.000000,0.000000,0.000000
230,0.064386,0.428557,0.036637,1.000000,0.999973,0.000000,0.707095
230,0.139219,0.710000,0.505795,0.944993,1.066308,0.665553,0.337075
230,0.203385,0.878958,0.085796,1.000000,0.999988,0.000000,-0.874154
230,0.414844,0.880208,0.000000,0.000000,0.000000,0.000000,0.000000
230,0.277509,0.442172,0.081594,1.000000,1.000007,0.000008,0.371380
230,0.428125,0.468750,0.000000,0.000000,0.000000,0.000000,0.000000
230,0.628305,0.181430,0.017985,1.000000,0.999944,0.000000,0.600030
230,0.611198,0.251736,0.179265,1.000000,0.235216,0.621042,-0.970144
230,0.845213,0.396742,0.077140,1.000000,1.000003,0.000015,0.707118
230,0.631818,0.561458,0.045454,1.000000,0.999978,0.000000,0.000000
230,0.653125,0.890625,0.000000,0.000000,0.000000,0.000000,0.000000
230,0.753125,0.664583,0.000000,0.000000,0.000000,0.000000,0.000000
230,0.580208,0.138194,2.224439,0.994031,1.092837,0.829039,0.827731
230,0.378629,0.025366,0.045896,1.000000,0.999946,0.000018,0.478865
230,0.648526,0.071486,0.079817,1.000000,0.999985,0.000005,0.490253
230,0.982292,0.318750,0.879695,0.942605,1.466157,0.026046,-0.346690
230,0.432945,0.297227,0.023620,1.000000,0.999958,0.000000,0.894442
231,0.073437,0.271875,0.000000,0.000000,0.000000,0.000000,0.000000
231,0.067746,0.433036,0.036638,1.000000,0.999997,0.000041,0.707124
231,0.142746,0.736905,0.261865,0.757655,0.858827,1.335152,0.905138
231,0.197982,0.865990,0.085796,1.000000,0.999988,0.000000,-0.874154
231,0.414844,0.880208,0.000000,0.000000,0.000000,0.000000,0.000000
231,0.287334,0.447412,0.081592,1.000000,0.999961,0.000012,0.371387
231,0.428125,0.468750,0.000000,0.000000,0.000000,0.000000,0.000000
231,0.630171,0.183296,0.017985,1.000000,0.999944,0.000000,0.600030
231,0.654978,0.286637,0.526831,1.000000,0.999997,0.000006,0.976187
231,0.850849,0.401540,0.029877,1.000000,0.999967,0.000000,-0.242536
231,0.637713,0.561458,0.045454,1.000000,0.999978,0.000000,0.000000
231,0.653125,0.890625,0.000000,0.000000,0.000000,0.000000,0.000000
231,0.753125,0.664583,0.000000,0.000000,0.000000,0.000000,0.000000
231,0.424219,0.177778,1.256539,0.913765,0.924890,0.540095,-0.377598
231,0.383854,0.029167,0.045898,1.000000,1.000011,0.000018,0.478850
231,0.657548,0.078252,0.079814,1.000000,0.999987,0.000000,0.490271
231,0.956250,0.387847,1.070868,0.736214,1.538360,2.489667,-0.988382
231,0.434314,0.300880,0.023620,1.000000,0.999958,0.000000,0.894442
232,0.073437,0.271875,0.000000,0.000000,0.000000,0.000000,0.000000
232,0.071146,0.437570,0.032567,1.000000,0.888863,0.000006,0.707120
232,0.160930,0.752848,0.182797,1.000000,0.999999,0.000001,0.301136
232,0.200781,0.855208,0.000000,0.000000,0.000000,0.000000,0.000000
232,0.414844,0.880208,0.000000,0.000000,0.000000,0.000000,0.000000
232,0.294653,0.451644,0.041028,1.000000,0.999939,0.000018,0.447247
232,0.428125,0.468750,0.000000,0.000000,0.000000,0.000000,0.000000
232,0.632059,0.185184,0.017987,1.000000,0.999944,0.000000,0.599940
232,0.689372,0.322583,0.364401,1.000000,0.999997,0.000000,-0.362449
232,0.854654,0.400272,0.026557,1.000000,0.888833,0.000000,-0.242536
232,0.642926,0.563913,0.043858,1.000000,0.999977,0.000000,0.624695
232,0.653125,0.890625,0.000000,0.000000,0.000000,0.000000,0.000000
232,0.753125,0.664583,0.000000,0.000000,0.000000,0.000000,0.000000
232,0.281321,0.117235,1.189715,0.998234,0.590340,0.237967,0.948057
232,0.389143,0.033013,0.045898,1.000000,0.999979,0.000002,0.478851
232,0.666678,0.085100,0.079817,1.000000,1.000024,0.000021,0.490253
232,0.908097,0.417519,1.048738,0.913882,0.668686,0.716274,0.997009
232,0.435156,0.303125,0.000000,0.000000,0.000000,0.000000,0.000000
233,0.073437,0.271875,0.000000,0.000000,0.000000,0.000000,0.000000
233,0.071875,0.438542,0.000000,0.000000,0.000000,0.000000,0.000000
233,0.184227,0.752309,0.287302,1.000000,1.000005,0.000008,-0.752577
233,0.200781,0.855208,0.000000,0.000000,0.000000,0.000000,0.000000
233,0.414844,0.880208,0.000000,0.000000,0.000000,0.000000,0.000000
233,0.298438,0.454167,0.000000,0.000000,0.000000,0.000000,0.000000
233,0.428125,0.468750,0.000000,0.000000,0.000000,0.000000,0.000000
233,0.633948,0.187073,0.017985,1.000000,0.999944,0.000000,0.600030
233,0.721927,0.322986,1.406334,1.000000,1.473060,0.036160,-0.521451
233,0.855469,0.400000,0.000000,0.000000,0.000000,0.000000,0.000000
233,0.647421,0.568707,0.043858,1.000000,1.000026,0.000060,0.624695
233,0.653125,0.890625,0.000000,0.000000,0.000000,0.000000,0.000000
233,0.753125,0.664583,0.000000,0.000000,0.000000,0.000000,0.000000
233,0.283381,0.203409,1.851215,0.916175,1.561156,1.107551,-0.091717
233,0.394431,0.036859,0.020399,1.000000,0.444445,0.000014,0.478835
233,0.672656,0.089583,0.000000,0.000000,0.000000,0.000000,0.000000
233,0.914844,0.490417,1.467842,0.955744,2.443649,0.078465,-0.456935
233,0.435156,0.303125,0.000000,0.000000,0.000000,0.000000,0.000000
234,0.103125,0.204167,0.099534,1.000000,0.999989,0.000008,0.992278
234,0.066406,0.356250,0.055805,1.000000,0.999982,0.000000,0.986394
234,0.401563,0.319792,0.215034,0.573269,0.140976,2.007289,0.064380
234,0.581250,0.203125,0.112673,1.000000,0.225000,2.622447,-0.554700
234,0.882031,0.083333,1.023889,0.809899,0.531543,0.980064,0.308178
234,0.949219,0.103125,0.052568,1.000000,0.999981,0.000000,0.196115
234,0.663281,0.323958,0.000000,0.000000,0.000000,0.000000,0.000000
234,0.670313,0.375000,0.068986,1.000000,0.999986,0.000000,0.707107
234,0.578125,0.430208,0.039459,1.000000,0.140224,0.000022,0.894436
234,0.204688,0.410417,0.042857,1.000000,0.999977,0.000000,0.000000
234,0.323438,0.884375,0.154164,0.440232,0.141614,1.231508,-0.613937
234,0.493750,0.902083,0.450930,0.863103,0.442943,1.136193,-0.667838
234,0.664844,0.677083,0.004140,1.000000,0.999759,0.000000,-1.000000
234,0.747656,0.648958,0.023810,1.000000,0.999958,0.000000,1.000000
234,0.735156,0.460417,0.071917,1.000000,0.279693,0.000012,0.707119
234,0.848437,0.343750,0.116308,1.000000,0.232616,0.982798,0.554697
234,0.852344,0.477083,0.068966,1.000000,0.999986,0.000000,1.000000
234,0.861719,0.418750,0.034845,0.979258,0.452977,0.120934,0.992696
234,0.619531,0.093750,0.033641,1.000000,0.999970,0.000000,0.316232
234,0.810938,0.176042,0.884324,0.934833,0.679772,0.918201,0.794903
234,0.910156,0.860417,0.071363,1.000000,0.321133,0.463648,0.894427
234,0.991406,0.982292,0.034374,1.000000,0.999971,0.000000,0.948673
234,0.986719,0.772917,0.035354,1.000000,0.999972,0.000000,0.707155
234,0.821875,0.732292,0.005843,0.999990,0.999829,0.000000,-0.707397
234,0.877344,0.550000,0.033377,1.000000,1.000061,0.000046,0.894427
234,0.706250,0.844792,0.020798,1.000000,0.999952,0.000000,0.707107
234,0.182812,0.563542,0.047619,1.000000,0.999979,0.000000,0.000000
234,0.551562,0.465625,0.004879,1.000000,0.999795,0.000000,0.000000
234,0.320312,0.204167,0.080001,1.000000,0.999987,0.000000,0.961525
234,0.732813,0.138542,0.364118,0.959506,4.733482,1.098396,0.455025
234,0.027344,0.432292,0.124941,1.000000,0.999979,0.000003,0.970142
234,0.355469,0.195833,0.085710,1.000000,0.999981,0.000007,0.707102
234,0.543750,0.379167,0.000000,0.000000,0.000000,0.000000,0.000000
234,0.471094,0.715625,0.000000,0.000000,0.000000,0.000000,0.000000
234,0.535937,0.439583,0.002075,1.000000,0.997889,0.000000,0.000000
234,0.476562,0.862500,0.000000,0.000000,0.000000,0.000000,0.000000
235,0.098438,0.220313,0.167531,0.998287,0.332475,0.041214,-0.083045
235,0.065188,0.365998,0.055806,1.000000,0.999982,0.000000,0.986394
235,0.402486,0.289110,0.311189,0.756297,1.247129,0.011662,0.243207
235,0.718534,0.158261,1.589970,0.998333,1.277789,0.864407,0.617640
235,0.577679,0.212649,0.037312,1.000000,0.233612,0.463632,0.600015
235,0.670052,0.153472,0.978139,0.498213,0.594847,0.794813,0.627011
235,0.929427,0.017593,0.523073,0.993809,1.522588,0.032866,0.071248
235,0.942373,0.104951,0.033980,0.992022,0.646464,0.174911,0.363780
235,0.663281,0.323958,0.000000,0.000000,0.000000,0.000000,0.000000
235,0.664817,0.383908,0.047271,0.995274,0.760413,0.082003,0.783827
235,0.574384,0.440184,0.039459,1.000000,0.999936,0.000077,0.894436
235,0.146406,0.234583,1.064937,0.801439,0.866336,0.882729,-0.602891
235,0.191071,0.574405,1.514708,0.788404,0.764027,0.274324,0.837379
235,0.201562,0.408272,0.039215,1.000000,0.999931,0.000000,1.000000
235,0.325195,0.869010,0.345168,1.000000,0.999997,0.000000,-0.995893
235,0.251563,0.838542,1.645447,0.638665,1.388482,0.217911,-0.808082
235,0.471205,0.931548,0.834757,0.713606,1.422957,1.340094,0.941953
235,0.641406,0.735417,0.463712,0.938304,0.553853,0.230735,0.204291
235,0.664844,0.676350,0.004140,1.000000,0.999759,0.000000,-1.000000
235,0.747656,0.653125,0.000000,0.000000,0.000000,0.000000,0.000000
235,0.728253,0.471377,0.070404,1.000000,0.999999,0.000021,0.530003
235,0.795313,0.569792,0.856078,0.971472,0.674088,0.037525,0.627407
235,0.845070,0.359624,0.058071,1.000000,0.999983,0.000000,0.970137
235,0.853177,0.479028,0.021295,1.000000,0.999953,0.000000,-0.894475
235,0.861024,0.422685,0.013803,0.999999,0.999928,0.000000,0.894476
235,0.615293,0.095634,0.023529,1.000000,0.699395,0.321755,0.000000
235,0.807031,0.243576,0.687182,0.711460,0.941802,0.838670,-0.416654
235,0.906366,0.874690,0.069888,0.970309,0.979312,0.072270,0.859801
235,0.992188,0.988171,0.033898,1.000000,0.999970,0.000000,1.000000
235,0.983676,0.777961,0.037952,1.000000,0.999974,0.000000,0.832078
235,0.821326,0.731560,0.005843,0.999990,0.999829,0.000000,-0.707397
235,0.795573,0.813542,1.272030,1.000000,1.231024,1.134209,0.851657
235,0.874275,0.555506,0.064383,1.000000,0.999984,0.000000,0.554737
235,0.703545,0.846875,0.043013,1.000000,0.999977,0.000000,0.000000
235,0.176488,0.563542,0.047618,1.000000,0.999979,0.000000,0.000000
235,0.682656,0.543472,1.201852,1.000000,1.000000,0.000000,-0.942990
235,0.550915,0.465625,0.004879,1.000000,1.000490,0.000000,0.000000
235,0.317394,0.217788,0.030299,1.000000,0.477638,0.260859,0.832050
235,0.033333,0.575694,2.274228,0.698787,0.924802,2.727675,-0.985821
235,0.927344,0.831250,1.428442,0.926864,1.245183,1.560073,0.437597
235,0.987813,0.917292,1.200576,0.853005,1.574744,0.631544,0.653691
235,0.007031,0.025000,1.078478,0.978896,1.198731,1.518684,0.999846
235,0.738734,0.155647,0.074433,1.000000,1.000019,0.000032,0.707101
235,0.026960,0.445815,0.078458,1.000000,0.999987,0.000000,0.894426
235,0.348066,0.205320,0.048543,1.000000,0.999979,0.000000,0.600017
235,0.543750,0.379167,0.000000,0.000000,0.000000,0.000000,0.000000
235,0.471094,0.715625,0.000000,0.000000,0.000000,0.000000,0.000000
235,0.535662,0.439583,0.002079,1.000000,1.001152,0.000000,0.000000
235,0.476562,0.862500,0.000000,0.000000,0.000000,0.000000,0.000000
236,0.081858,0.220872,0.053990,1.000000,0.999968,0.000008,0.857492
236,0.061926,0.375666,0.062440,1.000000,0.999984,0.000000,0.871575
236,0.411506,0.272822,0.140696,0.966537,0.631742,0.982796,-0.557680
236,0.848257,0.220673,1.266211,0.982044,1.054811,0.332361,0.549536
236,0.573438,0.219167,0.010811,1.000000,0.432405,0.000000,1.000000
236,0.702344,0.238333,1.212125,0.274396,0.842312,0.312622,-0.334067
236,0.967188,0.037500,0.898805,0.720828,1.321100,0.708626,-0.857493
236,0.938482,0.107158,0.030218,1.000000,1.029186,0.870340,0.894396
236,0.663281,0.323958,0.000000,0.000000,0.000000,0.000000,0.000000
236,0.661532,0.390534,0.087633,1.000000,0.999989,0.000000,0.992281
236,0.572040,0.446434,0.029463,1.000000,0.815489,0.234750,0.707107
236,0.211979,0.169097,1.371882,0.659225,0.587862,0.672387,-0.982872
236,0.157552,0.741667,1.648404,0.594773,1.316594,0.666191,0.917969
236,0.201562,0.410428,0.010752,1.000000,0.999907,0.000000,-1.000000
236,0.331290,0.860924,0.105721,1.000000,0.999991,0.000000,-0.242539
236,0.297656,0.760417,1.276663,0.966217,0.670220,1.701521,-0.135113
236,0.470313,0.951157,0.603069,0.888615,1.870700,0.920491,0.972892
236,0.617188,0.684375,1.126673,0.697340,2.407629,0.942000,-0.989949
236,0.664844,0.675617,0.004144,1.000000,1.000577,0.000000,-1.000000
236,0.747656,0.653125,0.004978,1.000000,1.284322,0.000000,-0.707107
236,0.723840,0.477620,0.064109,1.000000,1.417750,1.007204,0.928469
236,0.730469,0.698718,0.985327,0.923373,1.024740,0.496422,0.879293
236,0.839911,0.370833,0.028571,1.000000,0.999965,0.000000,0.000000
236,0.853906,0.477908,0.010990,1.000000,0.999909,0.000000,1.000000
236,0.860205,0.424871,0.008897,0.999999,0.765487,0.213028,0.706821
236,0.612050,0.095833,0.008197,1.000000,0.348342,1.570796,1.000000
236,0.826563,0.282986,0.875362,0.872922,1.016953,3.043564,-0.517245
236,0.899571,0.879049,0.052191,1.000000,0.952294,0.727363,0.970127
236,0.981515,0.781938,0.013346,0.999998,1.000285,0.000359,0.706853
236,0.820777,0.730828,0.005848,0.999990,1.000241,0.000410,-0.706817
236,0.868490,0.559028,0.043840,1.000000,0.999977,0.000000,0.447214
236,0.697468,0.847953,0.089774,1.000000,0.999989,0.000000,0.640181
236,0.173259,0.563621,0.040029,1.000000,0.999975,0.000000,0.316221
236,0.700612,0.345552,1.089493,1.000000,0.999998,0.000003,-0.992278
236,0.550267,0.465625,0.004876,1.000000,0.999100,0.000000,0.000000
236,0.315113,0.222899,0.030299,1.000000,0.999967,0.000000,0.832050
236,0.103385,0.516319,1.026464,0.923989,0.857898,1.590444,-0.429555
236,0.817187,0.794792,1.098587,0.965401,1.003041,1.363666,0.209530
236,0.046354,0.139583,1.040352,0.546360,1.119497,0.593335,0.996938
236,0.978125,0.015972,1.297202,0.703875,1.052419,1.129227,-0.451266
236,0.728750,0.165208,0.058845,1.000000,0.775861,0.000010,0.447214
236,0.023861,0.456223,0.042984,1.000000,0.999977,0.000000,0.988372
236,0.342956,0.210519,0.049858,1.000000,0.999963,0.000003,0.986392
236,0.543750,0.379167,0.000000,0.000000,0.000000,0.000000,0.000000
236,0.471094,0.715625,0.000000,0.000000,0.000000,0.000000,0.000000
236,0.535386,0.439583,0.002079,1.000000,0.999519,0.000000,0.000000
236,0.476562,0.862500,0.000000,0.000000,0.000000,0.000000,0.000000
237,0.078168,0.229070,0.067901,1.000000,1.023280,0.080902,0.000000
237,0.057860,0.385303,0.015316,1.000000,0.745174,0.317245,0.894438
237,0.415909,0.257607,0.125000,1.000000,0.230683,1.325300,0.000000
237,0.573438,0.220819,0.037035,1.000000,1.099811,0.022810,0.000000
237,0.751367,0.290625,1.367210,0.564875,1.469239,0.912908,0.791285
237,0.939503,0.111686,0.040656,1.000000,0.999975,0.000000,0.447214
237,0.663281,0.323958,0.000000,0.000000,0.000000,0.000000,0.000000
237,0.659077,0.402662,0.046856,0.995896,0.775214,0.104467,0.873075
237,0.570312,0.448958,0.043293,1.000000,43292.644531,0.000000,0.000000
237,0.276563,0.045833,2.058196,0.681256,1.132075,1.342649,-0.942990
237,0.099740,0.895486,1.065603,0.846618,0.917783,0.453475,0.905237
237,0.201562,0.407876,0.018940,1.000000,0.999947,0.000000,-1.000000
237,0.345313,0.864583,0.234649,0.058825,1.413723,2.753271,0.894427
237,0.335938,0.635417,0.212961,0.983993,1.587800,1.104699,-0.830685
237,0.476832,0.968678,0.176470,1.000000,1.096732,2.332357,1.000000
237,0.558437,0.626042,1.550595,0.703107,1.416770,0.756975,-0.934218
237,0.664844,0.674884,0.004140,1.000000,0.999759,0.000000,-1.000000
237,0.747200,0.652516,0.004982,1.000000,1.000762,0.000000,-0.707107
237,0.721354,0.487674,0.026436,1.000000,0.474285,0.363111,0.707075
237,0.681445,0.834375,0.958616,1.000000,1.024882,0.482036,0.945373
237,0.837500,0.373958,0.048387,1.000000,0.999979,0.000000,1.000000
237,0.853906,0.479768,0.009616,1.000000,1.000072,0.000000,1.000000
237,0.859370,0.426048,0.008892,1.000000,0.999753,0.000135,0.707202
237,0.611719,0.097131,0.008197,1.000000,0.999930,0.000000,1.000000
237,0.846094,0.304167,0.535473,0.566420,0.474544,0.498008,0.976902
237,0.900781,0.887644,0.034485,1.000000,1.000069,0.000000,1.000000
237,0.980348,0.783817,0.017472,0.999999,0.999943,0.000000,0.948644
237,0.820312,0.730065,0.005276,1.000000,0.999811,0.000000,-1.000000
237,0.864844,0.563172,0.032257,1.000000,0.999864,0.000000,1.000000
237,0.690430,0.856510,0.135996,1.000000,0.999993,0.000000,-0.393922
237,0.168619,0.565625,0.009346,1.000000,0.999984,0.000000,0.000000
237,0.677344,0.162500,1.679289,0.756086,1.114903,0.862294,-0.962618
237,0.548050,0.463542,0.007999,1.000000,0.999451,0.000000,0.000000
237,0.311830,0.227976,0.043456,0.947336,0.967935,0.081864,0.762569
237,0.166667,0.443056,0.963878,0.801561,0.834764,0.540980,0.149806
237,0.763889,0.687037,0.366642,0.918875,0.513218,0.954481,-0.996745
237,0.086094,0.264167,1.239244,0.792299,1.241834,1.235335,0.541575
237,0.980469,0.904167,1.416655,0.913487,1.102831,0.537149,0.497987
237,0.720421,0.173813,0.021739,1.000000,0.717727,0.278858,0.000000
237,0.022993,0.463746,0.042984,1.000000,0.999977,0.000002,0.988372
237,0.341867,0.219228,0.049858,1.000000,0.999969,0.000036,0.986392
237,0.543750,0.379167,0.000000,0.000000,0.000000,0.000000,0.000000
237,0.471094,0.715625,0.000000,0.000000,0.000000,0.000000,0.000000
237,0.535110,0.439583,0.002075,1.000000,0.999518,0.000000,0.000000
237,0.476562,0.862500,0.000000,0.000000,0.000000,0.000000,0.000000
238,0.069271,0.229331,0.046105,1.000000,0.999986,0.000016,0.428093
238,0.058722,0.387842,0.015314,1.000000,0.999836,0.000050,0.894405
238,0.422188,0.235208,0.229376,0.865620,1.025790,0.268190,-0.980957
238,0.569664,0.221698,0.018941,1.000000,1.000042,0.000158,0.707062
238,0.823438,0.333333,0.854069,0.930965,0.584767,1.081344,0.730659
238,0.935562,0.112000,0.036636,0.942357,1.295276,0.591083,-0.193105
238,0.663281,0.323958,0.002146,1.000000,2146.403076,0.000000,0.000000
238,0.657760,0.408264,0.058926,1.000000,1.153834,0.113814,0.707107
238,0.566677,0.453805,0.043291,1.000000,0.999977,0.000000,0.707087
238,0.201562,0.404482,0.037646,1.000000,1.790963,2.717407,0.948679
238,0.353551,0.877367,0.726468,0.974850,2.694796,1.112490,0.980581
238,0.360243,0.594907,0.254627,0.985445,1.782441,2.059757,0.925169
238,0.477344,0.980208,0.270918,0.284541,2.889761,2.253122,0.630599
238,0.525608,0.547685,0.554699,1.000000,0.855384,0.810603,0.832050
238,0.664844,0.674142,0.004140,1.000000,0.999759,0.000000,-1.000000
238,0.746726,0.651885,0.004978,1.000000,0.998837,0.000000,-0.707107
238,0.718787,0.491618,0.026435,1.000000,0.999917,0.000045,0.707043
238,0.662500,0.964583,0.917878,1.000000,0.751955,0.098338,0.490259
238,0.835684,0.383502,0.060437,1.000000,1.000084,0.000050,0.447191
238,0.853906,0.479459,0.005619,1.000000,1.000124,0.000000,-1.000000
238,0.858520,0.426985,0.009554,0.999998,0.999895,0.000000,-0.707196
238,0.611719,0.096827,0.013072,1.000000,0.999924,0.000000,-1.000000
238,0.839844,0.354688,0.584017,0.822585,0.984037,2.131282,-0.700471
238,0.900781,0.893852,0.048781,1.000000,0.999979,0.000000,1.000000
238,0.979605,0.786786,0.017472,0.999999,0.999943,0.000000,0.948644
238,0.820312,0.729120,0.005276,1.000000,0.999811,0.000000,-1.000000
238,0.863089,0.566410,0.021759,1.000000,0.999954,0.000000,-0.707029
238,0.701835,0.851042,0.031745,1.000000,0.999862,0.000000,0.000000
238,0.167363,0.565625,0.018281,1.000000,1.955800,0.000000,0.000000
238,0.546975,0.463542,0.000000,0.000000,0.000000,0.000000,0.000000
238,0.312455,0.233214,0.020798,1.000000,0.893564,0.350497,0.707107
238,0.250000,0.434375,1.962472,0.618561,1.553821,2.462304,-0.778020
238,0.728906,0.557292,1.112411,0.732629,0.860980,0.610590,-0.899814
238,0.078571,0.397173,1.055535,0.930486,1.862416,0.537642,0.967884
238,0.900977,0.814583,2.013976,0.582305,1.033792,1.893439,-0.876383
238,0.977344,0.139062,2.093038,0.537032,1.800401,1.555471,0.537089
238,0.459555,0.979287,1.439562,0.608427,1.443503,0.487804,-0.232575
238,0.719994,0.175617,0.016129,1.000000,0.558869,0.785357,1.000000
238,0.022115,0.471358,0.042984,1.000000,0.999977,0.000000,0.988372
238,0.341406,0.225980,0.029411,1.000000,0.999966,0.000000,1.000000
238,0.543750,0.379167,0.000000,0.000000,0.000000,0.000000,0.000000
238,0.471094,0.715625,0.000000,0.000000,0.000000,0.000000,0.000000
238,0.534831,0.439583,0.002079,1.000000,0.999519,0.000000,0.000000
238,0.476562,0.862500,0.000000,0.000000,0.000000,0.000000,0.000000
239,0.063737,0.232826,0.046105,1.000000,0.999970,0.000016,0.428078
239,0.058685,0.390197,0.022120,1.000000,0.999971,0.000011,0.554691
239,0.425460,0.203248,0.573488,1.000000,3.899676,1.263758,-0.813733
239,0.567873,0.224001,0.016134,1.000000,0.999938,0.000000,0.316244
239,0.871875,0.388542,0.887202,0.955429,0.758048,0.268252,0.902995
239,0.930564,0.111458,0.040819,1.000000,0.999976,0.000000,0.000000
239,0.662255,0.323958,0.009661,1.000000,0.999896,0.000000,0.000000
239,0.657937,0.416042,0.107704,1.000000,0.999979,0.000029,0.928483
239,0.563188,0.457158,0.028864,1.000000,0.999965,0.000000,0.514548
239,0.202310,0.407262,0.025754,1.000000,0.999961,0.000000,-0.554700
239,0.342187,0.911458,0.092450,1.000000,0.333334,0.000010,-0.554709
239,0.379911,0.522917,0.556163,0.681481,0.455269,0.716097,-0.978937
239,0.489844,0.506875,0.515275,1.000000,0.999991,0.000002,-0.720835
239,0.664844,0.673408,0.004140,1.000000,0.999759,0.000000,-1.000000
239,0.746259,0.651262,0.004982,1.000000,1.000762,0.000000,-0.707107
239,0.717969,0.498454,0.091240,1.000000,1.353057,0.308956,0.707097
239,0.825544,0.396196,0.225347,1.000000,0.897211,0.709860,-0.832050
239,0.853331,0.479934,0.008678,0.999997,1.000023,0.000138,0.707009
239,0.857622,0.425788,0.009554,0.999997,0.999896,0.000000,-0.707196
239,0.611719,0.094513,0.013072,1.000000,0.999956,0.000000,-1.000000
239,0.843125,0.400104,0.977460,0.702025,1.593444,2.508864,0.809610
239,0.900781,0.902693,0.073171,1.000000,0.999986,0.000000,1.000000
239,0.978862,0.789554,0.007931,1.000000,0.999874,0.000000,-0.447214
239,0.820312,0.728185,0.005276,1.000000,0.999811,0.000000,-1.000000
239,0.861024,0.564583,0.015876,1.000000,1.000364,0.000000,0.000000
239,0.702316,0.851042,0.008772,1.000000,0.999886,0.000000,0.000000
239,0.164811,0.565625,0.020833,1.000000,0.999952,0.000000,0.000000
239,0.546875,0.463542,0.003503,1.000000,3.000335,0.000000,0.000000
239,0.310593,0.235876,0.020798,1.000000,0.999952,0.000000,0.707107
239,0.328281,0.458750,2.330012,0.482204,1.463141,0.697501,-0.148340
239,0.706250,0.399653,1.045338,0.922621,0.786492,0.900591,-0.999829
239,0.050000,0.508333,0.857758,0.894420,0.801143,0.621738,0.986637
239,0.808203,0.717708,1.868690,0.584096,0.739889,0.361881,-0.967075
239,0.975521,0.277778,2.043340,0.564260,1.495986,0.650529,0.561387
239,0.340000,0.908750,1.143790,0.945900,1.120215,0.431506,-0.045125
239,0.070526,0.990152,0.857178,0.943951,3.234075,0.658982,-0.362919
239,0.213170,0.007589,1.034756,0.850833,0.970503,0.556180,0.689618
239,0.020312,0.600000,1.187329,0.996877,1.756758,0.651642,-0.883978
239,0.485761,0.993750,0.035352,1.000000,1.732752,1.684893,0.707107
239,0.719835,0.178444,0.026306,1.000000,0.999948,0.000029,0.447214
239,0.021247,0.478881,0.028608,0.998394,0.665543,0.025176,0.991886
239,0.340670,0.230149,0.020203,1.000000,0.999951,0.000000,0.707107
239,0.543750,0.379167,0.000000,0.000000,0.000000,0.000000,0.000000
239,0.471094,0.715625,0.000000,0.000000,0.000000,0.000000,0.000000
239,0.534555,0.439583,0.002079,1.000000,0.999519,0.000000,0.000000
239,0.476562,0.862500,0.000000,0.000000,0.000000,0.000000,0.000000
240,0.058203,0.236321,0.046105,1.000000,0.999986,0.000016,0.428093
240,0.056240,0.392370,0.022120,1.000000,0.999939,0.000011,0.554700
240,0.445078,0.164687,0.399100,0.996482,0.937440,0.019303,0.039442
240,0.565840,0.224904,0.030217,1.000000,1.872736,0.785419,0.894444
240,0.924219,0.442708,1.062623,0.466363,0.606131,0.321439,0.067264
240,0.926787,0.111458,0.022990,1.000000,0.999956,0.000000,0.000000
240,0.660971,0.323958,0.009661,1.000000,0.999896,0.000000,0.000000
240,0.658029,0.428009,0.068181,1.000000,1.190601,0.244979,1.000000
240,0.559901,0.459788,0.028867,1.000000,0.999965,0.000000,0.514496
240,0.199464,0.404732,0.025754,1.000000,0.999961,0.000000,-0.554700
240,0.339063,0.915451,0.217006,1.000000,1.073466,0.046017,0.242525
240,0.426910,0.395718,1.748106,0.582831,1.432277,0.898710,-0.997857
240,0.486979,0.445486,0.996895,1.000000,1.585061,1.311751,-0.729538
240,0.664560,0.672790,0.006845,1.000000,1.000010,0.000470,-0.316525
240,0.745639,0.650435,0.007486,1.000000,1.000507,0.000000,-0.707107
240,0.721077,0.506361,0.108489,1.000000,0.999991,0.000000,0.980585
240,0.811719,0.392188,0.091109,1.000000,0.974867,0.483876,0.857493
240,0.852516,0.481020,0.009667,0.609044,1.114570,0.105537,0.628900
240,0.855882,0.425876,0.029212,1.000000,1.000167,0.000115,0.496114
240,0.611719,0.092908,0.007092,1.000000,0.999799,0.000000,-1.000000
240,0.830729,0.442708,0.896219,0.620233,0.873591,2.010828,0.999445
240,0.900781,0.914759,0.012048,1.000000,0.999917,0.000000,1.000000
240,0.977920,0.788926,0.007923,1.000000,0.999874,0.000000,-0.447214
240,0.820312,0.727251,0.005276,1.000000,0.999811,0.000000,-1.000000
240,0.857315,0.570265,0.044194,1.000000,0.788285,0.128325,0.707107
240,0.699589,0.851042,0.042107,1.000000,0.999976,0.000000,0.000000
240,0.161559,0.565625,0.043011,1.000000,0.999977,0.000000,0.000000
240,0.546443,0.463542,0.003503,1.000000,0.999715,0.000000,0.000000
240,0.308331,0.240109,0.031907,1.000000,0.999939,0.000044,0.832058
240,0.410156,0.462500,2.042406,0.672702,1.120601,0.286582,-0.384137
240,0.722070,0.265104,0.940658,0.934577,0.903466,0.969971,-0.984784
240,0.755664,0.616406,2.187899,0.850627,1.627003,1.451796,0.099503
240,0.886719,0.960417,2.830382,0.615911,1.802258,2.120088,0.199179
240,0.953571,0.416815,1.232381,0.772056,0.989942,1.405321,0.937416
240,0.204018,0.894940,1.136910,0.999321,1.498569,0.084746,0.325992
240,0.149740,0.935069,0.798597,1.000000,0.857143,0.643501,-0.983870
240,0.081370,0.072115,1.121135,1.000000,0.957675,0.398487,0.668965
240,0.184844,0.973750,1.298565,0.736012,0.828320,1.725956,-0.998542
240,0.064062,0.445833,1.056031,1.000000,1.000000,0.000001,-0.795432
240,0.716172,0.181562,0.041667,1.000000,0.648418,0.679393,0.000000
240,0.021094,0.481760,0.010639,1.000000,0.999906,0.000000,1.000000
240,0.338158,0.233497,0.031780,1.000000,0.999969,0.000000,0.707120
240,0.543750,0.379167,0.000000,0.000000,0.000000,0.000000,0.000000
240,0.471094,0.715625,0.000000,0.000000,0.000000,0.000000,0.000000
240,0.534279,0.439583,0.002079,1.000000,1.001152,0.000000,0.000000
240,0.476562,0.862500,0.000000,0.000000,0.000000,0.000000,0.000000
241,0.054192,0.238542,0.009901,1.000000,0.999942,0.000000,0.000000
241,0.056250,0.391573,0.003732,1.000000,0.999732,0.000000,-1.000000
241,0.468531,0.139583,0.120002,1.000000,0.999992,0.000000,0.000000
241,0.564086,0.228093,0.021429,1.000000,1.000065,0.000112,0.707067
241,0.922704,0.111458,0.025414,1.000000,0.979288,0.058630,-0.447134
241,0.660156,0.324688,0.010949,1.000000,1.000064,0.000000,1.000000
241,0.655508,0.435417,0.025001,1.000000,0.999960,0.000000,0.000000
241,0.558520,0.462402,0.020014,1.000000,0.999950,0.000000,0.707022
241,0.197656,0.403125,0.000000,0.000000,0.000000,0.000000,0.000000
241,0.323611,0.911458,0.404049,0.096626,1.818213,1.892547,-0.948683
241,0.503125,0.266146,1.702779,0.644324,0.822627,1.050100,-0.705296
241,0.448633,0.333854,1.923587,0.491738,1.025137,0.288343,-0.988672
241,0.663687,0.672403,0.006844,0.999999,0.999854,0.000000,-0.316079
241,0.744928,0.649487,0.007481,1.000000,0.999866,0.000000,-0.707107
241,0.715814,0.516846,0.062165,1.000000,0.999999,0.000023,0.554706
241,0.807537,0.393811,0.101640,1.000000,0.271136,2.101965,-0.894414
241,0.853180,0.479019,0.017606,1.000000,0.999857,0.000043,-0.894427
241,0.852474,0.428472,0.029212,1.000000,1.000167,0.000115,0.496114
241,0.611693,0.091424,0.058925,1.000000,0.999968,0.000056,-0.989954
241,0.835379,0.464435,0.954174,0.403527,0.993847,1.147752,0.046613
241,0.900381,0.917201,0.036263,1.000000,0.999972,0.000000,0.707107
241,0.976967,0.788290,0.007931,1.000000,0.999874,0.000000,-0.447214
241,0.820312,0.726306,0.005276,1.000000,0.999811,0.000000,-1.000000
241,0.849071,0.572917,0.018867,1.000000,0.999947,0.000000,0.000000
241,0.694161,0.851809,0.039230,1.000000,0.999974,0.000000,0.447214
241,0.156175,0.565625,0.006897,1.000000,0.999978,0.000000,0.000000
241,0.545972,0.463542,0.003503,1.000000,0.999715,0.000000,0.000000
241,0.305362,0.243821,0.030630,1.000000,0.999967,0.000000,0.447214
241,0.502083,0.446181,1.326523,0.573228,0.763008,1.080690,-0.014613
241,0.696289,0.127083,0.909657,0.919915,0.781017,0.960630,-0.982570
241,0.670871,0.526786,1.724369,0.461474,1.063680,0.638656,-0.999355
241,0.772656,0.901667,1.728076,0.642271,1.240947,1.129270,-0.386138
241,0.847768,0.945982,1.242105,0.828468,0.900484,0.517453,-0.642706
241,0.955729,0.518403,0.977186,0.820145,0.764293,0.031970,0.844167
241,0.051228,0.936161,1.085378,0.972395,1.074799,0.373007,0.159085
241,0.184180,0.809375,1.183864,0.998677,1.445352,0.939622,0.067966
241,0.089453,0.907812,0.761578,1.000000,1.292438,0.546791,-0.393921
241,0.939583,0.343403,0.650813,1.000000,0.858514,1.289098,-0.209529
241,0.118750,0.279167,1.254105,0.977862,0.900239,0.656548,-0.981136
241,0.707812,0.166319,0.849125,0.743244,0.710031,2.847550,0.684109
241,0.019207,0.484808,0.027766,0.924705,1.007830,0.350291,0.906824
241,0.335105,0.237557,0.042448,1.000000,1.000020,0.000010,0.640177
241,0.543750,0.379167,0.000000,0.000000,0.000000,0.000000,0.000000
241,0.471094,0.715625,0.000000,0.000000,0.000000,0.000000,0.000000
241,0.534000,0.439583,0.002079,1.000000,0.999519,0.000000,0.000000
241,0.476562,0.862500,0.000000,0.000000,0.000000,0.000000,0.000000
242,0.052397,0.239836,0.048543,1.000000,0.999974,0.000007,0.799998
242,0.056250,0.390913,0.003732,1.000000,0.999732,0.000000,-1.000000
242,0.492969,0.111458,0.843944,0.606908,1.579062,1.606523,-0.997880
242,0.562074,0.230777,0.027444,0.979946,1.280811,0.229684,0.849539
242,0.919673,0.109470,0.025641,1.000000,1.004097,0.832205,1.000000
242,0.660156,0.326627,0.010947,1.000000,0.999754,0.000000,1.000000
242,0.650937,0.437500,0.055829,0.667642,0.558290,0.217727,0.216010
242,0.560938,0.467708,0.221992,0.999485,1.544381,0.115424,0.978791
242,0.197656,0.403125,0.000000,0.000000,0.000000,0.000000,0.000000
242,0.306562,0.905208,0.076571,0.635435,0.765705,1.613634,0.999083
242,0.586719,0.175000,1.621122,0.795109,1.179613,0.456598,-0.517209
242,0.411719,0.236458,0.509665,0.999994,0.284035,0.065815,0.290678
242,0.662825,0.672019,0.006844,0.999999,0.999698,0.000470,-0.316079
242,0.744604,0.649055,0.001769,1.000000,0.996736,0.000000,0.707107
242,0.713083,0.521345,0.043179,0.864827,2.278525,0.978282,0.870453
242,0.802865,0.389583,0.044447,1.000000,1.000130,0.000000,0.000000
242,0.854219,0.477500,0.010878,1.000000,1.000018,0.000110,0.707263
242,0.847108,0.433621,0.057468,1.000000,0.999983,0.000000,0.600038
242,0.610586,0.081094,0.058926,1.000000,0.999998,0.000056,-0.989946
242,0.820052,0.505556,0.544658,0.622528,0.716563,0.762297,0.994017
242,0.893992,0.922055,0.110777,0.885518,0.779179,0.792643,0.861198
242,0.976025,0.787663,0.007923,1.000000,0.999874,0.000000,-0.447214
242,0.820312,0.726042,0.000000,0.000000,0.000000,0.000000,0.000000
242,0.847286,0.575164,0.041604,1.000000,0.999821,0.000051,0.316228
242,0.697023,0.853125,0.063158,1.000000,0.999984,0.000000,0.000000
242,0.155259,0.565625,0.006897,1.000000,0.999978,0.000000,0.000000
242,0.545507,0.463542,0.003503,1.000000,1.000683,0.000000,0.000000
242,0.301723,0.246247,0.030630,1.000000,0.999967,0.000000,0.447214
242,0.568750,0.469494,0.691971,0.802502,0.811387,1.861184,-0.987106
242,0.614174,0.411607,1.743057,0.817984,1.165295,2.846313,-0.967314
242,0.652969,0.854583,2.267520,0.745255,2.177700,1.972200,0.726911
242,0.929395,0.847396,1.181244,1.000000,1.137605,0.059315,-0.946163
242,0.938867,0.646094,1.002320,0.757782,0.879457,1.341591,0.698933
242,0.257537,0.723468,0.619048,1.000000,1.014664,0.446416,-0.923076
242,0.884219,0.401042,1.059215,0.977924,1.294699,0.802534,0.983797
242,0.172656,0.136198,1.070105,1.000000,1.470575,0.332226,-0.845489
242,0.717188,0.188455,0.126492,1.000000,1.080508,0.012536,0.948679
242,0.018750,0.489505,0.028037,1.000000,0.999964,0.000000,1.000000
242,0.330774,0.242369,0.052383,1.000000,1.144737,0.103617,0.759268
242,0.543750,0.379167,0.000000,0.000000,0.000000,0.000000,0.000000
242,0.471094,0.715625,0.000000,0.000000,0.000000,0.000000,0.000000
242,0.533724,0.439583,0.002075,1.000000,0.997889,0.000000,0.000000
242,0.476562,0.862500,0.000000,0.000000,0.000000,0.000000,0.000000
243,0.048529,0.246713,0.062167,1.000000,1.051182,0.045803,0.624698
243,0.056250,0.390252,0.003732,1.000000,0.999732,0.000000,-1.000000
243,0.511523,0.083854,0.134628,1.000000,0.975239,1.810559,-0.928482
243,0.560298,0.235985,0.079195,1.000000,1.767820,0.496452,0.371391
243,0.915935,0.109061,0.061264,1.000000,1.000086,0.000043,-0.447208
243,0.660156,0.328695,0.011905,1.000000,0.999916,0.000000,1.000000
243,0.651797,0.439583,0.075002,1.000000,0.999987,0.000000,0.000000
243,0.552344,0.439931,0.166667,1.000000,0.999994,0.000000,1.000000
243,0.197656,0.403125,0.000000,0.000000,0.000000,0.000000,0.000000
243,0.309195,0.903526,0.050001,1.000000,0.290694,1.107140,-1.000000
243,0.709115,0.103472,1.711563,0.794749,1.204073,1.700420,-0.985648
243,0.319922,0.208854,1.052298,0.999480,1.152321,1.460580,-0.823142
243,0.661962,0.671636,0.006845,1.000000,1.000010,0.000470,-0.316525
243,0.744770,0.649276,0.001774,1.000000,1.002144,0.000000,0.707107
243,0.707599,0.529451,0.086583,1.000000,1.133555,0.000028,0.707126
243,0.802316,0.391629,0.060094,1.000000,1.068786,0.051996,0.554694
243,0.855240,0.478862,0.010877,1.000000,0.999467,0.000441,0.707185
243,0.845312,0.441099,0.045454,1.000000,0.999978,0.000000,1.000000
243,0.612352,0.074155,0.038221,1.000000,0.999919,0.000071,-0.707135
243,0.826823,0.552431,0.837098,0.900768,0.891097,1.481160,0.864489
243,0.888590,0.937937,0.097017,1.000000,0.957968,0.585284,0.624682
243,0.973870,0.792597,0.043418,1.000000,0.999977,0.000000,0.894443
243,0.820312,0.726042,0.000000,0.000000,0.000000,0.000000,0.000000
243,0.841992,0.576432,0.046585,1.000000,0.999979,0.000000,-0.447214
243,0.697924,0.854338,0.061536,1.000000,0.999970,0.000053,0.242510
243,0.151447,0.565625,0.064815,1.000000,0.999985,0.000000,0.000000
243,0.545042,0.463542,0.003503,1.000000,0.999715,0.000000,0.000000
243,0.298975,0.249283,0.025950,1.000000,0.999961,0.000000,0.707090
243,0.628906,0.468125,0.970781,0.126032,0.363745,0.639658,-0.771927
243,0.577930,0.320312,1.998325,0.875844,1.132115,2.312866,-0.809422
243,0.554297,0.767969,1.531433,0.564077,0.664477,0.408852,-0.857494
243,0.938616,0.756250,0.885190,0.864814,0.829517,2.026001,0.575733
243,0.318359,0.695833,0.876268,0.984259,0.934827,0.976821,-0.049836
243,0.842969,0.500391,0.739113,0.884589,1.619444,1.039911,0.212430
243,0.830469,0.063542,1.225767,0.843058,0.680504,1.799751,0.806405
243,0.711617,0.198958,0.067758,1.000000,1.558437,0.463659,0.447224
243,0.017636,0.493152,0.021003,1.000000,1.000010,0.000057,0.707117
243,0.326261,0.249254,0.097531,1.000000,1.861807,0.076759,0.707111
243,0.543750,0.379167,0.000000,0.000000,0.000000,0.000000,0.000000
243,0.471094,0.715625,0.000000,0.000000,0.000000,0.000000,0.000000
243,0.533448,0.439583,0.002079,1.000000,0.999519,0.000000,0.000000
243,0.476562,0.862500,0.000000,0.000000,0.000000,0.000000,0.000000
244,0.042142,0.253590,0.062167,1.000000,0.999995,0.000009,0.624698
244,0.056250,0.389591,0.001819,1.000000,0.895219,0.000000,1.000000
244,0.518750,0.057292,0.291819,1.000000,291818.625000,0.000000,0.000000
244,0.553261,0.242527,0.123885,1.000000,0.388994,1.997166,0.672667
244,0.908991,0.107292,0.025499,1.000000,0.644181,0.230158,0.316273
244,0.660156,0.330804,0.011831,1.000000,0.993792,0.000000,1.000000
244,0.655208,0.441667,0.538722,0.998123,4.444407,0.385155,0.375703
244,0.548860,0.451633,0.086530,1.000000,1.000019,0.000025,0.624681
244,0.197118,0.403125,0.008403,1.000000,0.999881,0.000000,0.000000
244,0.303906,0.892361,0.030304,1.000000,0.947389,3.141593,-1.000000
244,0.814062,0.040972,1.670560,0.895436,1.122606,1.472029,0.371391
244,0.306250,0.118750,0.954294,0.511054,0.927258,0.634023,-0.341743
244,0.661100,0.671253,0.006844,0.999999,0.999854,0.000000,-0.316079
244,0.744936,0.649498,0.001774,1.000000,1.002144,0.000000,0.707107
244,0.694631,0.539029,0.167586,0.999318,0.955162,0.010072,0.232762
244,0.796838,0.398065,0.075292,1.000000,0.999987,0.000000,0.948679
244,0.853378,0.478238,0.010713,0.999999,0.530774,1.976948,-0.707107
244,0.843790,0.445780,0.024172,1.000000,0.999810,0.000248,0.707212
244,0.610597,0.072917,0.027273,1.000000,0.999963,0.000000,0.000000
244,0.851094,0.619167,0.790505,0.866979,1.417382,1.307937,0.474791
244,0.879112,0.949726,0.111646,1.000000,0.999970,0.000021,0.707107
244,0.966542,0.802627,0.113197,1.000000,0.999991,0.000000,0.640173
244,0.820312,0.726042,0.000000,0.000000,0.000000,0.000000,0.000000
244,0.840318,0.570833,0.053575,1.000000,0.999981,0.000000,0.000000
244,0.688764,0.855208,0.047577,0.995744,0.647031,0.203165,0.201770
244,0.143313,0.565741,0.031671,1.000000,0.999968,0.000000,0.196142
244,0.544576,0.463542,0.003503,1.000000,0.999715,0.000000,0.000000
244,0.293020,0.258107,0.115545,1.000000,0.999991,0.000000,0.752576
244,0.703237,0.417708,1.683954,0.983932,1.027869,2.829171,0.999190
244,0.516406,0.251042,1.400386,0.826541,0.932426,2.482041,0.057596
244,0.461719,0.667083,2.323895,0.532112,1.129277,1.874991,-0.992887
244,0.908929,0.839286,1.281528,0.729216,0.730992,1.187016,0.411189
244,0.397396,0.698611,0.519199,0.917297,1.133313,0.418154,-0.172312
244,0.773633,0.596745,1.287480,0.999999,1.032346,0.606851,0.733561
244,0.874219,0.235417,2.093619,0.582040,1.167759,2.148230,0.957406
244,0.993070,0.180074,0.057335,1.000000,1.047552,0.059093,0.894424
244,0.706321,0.207008,0.128204,1.000000,1.108198,0.080381,0.600004
244,0.015901,0.496812,0.031943,1.000000,0.999970,0.000003,0.948685
244,0.318841,0.259253,0.073466,1.000000,0.999995,0.000008,0.707113
244,0.543750,0.379167,0.000000,0.000000,0.000000,0.000000,0.000000
244,0.471094,0.715625,0.000000,0.000000,0.000000,0.000000,0.000000
244,0.533172,0.439583,0.002079,1.000000,0.999519,0.000000,0.000000
244,0.476562,0.862500,0.000000,0.000000,0.000000,0.000000,0.000000
245,0.036180,0.259950,0.055200,1.000000,0.999991,0.000012,0.624699
245,0.056250,0.389905,0.001817,1.000000,0.998519,0.000000,1.000000
245,0.526563,0.044792,0.182217,1.000000,0.999995,0.000000,-0.857493
245,0.547656,0.260792,0.044445,1.000000,0.633796,0.000000,1.000000
245,0.905532,0.108653,0.025505,1.000000,0.999956,0.000016,0.316178
245,0.660156,0.332842,0.011236,1.000000,0.999760,0.000000,1.000000
245,0.628872,0.457654,0.068744,1.000000,0.999939,0.000015,0.316228
245,0.544269,0.456775,0.006727,0.999999,0.999572,0.000419,0.832205
245,0.196007,0.403125,0.006944,1.000000,0.999856,0.000000,0.000000
245,0.304474,0.890436,0.262351,0.665308,0.606116,0.480287,-0.244836
245,0.229687,0.125000,0.781029,0.863499,0.989153,0.781982,-0.995371
245,0.660227,0.670865,0.018855,1.000000,1.981885,0.259985,-0.707107
245,0.745104,0.649722,0.001774,1.000000,1.002144,0.000000,0.707107
245,0.678776,0.542101,0.104686,1.000000,0.999990,0.000000,0.099504
245,0.795313,0.407096,0.031250,1.000000,0.999968,0.000000,1.000000
245,0.853906,0.479167,0.043477,1.000000,0.999938,0.000000,-1.000000
245,0.841915,0.448644,0.015007,0.999999,0.999833,0.000455,0.894563
245,0.608050,0.072917,0.008928,1.000000,0.999888,0.000000,0.000000
245,0.840625,0.661458,0.729356,0.992544,0.642898,2.583624,0.613943
245,0.868877,0.961599,0.072771,1.000000,0.999986,0.000000,0.371415
245,0.959756,0.811485,0.057336,1.000000,0.999983,0.000000,0.894427
245,0.820312,0.726042,0.000000,0.000000,0.000000,0.000000,0.000000
245,0.836058,0.579167,0.019233,1.000000,1.000301,0.000000,0.000000
245,0.682460,0.856888,0.043771,1.000000,0.987216,0.000037,0.242554
245,0.139140,0.566854,0.031671,1.000000,0.999968,0.000000,0.196142
245,0.544106,0.463542,0.003503,1.000000,0.999715,0.000000,0.000000
245,0.285510,0.269857,0.039062,1.000000,0.999974,0.000000,0.800000
245,0.771875,0.423958,2.223576,0.836979,1.390572,1.831696,0.736328
245,0.480937,0.187292,1.978652,0.748031,0.939480,2.536762,0.525493
245,0.332031,0.638542,1.700112,0.696866,0.859250,1.938691,-0.906582
245,0.868750,0.930208,1.111111,0.447214,0.676809,0.576933,0.894427
245,0.471354,0.689931,0.658808,1.000000,0.730893,0.462181,-0.569210
245,0.802734,0.740625,1.511018,0.859525,1.075294,1.193882,0.497014
245,0.986992,0.189896,0.055900,1.000000,0.999982,0.000000,0.894445
245,0.296875,0.986806,1.286249,0.626283,1.092259,2.363916,-0.689655
245,0.006911,0.014343,0.462635,1.000000,1.452426,0.353433,0.447214
245,0.696810,0.217795,0.058926,1.000000,0.999983,0.000000,0.707107
245,0.014550,0.501630,0.017850,1.000000,0.999947,0.000005,0.832056
245,0.312368,0.266090,0.063323,1.000000,1.141538,0.197400,0.707107
245,0.543750,0.379167,0.000000,0.000000,0.000000,0.000000,0.000000
245,0.471094,0.715625,0.000000,0.000000,0.000000,0.000000,0.000000
245,0.532893,0.439583,0.002075,1.000000,0.999518,0.000000,0.000000
245,0.476562,0.862500,0.000000,0.000000,0.000000,0.000000,0.000000
246,0.030233,0.266293,0.060406,1.000000,0.999986,0.000002,0.624685
246,0.056250,0.390227,0.001819,1.000000,1.000382,0.000000,1.000000
246,0.532031,0.028125,0.155710,0.805837,1.245670,1.549365,-0.999770
246,0.547656,0.271389,0.016668,1.000000,1.000042,0.000000,-1.000000
246,0.902988,0.109987,0.015635,1.000000,0.999936,0.000000,0.447279
246,0.660156,0.336232,0.021740,1.000000,1.000032,0.000000,1.000000
246,0.620784,0.459011,0.065445,1.000000,0.999991,0.000025,-0.242560
246,0.543773,0.457766,0.006726,0.999999,0.999851,0.000000,0.832128
246,0.195085,0.403125,0.006944,1.000000,0.999856,0.000000,0.000000
246,0.317969,0.891299,0.088236,1.000000,0.999989,0.000000,1.000000
246,0.193679,0.048011,0.542941,1.000000,0.663259,0.719160,0.789352
246,0.658594,0.668731,0.002977,1.000000,1.000804,0.000000,-1.000000
246,0.745270,0.649944,0.001769,1.000000,0.999435,0.000000,0.707107
246,0.663693,0.536231,0.130161,1.000000,0.999992,0.000000,-0.419058
246,0.786875,0.420000,0.728362,0.707173,1.116942,0.592182,-0.832048
246,0.853906,0.478519,0.011110,1.000000,0.999757,0.000000,1.000000
246,0.841023,0.451021,0.015008,1.000000,1.000135,0.000404,0.894359
246,0.606840,0.072917,0.010203,1.000000,0.999570,0.000000,0.000000
246,0.840000,0.696250,0.613804,0.994100,0.591213,2.898071,0.599393
246,0.861811,0.968505,0.065768,1.000000,0.999985,0.000000,0.894427
246,0.956083,0.820436,0.059524,1.000000,0.999915,0.000091,0.800027
246,0.820312,0.726042,0.000000,0.000000,0.000000,0.000000,0.000000
246,0.827691,0.580015,0.059572,0.900687,0.508626,0.888464,0.536855
246,0.677262,0.858621,0.039269,1.000000,0.999975,0.000000,0.242556
246,0.135069,0.568094,0.030852,1.000000,0.999994,0.000009,0.316203
246,0.543750,0.463542,0.000000,0.000000,0.000000,0.000000,0.000000
246,0.282397,0.275391,0.051781,1.000000,1.325552,0.262989,0.928474
246,0.852409,0.430729,2.218209,0.601976,1.773581,1.650047,-0.112334
246,0.453906,0.108333,1.335723,0.207703,0.832958,0.827686,-0.630781
246,0.228906,0.640625,1.960173,0.782688,0.611721,1.572736,-0.443589
246,0.557552,0.725000,0.694621,1.000000,0.836223,0.145256,0.503871
246,0.846563,0.877500,0.820059,1.000000,0.555413,0.161757,0.609712
246,0.982133,0.194701,0.078378,1.000000,0.999915,0.000048,0.554728
246,0.341406,0.931597,0.427623,0.999203,0.298735,1.318566,-0.973346
246,0.070117,0.051042,0.609837,1.000000,0.810306,0.262995,0.447214
246,0.544085,0.030729,0.476548,0.966267,0.632534,0.574409,0.784219
246,0.690188,0.225042,0.086133,0.988285,1.194417,0.322331,0.789704
246,0.013281,0.504393,0.036145,1.000000,0.999972,0.000000,1.000000
246,0.305798,0.273575,0.094476,1.000000,0.999989,0.000000,0.371381
246,0.543750,0.379167,0.000000,0.000000,0.000000,0.000000,0.000000
246,0.471094,0.715625,0.000000,0.000000,0.000000,0.000000,0.000000
246,0.532617,0.439583,0.002079,1.000000,0.999519,0.000000,0.000000
246,0.476562,0.862500,0.000000,0.000000,0.000000,0.000000,0.000000
247,0.024403,0.273731,0.069235,1.000000,1.000007,0.000011,0.919148
247,0.056250,0.390549,0.001819,1.000000,1.000382,0.000000,1.000000
247,0.548077,0.017468,0.129003,1.000000,0.999992,0.000000,-0.447217
247,0.544609,0.269792,0.028169,1.000000,0.920724,0.218282,1.000000
247,0.901131,0.111225,0.024267,0.981727,1.551985,0.221089,0.240258
247,0.659266,0.338688,0.014142,1.000000,0.999929,0.000000,0.707107
247,0.612028,0.455693,0.134688,1.000000,1.831449,0.463640,-0.707107
247,0.543278,0.458757,0.006729,0.999998,1.000131,0.000419,0.831973
247,0.194129,0.403662,0.010714,1.000000,0.999851,0.000056,0.707186
247,0.323768,0.918309,0.249567,1.000000,1.890566,0.975313,0.707103
247,0.116406,0.074609,1.530905,0.648164,1.705349,0.661465,0.496892
247,0.658594,0.668204,0.002977,1.000000,0.999664,0.000000,-1.000000
247,0.745437,0.650166,0.001769,1.000000,0.999435,0.000000,0.707107
247,0.649176,0.526605,0.108950,1.000000,0.999999,0.000013,-0.496147
247,0.781168,0.418311,0.061487,1.000000,0.854738,0.179124,0.707121
247,0.853385,0.479167,0.030307,1.000000,0.999967,0.000000,0.000000
247,0.835156,0.454167,0.077449,1.000000,0.999987,0.000000,0.274707
247,0.605485,0.072917,0.007812,1.000000,0.967135,0.000000,0.000000
247,0.833203,0.717188,1.101137,1.000000,3.645248,2.026040,0.635705
247,0.860156,0.975964,0.034042,0.928636,1.140284,0.191232,0.981771
247,0.951563,0.828125,0.039284,1.000000,0.999975,0.000000,0.707107
247,0.820312,0.726042,0.000000,0.000000,0.000000,0.000000,0.000000
247,0.822656,0.584854,0.081082,1.000000,0.999988,0.000000,1.000000
247,0.675000,0.859375,0.000000,0.000000,0.000000,0.000000,0.000000
247,0.131181,0.569822,0.030852,1.000000,0.999976,0.000113,0.316310
247,0.543750,0.463542,0.000000,0.000000,0.000000,0.000000,0.000000
247,0.279778,0.283554,0.051781,1.000000,0.999981,0.000000,0.928474
247,0.936198,0.488542,1.682523,0.568990,0.882126,1.883230,0.667359
247,0.400260,0.065625,1.394167,0.602128,1.617447,1.589214,-0.526128
247,0.116406,0.746875,2.458570,0.734809,0.936615,1.843823,0.987132
247,0.629687,0.786458,0.792539,1.000000,1.210692,1.060787,0.841178
247,0.978024,0.199138,0.053765,1.000000,0.999981,0.000000,0.799981
247,0.336719,0.850694,0.719846,0.958735,0.963569,0.570014,-0.868678
247,0.718324,0.888447,1.073098,0.935479,0.809275,0.164507,-0.996154
247,0.145085,0.109091,0.742037,1.000000,1.026706,0.038478,0.643193
247,0.569471,0.078926,0.207122,1.000000,0.999995,0.000000,0.371389
247,0.684443,0.234284,0.040991,1.000000,0.999976,0.000000,0.707117
247,0.013281,0.509983,0.041667,1.000000,0.999976,0.000000,-1.000000
247,0.295840,0.279336,0.060435,1.000000,0.999983,0.000000,0.447202
247,0.543750,0.379167,0.000000,0.000000,0.000000,0.000000,0.000000
247,0.471094,0.715625,0.000000,0.000000,0.000000,0.000000,0.000000
247,0.532341,0.439583,0.002075,1.000000,0.997889,0.000000,0.000000
247,0.476562,0.862500,0.000000,0.000000,0.000000,0.000000,0.000000
248,0.020739,0.285133,0.038030,1.000000,0.549273,0.646757,0.496147
248,0.056250,0.390875,0.001817,1.000000,0.998519,0.000000,1.000000
248,0.542543,0.274621,0.093706,1.000000,0.999989,0.000000,0.242536
248,0.896253,0.111923,0.041524,1.000000,0.999977,0.000010,0.076698
248,0.658594,0.341667,0.023256,1.000000,0.999957,0.000000,1.000000
248,0.603787,0.443273,0.053598,1.000000,0.999981,0.000000,-0.948674
248,0.542776,0.459760,0.006726,0.999999,0.999851,0.000000,0.832128
248,0.193111,0.405019,0.009325,0.942669,0.870254,0.592637,0.981490
248,0.349929,0.942045,0.185693,1.000000,0.796771,0.097242,0.928473
248,0.087500,0.019792,0.865979,0.767807,1.698014,0.260652,0.167108
248,0.658594,0.667671,0.002977,1.000000,0.999664,0.000000,-1.000000
248,0.745605,0.650390,0.001769,1.000000,0.999435,0.000000,0.707107
248,0.634616,0.515878,0.137987,1.000000,0.999993,0.000000,-0.474098
248,0.782560,0.430292,0.033253,1.000000,1.000069,0.000025,0.242488
248,0.853906,0.478686,0.020495,0.999999,0.266438,2.356195,0.707107
248,0.828377,0.457997,0.030413,1.000000,0.999849,0.000197,0.707135
248,0.604431,0.072917,0.007812,1.000000,0.999872,0.000000,0.000000
248,0.838379,0.768099,0.859143,0.102615,1.345173,1.737730,-0.630158
248,0.854413,0.982827,0.049392,1.000000,0.802974,0.040632,0.554700
248,0.947258,0.833211,0.049022,1.000000,0.999980,0.000000,0.599978
248,0.820312,0.726042,0.000000,0.000000,0.000000,0.000000,0.000000
248,0.820334,0.591610,0.060433,1.000000,0.999933,0.000025,0.894438
248,0.669753,0.860329,0.116862,1.000000,0.999991,0.000000,0.135126
248,0.127248,0.571570,0.064499,0.999700,2.090577,0.040754,0.277297
248,0.543750,0.463542,0.000000,0.000000,0.000000,0.000000,0.000000
248,0.273912,0.292007,0.072994,1.000000,1.000019,0.000003,0.640178
248,0.367656,0.017708,0.682226,0.978418,0.720332,1.956687,-0.915519
248,0.092448,0.906597,2.383598,0.655204,1.273362,1.971968,0.622524
248,0.703125,0.822292,0.458333,1.000000,0.851448,0.383722,0.000000
248,0.973690,0.206844,0.058154,1.000000,1.043732,0.181999,0.554697
248,0.374219,0.872917,1.294331,0.572698,0.756214,0.501130,-0.999298
248,0.275781,0.781597,0.474667,1.000000,0.512399,1.941861,0.351123
248,0.519575,0.957986,0.578018,1.000000,0.999998,0.000000,-0.576683
248,0.762429,0.724242,1.525174,0.497490,1.172096,0.962046,-0.271957
248,0.060764,0.550926,1.352284,0.755173,0.909967,0.271619,0.072535
248,0.214234,0.168928,0.555328,1.000000,0.997502,0.037577,0.514496
248,0.605859,0.083984,0.128847,1.000000,0.999992,0.000000,-0.242536
248,0.461328,0.013802,1.342342,0.872747,1.521847,1.556141,0.815651
248,0.678411,0.240860,0.070423,1.000000,0.999986,0.000000,0.599992
248,0.011680,0.512344,0.079057,1.000000,0.999987,0.000000,-0.948684
248,0.288465,0.284252,0.065768,1.000000,1.000008,0.000012,0.447214
248,0.543750,0.379167,0.000000,0.000000,0.000000,0.000000,0.000000
248,0.471094,0.715625,0.000000,0.000000,0.000000,0.000000,0.000000
248,0.532062,0.439583,0.002079,1.000000,1.001152,0.000000,0.000000
248,0.476562,0.862500,0.000000,0.000000,0.000000,0.000000,0.000000
249,0.016443,0.289406,0.038030,1.000000,0.999994,0.000040,0.496147
249,0.056250,0.391197,0.001819,1.000000,1.000382,0.000000,1.000000
249,0.531902,0.276099,0.029012,1.000000,1.000076,0.000037,0.316210
249,0.890754,0.112487,0.027398,1.000000,0.897149,0.023196,0.000000
249,0.659545,0.343750,0.014492,1.000000,0.999931,0.000000,0.000000
249,0.593658,0.425061,0.153142,1.000000,0.999999,0.000024,-0.768220
249,0.542281,0.460751,0.006728,0.999999,1.000131,0.000420,0.831895
249,0.192969,0.406566,0.008928,1.000000,0.999698,0.000000,1.000000
249,0.364219,0.976250,0.156250,1.000000,1.181042,0.798963,0.600000
249,0.018750,0.043750,1.359076,0.306202,0.850896,0.222082,-0.845489
249,0.658594,0.667144,0.002977,1.000000,1.000804,0.000000,-1.000000
249,0.745771,0.650611,0.001769,1.000000,0.999435,0.000000,0.707107
249,0.616763,0.499435,0.148570,0.987188,0.612811,0.146613,-0.596216
249,0.777036,0.434785,0.058926,1.000000,0.798378,1.067992,0.707107
249,0.855469,0.479336,0.013514,1.000000,1.000051,0.000000,1.000000
249,0.826563,0.463000,0.040000,1.000000,0.999975,0.000000,1.000000
249,0.602553,0.073819,0.023050,1.000000,0.999825,0.000066,0.447243
249,0.832969,0.787917,0.927788,0.937533,1.335097,2.374430,0.734497
249,0.848872,0.987809,0.044512,1.000000,1.000020,0.000063,0.554735
249,0.941971,0.838830,0.060180,1.000000,0.999983,0.000000,0.707079
249,0.820312,0.726042,0.000000,0.000000,0.000000,0.000000,0.000000
249,0.818945,0.593750,0.081086,1.000000,0.847074,0.736590,-0.316228
249,0.656956,0.861739,0.034670,1.000000,1.000025,0.000082,-0.554745
249,0.115318,0.575964,0.106559,1.000000,0.999991,0.000000,0.263129
249,0.543750,0.463542,0.000000,0.000000,0.000000,0.000000,0.000000
249,0.266041,0.299202,0.071363,1.000000,0.999965,0.000010,0.447214
249,0.792643,0.851736,1.193127,1.000000,1.453061,0.600222,0.761940
249,0.968750,0.211458,0.093009,1.000000,2.249835,0.000026,0.316228
249,0.392299,0.707440,1.390583,0.811274,1.682802,0.676494,-0.998972
249,0.216172,0.741042,1.514028,0.678852,1.584956,2.386457,-0.999977
249,0.562500,0.879948,0.611742,1.000000,0.843956,0.165488,-0.771930
249,0.819531,0.556944,1.265389,0.988830,1.352369,0.065404,-0.866524
249,0.191146,0.559375,1.188432,0.973776,0.833991,0.106781,-0.368907
249,0.281138,0.239137,0.651091,0.998827,1.081331,0.082719,0.469849
249,0.630016,0.099945,0.142613,0.731064,1.006340,0.658185,-0.507361
249,0.397031,0.035000,0.791649,0.963497,0.796000,0.428408,0.837611
249,0.670652,0.248505,0.086084,1.000000,0.700015,0.000038,0.707087
249,0.008792,0.508070,0.026852,1.000000,0.999963,0.000000,0.707101
249,0.280653,0.289461,0.042854,1.000000,0.893752,0.097609,0.707107
249,0.543750,0.379167,0.000000,0.000000,0.000000,0.000000,0.000000
249,0.471094,0.715625,0.000000,0.000000,0.000000,0.000000,0.000000
249,0.531786,0.439583,0.002079,1.000000,0.999519,0.000000,0.000000
249,0.476562,0.862500,0.000000,0.000000,0.000000,0.000000,0.000000
249,0.007812,0.060417,2.152146,0.301041,1.640808,1.926432,-0.857493
250,0.012541,0.292818,0.029421,1.000000,0.999913,0.000023,0.894420
250,0.056250,0.391519,0.001819,1.000000,1.000382,0.000000,1.000000
250,0.528247,0.277724,0.029013,1.000000,0.999984,0.000056,0.316263
250,0.887891,0.111979,0.035353,1.000000,0.999972,0.000000,-0.707143
250,0.657669,0.343750,0.020406,1.000000,0.999785,0.000000,0.000000
250,0.585938,0.406125,0.081323,0.988626,0.677684,0.216661,-0.976621
250,0.541785,0.461742,0.006728,0.999999,1.000131,0.000420,0.831895
250,0.193673,0.407292,0.009804,1.000000,0.999898,0.000000,0.000000
250,0.658736,0.666856,0.016069,1.000000,0.999938,0.000000,0.707107
250,0.745937,0.650833,0.001769,1.000000,0.999435,0.000000,0.707107
250,0.599874,0.476478,0.108194,1.000000,0.999991,0.000000,-0.447214
250,0.778125,0.439268,0.028571,1.000000,1.885520,1.570796,0.000000
250,0.855469,0.481250,0.000000,0.000000,0.000000,0.000000,0.000000
250,0.824275,0.468192,0.052762,0.949990,1.321406,0.374753,0.743575
250,0.600781,0.075000,0.000000,0.000000,0.000000,0.000000,0.000000
250,0.831250,0.839583,0.823133,0.790343,0.720239,2.508916,0.277540
250,0.938043,0.845267,0.039193,1.000000,1.000046,0.000048,0.832024
250,0.820312,0.726042,0.000000,0.000000,0.000000,0.000000,0.000000
250,0.812270,0.609069,0.120357,0.979009,1.446831,0.729829,0.998460
250,0.653125,0.858333,0.000000,0.000000,0.000000,0.000000,0.000000
250,0.108789,0.578125,0.007812,1.000000,0.999872,0.000000,0.000000
250,0.543750,0.463542,0.000000,0.000000,0.000000,0.000000,0.000000
250,0.259615,0.306736,0.067988,1.000000,1.000015,0.000020,0.980578
250,0.867188,0.936343,1.338285,0.769724,1.226667,0.864384,0.575273
250,0.964063,0.215799,0.027778,1.000000,0.999964,0.000000,1.000000
250,0.394531,0.570833,0.920906,0.999215,0.760041,0.288100,-0.978067
250,0.139062,0.708333,1.265442,0.968011,0.916003,1.992280,-0.832224
250,0.626953,0.824479,0.799130,0.682268,1.404630,0.411800,-0.411288
250,0.865538,0.393750,1.159331,0.958407,0.815328,0.858845,-0.600000
250,0.292578,0.436458,1.482111,0.966287,1.575410,0.016910,-0.817863
250,0.352699,0.300095,0.721592,0.998396,1.047557,0.014807,0.688885
250,0.649858,0.140341,0.316229,1.000000,0.569942,0.932476,0.316227
250,0.339890,0.109681,1.074968,1.000000,1.428648,0.846459,0.992278
250,0.978125,0.167708,1.102003,0.794246,1.063332,2.095352,0.902729
250,0.663362,0.258226,0.029412,1.000000,0.326931,0.759442,1.000000
250,0.007812,0.510438,0.010417,1.000000,0.999904,0.000000,1.000000
250,0.276539,0.294823,0.028571,1.000000,0.666688,0.000000,0.707107
250,0.543750,0.379167,0.000000,0.000000,0.000000,0.000000,0.000000
250,0.471094,0.715625,0.000000,0.000000,0.000000,0.000000,0.000000
250,0.531510,0.439583,0.002075,1.000000,0.999518,0.000000,0.000000
250,0.476562,0.862500,0.000000,0.000000,0.000000,0.000000,0.000000
250,0.751562,0.935069,1.260730,0.897764,0.461164,1.292538,-0.871248
250,0.092813,0.136875,1.267045,0.849373,1.189527,0.971129,-0.475662
251,0.018750,0.145833,0.000000,0.000000,0.000000,0.000000,0.000000
251,0.030469,0.376042,0.000000,0.000000,0.000000,0.000000,0.000000
251,0.135937,0.307292,0.000000,0.000000,0.000000,0.000000,0.000000
251,0.167187,0.300000,0.000000,0.000000,0.000000,0.000000,0.000000
251,0.152344,0.367708,0.000000,0.000000,0.000000,0.000000,0.000000
251,0.285937,0.203125,0.000000,0.000000,0.000000,0.000000,0.000000
251,0.053906,0.105208,0.000000,0.000000,0.000000,0.000000,0.000000
251,0.077344,0.104167,0.000000,0.000000,0.000000,0.000000,0.000000
251,0.253906,0.122917,0.000000,0.000000,0.000000,0.000000,0.000000
251,0.348437,0.225000,0.000000,0.000000,0.000000,0.000000,0.000000
251,0.440625,0.040625,0.000000,0.000000,0.000000,0.000000,0.000000
251,0.354688,0.062500,0.000000,0.000000,0.000000,0.000000,0.000000
251,0.375781,0.178125,0.000000,0.000000,0.000000,0.000000,0.000000
251,0.274219,0.390625,0.000000,0.000000,0.000000,0.000000,0.000000
251,0.301562,0.483333,0.000000,0.000000,0.000000,0.000000,0.000000
251,0.375000,0.705208,0.000000,0.000000,0.000000,0.000000,0.000000
251,0.385156,0.554167,0.000000,0.000000,0.000000,0.000000,0.000000
251,0.437500,0.480208,0.000000,0.000000,0.000000,0.000000,0.000000
251,0.085156,0.832292,0.000000,0.000000,0.000000,0.000000,0.000000
251,0.069531,0.669792,0.000000,0.000000,0.000000,0.000000,0.000000
251,0.335938,0.937500,1.597211,0.592331,1.028587,0.549608,0.645942
251,0.354688,0.959375,0.000000,0.000000,0.000000,0.000000,0.000000
251,0.394531,0.964583,1.132328,0.817719,0.964033,1.954258,-0.960000
251,0.522656,0.918750,0.000000,0.000000,0.000000,0.000000,0.000000
251,0.591406,0.744792,0.000000,0.000000,0.000000,0.000000,0.000000
251,0.721094,0.710417,0.000000,0.000000,0.000000,0.000000,0.000000
251,0.585156,0.521528,1.654660,0.441551,1.231431,0.080730,-0.994847
251,0.578125,0.494792,0.000000,0.000000,0.000000,0.000000,0.000000
251,0.603125,0.445833,0.000000,0.000000,0.000000,0.000000,0.000000
251,0.644886,0.425474,0.049997,1.000000,0.777757,0.000000,0.707107
251,0.648438,0.452083,0.000000,0.000000,0.000000,0.000000,0.000000
251,0.773438,0.419792,0.000000,0.000000,0.000000,0.000000,0.000000
251,0.691406,0.370833,0.000000,0.000000,0.000000,0.000000,0.000000
251,0.692969,0.289583,0.000000,0.000000,0.000000,0.000000,0.000000
251,0.755469,0.196875,0.000000,0.000000,0.000000,0.000000,0.000000
251,0.674219,0.229167,0.000000,0.000000,0.000000,0.000000,0.000000
251,0.778906,0.018750,0.000000,0.000000,0.000000,0.000000,0.000000
251,0.943750,0.018750,0.000000,0.000000,0.000000,0.000000,0.000000
251,0.935156,0.312500,0.895753,0.772653,0.645888,1.890393,-0.995350
251,0.840625,0.279167,0.000000,0.000000,0.000000,0.000000,0.000000
251,0.982031,0.456250,0.000000,0.000000,0.000000,0.000000,0.000000
251,0.979427,0.412500,0.941918,0.910875,0.764743,1.489921,0.485643
251,0.887500,0.585417,0.758437,0.675332,1.648574,1.032905,-0.650791
251,0.871875,0.827083,1.051070,0.747499,0.647740,0.416702,0.141421
251,0.833594,0.942708,0.000000,0.000000,0.000000,0.000000,0.000000
251,0.725000,0.968750,0.000000,0.000000,0.000000,0.000000,0.000000
251,0.744531,0.859375,1.610968,0.726099,0.984847,1.184232,0.498694
251,0.510938,0.725000,0.000000,0.000000,0.000000,0.000000,0.000000
251,0.507812,0.548958,0.000000,0.000000,0.000000,0.000000,0.000000
251,0.507031,0.444792,0.000000,0.000000,0.000000,0.000000,0.000000
251,0.492969,0.452083,0.000000,0.000000,0.000000,0.000000,0.000000
251,0.762500,0.181250,0.000000,0.000000,0.000000,0.000000,0.000000
251,0.899219,0.373958,1.388840,0.340012,0.516805,1.353848,-0.882353
251,0.438281,0.316667,0.000000,0.000000,0.000000,0.000000,0.000000
251,0.367031,0.178750,0.814138,0.989059,0.742722,0.150309,-0.772726
252,0.502344,0.736458,0.055946,0.920442,0.363644,0.090666,-0.995893
252,0.075781,0.836458,0.008177,0.999999,0.071830,0.962489,-0.554844
252,0.688281,0.335417,0.285714,1.000000,0.232595,0.090660,1.000000
252,0.918750,0.578125,0.006002,0.999994,0.999833,0.000000,-0.948627
252,0.856250,0.790625,0.009353,0.999998,1.000597,0.000176,-0.242536
252,0.176563,0.712500,0.015387,1.000000,0.032289,2.872415,-0.868260
252,0.353906,0.187500,0.030460,1.000000,0.999967,0.000000,0.707107
253,0.501557,0.732292,0.006992,1.000000,0.999857,0.000000,0.000000
253,0.074942,0.833629,0.008177,0.999999,1.000107,0.000345,-0.554844
253,0.814844,0.531399,0.948500,1.000000,0.687560,0.148255,-0.868243
253,0.448935,0.274621,1.374368,0.431376,1.444131,0.408377,-0.920024
253,0.838594,0.749167,2.449471,0.923812,1.001102,0.446803,0.618689
253,0.706662,0.373977,0.131111,1.000000,1.000000,0.000011,0.554709
253,0.919002,0.577117,0.006002,0.999994,1.000196,0.001072,-0.948627
253,0.855045,0.790223,0.009347,0.999998,0.999893,0.000000,-0.242706
253,0.180308,0.716551,0.015387,1.000000,0.999935,0.000000,-0.868260
253,0.356767,0.191314,0.030460,1.000000,0.999987,0.000020,0.707107
253,0.093253,0.179451,2.302822,0.993528,1.264655,0.171314,0.135980
253,0.203835,0.015246,0.151726,0.715870,0.549010,0.982912,0.302243
253,0.821094,0.964583,2.001112,0.776739,1.017158,0.546442,-0.973485
254,0.500628,0.732292,0.006992,1.000000,0.999857,0.000000,0.000000
254,0.074038,0.832825,0.008175,0.999999,0.999878,0.000000,-0.554557
254,0.342969,0.241667,0.945372,0.994953,0.790627,0.249361,0.391269
254,0.725300,0.388568,0.219076,1.000000,0.999990,0.000015,-0.936331
254,0.919254,0.576109,0.006002,0.999996,0.999832,0.000000,-0.948627
254,0.853841,0.789822,0.009352,0.999999,0.999893,0.000000,-0.242194
254,0.179294,0.714186,0.015387,1.000000,0.999935,0.000000,-0.868260
254,0.359627,0.195128,0.030460,1.000000,1.000006,0.000039,0.707107
254,0.109933,0.177232,1.904830,0.999628,1.056361,0.027905,-0.254808
254,0.242578,0.064844,1.116699,0.975745,1.203222,1.376895,-0.966315
254,0.777841,0.195644,1.358658,0.995656,0.821816,0.179796,0.317347
255,0.499700,0.732292,0.006992,1.000000,0.999857,0.000000,0.000000
255,0.073135,0.832022,0.008177,0.999999,0.999878,0.000000,-0.554868
255,0.943437,0.519792,1.833601,0.572998,0.834270,0.041163,0.740283
255,0.257599,0.354356,1.094690,1.000000,1.229475,0.679617,0.747409
255,0.718703,0.375477,0.049022,1.000000,0.999980,0.000000,-0.573448
255,0.919506,0.575101,0.005999,1.000000,0.999471,0.001072,-0.948966
255,0.852636,0.789420,0.009352,0.999998,1.000509,0.000528,-0.242194
255,0.178280,0.711820,0.007088,0.614747,0.460604,0.383628,-0.619461
255,0.362488,0.198942,0.030460,1.000000,0.999947,0.000020,0.707093
255,0.233594,0.021375,0.006667,1.000000,0.999850,0.000000,-1.000000
256,0.498760,0.732292,0.006992,1.000000,0.999857,0.000000,0.000000
256,0.072220,0.831210,0.008175,0.999999,0.999878,0.000000,-0.554557
256,0.360298,0.437879,0.929139,0.946530,0.801764,0.293256,0.095713
256,0.713306,0.370440,0.049022,1.000000,1.000016,0.000068,-0.573448
256,0.919761,0.574081,0.006002,0.999994,0.999835,0.000000,-0.948627
256,0.851417,0.789014,0.009352,0.999999,0.999893,0.000000,-0.242194
256,0.177975,0.711858,0.002938,0.999998,0.999660,0.000000,0.894427
256,0.365295,0.203046,0.034059,1.000000,0.999992,0.000013,0.847995
256,0.084928,0.363845,1.668388,0.999193,0.848331,0.042350,0.021207
257,0.497831,0.732292,0.005151,0.910151,0.736558,0.104347,-0.104158
257,0.071317,0.830407,0.008177,0.999999,0.999878,0.000000,-0.554868
257,0.468142,0.363426,0.920734,1.000000,0.987914,0.182397,-0.894426
257,0.707973,0.365462,0.049682,0.768589,1.013418,0.617398,0.006660
257,0.920013,0.573073,0.006002,0.999994,0.999833,0.000000,-0.948627
257,0.850213,0.788613,0.006946,0.995511,0.743053,0.055039,-0.295705
257,0.177801,0.712323,0.002938,0.999998,0.999531,0.000258,0.894427
257,0.367692,0.208160,0.034058,1.000000,0.999965,0.000056,0.848018
257,0.109827,0.189254,1.456306,0.992892,1.106791,0.118837,-0.500922
258,0.497656,0.732082,0.001461,1.000000,0.999316,0.000000,-1.000000
258,0.071243,0.830606,0.003332,0.999998,0.999700,0.000000,0.894427
258,0.450112,0.251488,0.971489,0.466737,0.922013,0.065897,-0.508941
258,0.692187,0.350000,0.290654,0.974502,0.762865,0.500262,0.396974
258,0.920265,0.572065,0.005547,0.808940,0.924515,0.346550,-0.999670
258,0.849614,0.788284,0.003943,1.000000,0.997828,0.000000,-0.447214
258,0.177626,0.712789,0.002938,0.999998,0.999531,0.000258,0.894427
258,0.370090,0.213275,0.034058,1.000000,0.999997,0.000042,0.847989
259,0.497656,0.731820,0.001461,1.000000,0.999316,0.000000,-1.000000
259,0.071443,0.831140,0.003332,0.999998,0.999643,0.000114,0.894427
259,0.329557,0.232031,0.894997,1.000000,0.923434,0.548174,0.877896
259,0.677837,0.348246,0.448535,1.000000,2.376449,0.191649,0.514494
259,0.919859,0.571572,0.004640,1.000000,0.999785,0.000000,-0.447214
259,0.849140,0.787968,0.003950,1.000000,1.001669,0.000000,-0.447214
259,0.177449,0.713260,0.002938,0.999998,0.999660,0.000000,0.894427
259,0.372515,0.218449,0.042854,1.000000,1.128667,0.112994,0.707117
259,0.130889,0.280609,1.278424,0.932988,0.909192,1.268555,-0.961994
259,0.249548,0.125329,1.499000,0.997884,0.958512,0.039192,0.715261
259,0.434766,0.099740,3.713317,0.933126,2.003360,0.509825,-0.753569
260,0.497656,0.731561,0.001461,1.000000,0.999316,0.000000,-1.000000
260,0.071641,0.831668,0.003332,0.999998,0.999700,0.000000,0.894427
260,0.361406,0.270729,1.236262,1.000000,1.273414,2.266296,-0.269630
260,0.675781,0.364583,0.350533,1.000000,0.999997,0.000000,0.496138
260,0.919308,0.571205,0.004640,1.000000,0.999785,0.000000,-0.447214
260,0.848672,0.787656,0.003943,1.000000,0.999746,0.000000,-0.447214
260,0.177275,0.713725,0.002938,0.999998,0.999660,0.000000,0.894427
260,0.376444,0.223800,0.042854,1.000000,0.999949,0.000028,0.707117
260,0.843229,0.919097,1.639785,1.000000,0.588390,0.205904,-0.447214
260,0.382031,0.293750,1.219673,1.000000,0.810473,0.103081,0.447214
260,0.430674,0.073465,1.162590,0.942903,1.033290,0.498704,0.634163
261,0.497656,0.731303,0.001461,1.000000,0.999316,0.000000,-1.000000
261,0.071839,0.832195,0.003332,0.999998,0.999700,0.000000,0.894427
261,0.290156,0.286667,1.111111,1.000000,1.015757,1.176880,-0.800000
261,0.717031,0.392917,0.443549,1.000000,1.023511,0.250142,0.257664
261,0.918756,0.570838,0.004640,1.000000,0.999785,0.000000,-0.447214
261,0.848203,0.787344,0.003943,1.000000,0.999746,0.000000,-0.447214
261,0.177100,0.714190,0.002938,0.999998,0.999789,0.000258,0.894312
261,0.386014,0.234735,0.109909,1.000000,0.999991,0.000000,0.644136
261,0.231572,0.102696,1.023363,0.942910,0.918381,0.690382,-0.959569
261,0.862305,0.887500,2.469648,1.000000,1.043835,0.102280,0.110432
261,0.529531,0.484583,1.132507,0.994640,0.623397,0.007271,0.887755
261,0.460938,0.127500,1.536036,0.999351,1.291001,0.193132,-0.501512
261,0.227604,0.105556,1.045599,1.000000,0.836926,0.707154,-0.920968
262,0.497656,0.731044,0.001461,1.000000,1.001639,0.000000,-1.000000
262,0.072037,0.832723,0.003332,0.999999,0.999700,0.000000,0.894427
262,0.289732,0.246280,1.045453,1.000000,1.009926,0.071699,0.501036
262,0.757292,0.412847,0.220843,1.000000,0.986957,1.648641,-0.939791
262,0.918205,0.570470,0.004640,1.000000,1.001420,0.000000,-0.447214
262,0.847735,0.787032,0.003950,1.000000,0.999747,0.000000,-0.447214
262,0.176926,0.714656,0.002938,0.999998,0.999789,0.000258,0.894312
262,0.393464,0.247625,0.078281,1.000000,0.999981,0.000021,0.961526
262,0.649219,0.653472,1.165418,0.962955,0.674007,0.549201,0.057756
262,0.308097,0.048295,1.481682,0.992160,0.881844,0.676065,-0.221031
262,0.217448,0.045139,2.034426,1.000000,1.151644,0.118917,0.573462
263,0.497656,0.730782,0.001461,1.000000,0.999316,0.000000,-1.000000
263,0.072237,0.833257,0.003332,0.999998,0.999700,0.000000,0.894427
263,0.271615,0.342361,1.268466,0.999991,0.714272,0.586680,-0.491369
263,0.757260,0.380691,0.331525,0.994477,1.010329,0.057289,-0.710429
263,0.917648,0.570099,0.004640,1.000000,0.999785,0.000000,-0.447214
263,0.847261,0.786716,0.003950,1.000000,1.001669,0.000000,-0.447214
263,0.176749,0.715127,0.002938,0.999998,0.999531,0.000258,0.894427
263,0.397369,0.256250,0.042452,1.000000,0.999937,0.000000,0.000000
263,0.739844,0.832083,1.746468,0.964750,2.420261,0.143523,0.996713
263,0.268229,0.047222,0.827491,0.988173,1.231650,0.227810,0.679408
263,0.860603,0.065030,1.714714,0.965285,1.080208,0.190842,0.989034
263,0.449219,0.143750,1.532506,0.930502,0.925457,0.243602,-0.706132
263,0.902500,0.866667,2.498252,0.900713,1.051195,0.142438,0.971103
264,0.497656,0.730524,0.001461,1.000000,1.001639,0.000000,-1.000000
264,0.072435,0.833785,0.003333,0.999998,0.999757,0.000114,0.894376
264,0.284063,0.239375,0.850000,1.000000,0.895978,1.402589,0.470588
264,0.720647,0.343452,0.219922,0.999792,1.376895,0.046549,-0.488349
264,0.917188,0.569792,0.000000,0.000000,0.000000,0.000000,0.000000
264,0.846875,0.786458,0.000000,0.000000,0.000000,0.000000,0.000000
264,0.176575,0.715592,0.025123,1.000000,2.430709,0.229614,-0.447146
264,0.403646,0.257986,0.080658,0.967013,0.684403,0.187617,0.826586
264,0.284375,0.019792,1.547597,0.503141,0.840823,1.816766,0.998868
264,0.822656,0.114583,1.562257,0.999583,0.905720,0.077220,-0.242101
265,0.497656,0.730265,0.001461,1.000000,1.001639,0.000000,-1.000000
265,0.072633,0.834313,0.013312,1.000000,3.993702,2.677945,-1.000000
265,0.265251,0.338859,0.394600,1.000000,0.302863,0.658423,-0.894426
265,0.697082,0.341624,0.353553,1.000000,1.836339,1.154100,0.989949
265,0.917188,0.569792,0.000000,0.000000,0.000000,0.000000,0.000000
265,0.846875,0.786458,0.000000,0.000000,0.000000,0.000000,0.000000
265,0.173789,0.713776,0.012562,1.000000,0.499965,0.000015,-0.447268
265,0.406838,0.267721,0.051139,1.000000,1.004652,0.623605,0.645951
265,0.288281,0.057292,0.353553,1.000000,0.999997,0.000000,-0.707107
265,0.243750,0.039583,2.616295,1.000000,1.000000,0.000000,0.707107
265,0.638281,0.122083,1.300001,1.000000,1.013425,0.804504,1.000000
266,0.497656,0.730003,0.001461,1.000000,1.001639,0.000000,-1.000000
266,0.072656,0.832267,0.013316,1.000000,1.000180,0.000000,-1.000000
266,0.329564,0.243311,1.193430,0.762921,1.988742,1.497756,-0.332820
266,0.714807,0.401938,0.389840,1.000000,0.999999,0.000004,0.298277
266,0.917188,0.569792,0.000000,0.000000,0.000000,0.000000,0.000000
266,0.846875,0.786458,0.000000,0.000000,0.000000,0.000000,0.000000
266,0.172103,0.712652,0.190526,0.964997,15.165496,2.196020,-0.463432
266,0.411667,0.273980,0.051139,1.000000,1.000002,0.000025,0.645951
266,0.270508,0.149479,0.982705,0.827450,0.618766,0.534497,0.882934
266,0.397852,0.223264,1.766040,0.999755,0.979361,0.011269,0.655529
266,0.744043,0.311328,1.131493,1.000000,0.680885,0.448130,-0.467887
267,0.497656,0.729745,0.001461,1.000000,1.001639,0.000000,-1.000000
267,0.072656,0.829909,0.013312,1.000000,0.999925,0.000000,-1.000000
267,0.267094,0.301458,1.256026,1.000000,0.999999,0.000000,0.159233
267,0.728630,0.391238,0.121269,1.000000,0.999995,0.000014,-0.242536
267,0.917188,0.569792,0.000000,0.000000,0.000000,0.000000,0.000000
267,0.846875,0.786458,0.000000,0.000000,0.000000,0.000000,0.000000
267,0.174409,0.712516,0.016821,1.000000,1.000147,0.000024,0.936337
267,0.416852,0.279830,0.051139,1.000000,0.999980,0.000000,0.645951
267,0.277187,0.255139,0.027950,1.000000,0.164237,2.456619,0.832032
267,0.609844,0.265208,1.658934,1.000000,0.937685,0.580271,0.986394
268,0.497656,0.729486,0.001461,1.000000,1.001639,0.000000,-1.000000
268,0.072656,0.827552,0.013312,1.000000,0.999925,0.000000,-1.000000
268,0.301057,0.254718,0.769766,0.876254,0.768437,0.818799,0.116278
268,0.716406,0.367917,0.405279,0.999762,1.317010,0.030555,-0.399584
268,0.917188,0.569792,0.000000,0.000000,0.000000,0.000000,0.000000
268,0.846875,0.786458,0.000000,0.000000,0.000000,0.000000,0.000000
268,0.173625,0.715305,0.016818,1.000000,0.999941,0.000000,0.936329
268,0.422037,0.285679,0.051139,1.000000,1.000002,0.000025,0.645951
268,0.276890,0.257946,0.027951,1.000000,1.000023,0.000034,0.832041
268,0.572917,0.703819,1.236681,0.935287,0.745999,0.329008,0.553961
268,0.700260,0.452083,2.006223,1.000000,1.315948,0.116080,-0.078702
268,0.757812,0.968750,2.290175,1.000000,0.814028,0.203334,-0.062378
269,0.497656,0.729224,0.001461,1.000000,1.001639,0.000000,-1.000000
269,0.072656,0.825166,0.328615,1.000000,2.775101,0.030787,0.936329
269,0.203516,0.298177,1.377777,0.933396,1.291604,0.249557,0.984957
269,0.674740,0.359722,0.525087,0.299254,0.997516,1.727384,-0.989948
269,0.917188,0.569792,0.000000,0.000000,0.000000,0.000000,0.000000
269,0.846875,0.786458,0.000000,0.000000,0.000000,0.000000,0.000000
269,0.172832,0.718127,0.016818,1.000000,0.999734,0.000024,0.936329
269,0.427283,0.291598,0.039284,1.000000,0.967517,0.158643,-0.707107
269,0.293750,0.287500,3.991941,0.910044,13.076180,0.004015,0.397607
269,0.407670,0.839678,2.153991,0.999842,1.205239,0.674093,0.464328
269,0.800781,0.309375,2.145530,1.000000,1.443006,0.482991,-0.593199
324,0.440625,0.589583,0.166599,1.000000,0.184418,0.788550,0.514511
324,0.094531,0.742708,0.322635,0.996596,0.689530,0.085318,0.996815
324,0.208594,0.841667,0.491634,0.661000,1.186823,1.574460,0.927110
324,0.386719,0.238542,0.084380,1.000000,0.999988,0.000000,0.447214
324,0.433594,0.201042,0.114768,1.000000,0.999990,0.000007,0.164397
324,0.467187,0.311458,0.020824,1.000000,0.999952,0.000000,0.242536
324,0.615625,0.405208,0.117686,1.000000,0.181870,0.970745,0.447214
324,0.690625,0.121875,0.518981,0.715867,0.403044,0.936852,0.040782
324,0.966406,0.201042,0.400829,1.000000,0.331932,0.994211,-0.919149
324,0.360156,0.611458,0.569787,0.545356,1.269679,3.091769,-0.908828
324,0.475781,0.590625,0.356274,0.807059,0.793900,1.084464,-0.994406
324,0.336719,0.529167,0.580378,0.997578,0.252068,0.852357,-0.222618
324,0.324219,0.518750,0.325207,0.998510,0.256260,3.038782,0.527445
324,0.363281,0.452083,0.114667,1.000000,0.999991,0.000000,-0.707107
324,0.803125,0.935417,0.000000,0.000000,0.000000,0.000000,0.000000
324,0.750000,0.852083,0.103018,1.000000,0.151837,0.866285,0.554685
325,0.409570,0.601979,0.195254,1.000000,0.999995,0.000000,0.768216
325,0.097385,0.742346,0.360556,1.000000,0.982265,2.868923,0.832051
325,0.219010,0.847222,0.338996,0.502757,0.739966,0.039530,-0.280686
325,0.378603,0.243206,0.038052,1.000000,0.999978,0.000022,0.196133
325,0.417644,0.200845,0.094341,1.000000,1.000024,0.000015,0.599994
325,0.464504,0.312353,0.020824,1.000000,0.999952,0.000000,0.242536
325,0.755937,0.446042,1.173337,0.974743,0.806728,0.139586,0.320596
325,0.630413,0.425521,0.307224,1.000000,0.999990,0.000009,0.813738
325,0.408125,0.448542,1.633916,0.983769,1.094874,0.649850,0.216015
325,0.707031,0.078125,0.193603,0.948782,1.161612,0.336243,-0.329943
325,0.924924,0.188340,0.343358,0.885697,1.586720,0.673694,-0.420007
325,0.350806,0.623380,0.127973,1.000000,0.999999,0.000011,-0.868238
325,0.461996,0.572278,0.117422,1.000000,0.999991,0.000000,-0.274710
325,0.317827,0.525189,0.048210,1.000000,0.999979,0.000000,0.707107
325,0.378594,0.484167,1.044236,0.665263,1.320004,0.032969,-0.026658
325,0.346281,0.446333,0.089443,1.000000,0.999989,0.000000,0.894427
325,0.803125,0.935417,0.000000,0.000000,0.000000,0.000000,0.000000
325,0.727656,0.856406,0.103080,1.000000,0.999990,0.000000,0.242505
326,0.383452,0.615246,0.347429,0.832962,0.877383,0.342408,0.998628
326,0.107031,0.744358,0.041667,1.000000,0.999976,0.000000,-1.000000
326,0.212969,0.835417,0.643672,0.997450,1.679644,0.285001,-0.220262
326,0.373647,0.244527,0.063532,0.725271,1.669572,0.826630,-0.588512
326,0.401664,0.205208,0.149512,1.000000,0.668209,0.422612,0.514492
326,0.461821,0.313247,0.020824,1.000000,1.000110,0.000040,0.242536
326,0.914915,0.478883,1.345287,0.967544,1.241920,0.101810,0.209528
326,0.625426,0.458049,1.022918,0.899087,1.275998,1.461865,-0.032948
326,0.224361,0.437689,1.474748,1.000000,1.098423,0.090660,0.000000
326,0.719034,0.057670,0.327776,0.722064,0.725008,0.138239,-0.768219
326,0.900102,0.165625,0.310434,0.874942,1.051870,0.091032,-0.090906
326,0.354583,0.616636,0.054327,1.000000,0.999930,0.000047,0.961515
326,0.446520,0.582955,0.305842,0.679130,1.602501,0.482050,0.621401
326,0.313387,0.531109,0.045475,1.000000,1.000031,0.000000,0.707107
326,0.432457,0.467235,0.181820,1.000000,0.340518,0.785401,0.000000
326,0.344531,0.454464,0.105457,1.000000,0.808772,1.485650,-0.287342
326,0.803125,0.935417,0.000000,0.000000,0.000000,0.000000,0.000000
326,0.717260,0.862949,0.109894,0.920030,1.428636,0.366298,0.273667
327,0.382422,0.646094,0.233078,0.853053,0.833883,1.596357,0.882705
327,0.103906,0.748893,0.219931,0.919755,2.345903,2.319777,-0.680892
327,0.200195,0.825174,0.788077,0.957759,5.245722,3.032501,-0.641993
327,0.370331,0.237475,0.016835,1.000000,0.999905,0.000107,0.707157
327,0.389171,0.201437,0.080056,1.000000,0.999968,0.000007,-0.316228
327,0.456311,0.308915,0.064936,1.000000,1.000000,0.000021,-0.600017
327,0.639453,0.493229,0.949856,0.999883,2.686592,0.073601,0.653196
327,0.041563,0.413333,0.138889,1.000000,0.106773,0.387953,-0.600000
327,0.731797,0.039549,0.126930,1.000000,0.999992,0.000000,-0.919141
327,0.873633,0.143316,0.272764,0.993775,1.122681,0.338756,-0.979735
327,0.352600,0.625886,1.157830,0.989750,21.311954,2.878142,-0.856790
327,0.448481,0.609549,0.238842,0.849540,1.474592,3.058012,-0.441114
327,0.309116,0.536803,0.045471,1.000000,0.999899,0.000026,0.707088
327,0.484961,0.453212,0.321273,0.956468,0.851486,0.789318,-0.627751
327,0.332063,0.451263,0.105457,1.000000,0.999986,0.000015,-0.287342
327,0.803125,0.935417,0.000000,0.000000,0.000000,0.000000,0.000000
327,0.702554,0.865785,0.157895,0.995905,2.277225,0.402721,0.184196
327,0.594375,0.033542,0.894565,0.852762,1.240538,2.230815,0.317199
328,0.372448,0.675903,0.142856,1.000000,0.855114,0.088935,1.000000
328,0.095573,0.742014,0.046027,1.000000,0.999975,0.000009,0.928479
328,0.196236,0.819318,0.410613,0.993423,1.128482,2.447580,0.354111
328,0.368731,0.239608,0.016837,1.000000,0.999941,0.000000,0.707107
328,0.375347,0.200791,0.137206,1.000000,0.999993,0.000000,0.164401
328,0.454688,0.307292,0.000000,0.000000,0.000000,0.000000,0.000000
328,0.625284,0.519034,0.660945,0.997604,1.226849,2.538052,0.718011
328,0.865436,0.115338,0.137920,0.876965,1.264815,0.307916,-0.999905
328,0.355048,0.606811,0.163179,1.000000,1.000001,0.000022,0.707117
328,0.462638,0.615502,0.110825,0.933743,1.045076,0.139452,0.433676
328,0.304796,0.542564,0.045473,1.000000,1.000004,0.000079,0.707125
328,0.525213,0.421970,0.228623,0.971140,1.014741,0.474395,0.311876
328,0.320794,0.454167,0.136987,1.000000,1.000005,0.000000,0.000000
328,0.803125,0.935417,0.000000,0.000000,0.000000,0.000000,0.000000
328,0.682708,0.872361,0.105591,1.000000,0.738138,0.077074,0.371385
328,0.574657,0.086204,0.338841,1.000000,0.999997,0.000000,0.503870
328,0.750852,0.958807,0.403961,0.775315,1.166939,0.310809,-0.995577
329,0.372656,0.694863,0.068963,1.000000,0.999936,0.000000,1.000000
329,0.097279,0.747953,0.077103,1.000000,0.999948,0.000020,-0.894421
329,0.182031,0.818750,0.000000,0.000000,0.000000,0.000000,0.000000
329,0.367969,0.240625,0.000000,0.000000,0.000000,0.000000,0.000000
329,0.357372,0.204785,0.000000,0.000000,0.000000,0.000000,0.000000
329,0.454688,0.307292,0.000000,0.000000,0.000000,0.000000,0.000000
329,0.624707,0.559115,0.235972,1.000000,0.701100,0.357311,0.672674
329,0.859701,0.079074,0.129089,1.000000,0.999992,0.000000,-0.980581
329,0.347656,0.616667,0.000000,0.000000,0.000000,0.000000,0.000000
329,0.446713,0.610884,0.134663,1.000000,1.000028,0.000003,0.768223
329,0.300525,0.548258,0.045473,1.000000,1.000031,0.000053,0.707125
329,0.574023,0.412630,0.499136,1.000000,0.866221,2.137526,0.707107
329,0.306379,0.454167,0.050632,1.000000,0.999980,0.000000,0.000000
329,0.803125,0.935417,0.000000,0.000000,0.000000,0.000000,0.000000
329,0.668625,0.885250,0.178045,1.000000,0.999994,0.000000,0.786307
329,0.546117,0.122001,0.260676,1.000000,0.999996,0.000000,0.581239
329,0.697852,0.884115,1.001728,1.000000,1.052265,1.273432,-0.645941
330,0.254564,0.248355,1.372749,1.000000,1.333696,0.224408,0.485643
330,0.353470,0.245833,0.023256,1.000000,0.999957,0.000000,0.000000
330,0.533535,0.203871,0.053814,1.000000,0.999981,0.000000,0.554707
330,0.801764,0.033333,0.030924,1.000000,0.999968,0.000000,0.000000
330,0.692187,0.892708,0.000000,0.000000,0.000000,0.000000,0.000000
330,0.898643,0.904605,0.405514,1.000000,1.195791,1.223562,-0.164394
330,0.307813,0.818750,0.000000,0.000000,0.000000,0.000000,0.000000
330,0.269326,0.615296,0.405515,1.000000,1.356936,0.022522,-0.986394
330,0.321479,0.546206,0.105537,1.000000,0.999986,0.000032,0.141401
330,0.009375,0.979167,0.000000,0.000000,0.000000,0.000000,0.000000
330,0.058594,0.980208,0.000000,0.000000,0.000000,0.000000,0.000000
331,0.130469,0.339583,1.221840,0.985283,0.795412,0.424159,0.463610
331,0.350210,0.246443,0.039044,1.000000,1.000022,0.000010,0.624684
331,0.528534,0.211905,0.395160,0.969547,5.248281,2.014899,-0.693162
331,0.797608,0.033333,0.030928,1.000000,0.999968,0.000000,0.000000
331,0.692187,0.892708,0.000000,0.000000,0.000000,0.000000,0.000000
331,0.889941,0.862956,0.610314,0.789352,0.822606,1.904182,-0.970455
331,0.307813,0.818750,0.000000,0.000000,0.000000,0.000000,0.000000
331,0.243209,0.545433,0.704933,0.997173,1.110992,0.255826,-0.241962
331,0.307216,0.553788,0.142004,1.000000,0.999993,0.000000,0.640184
331,0.009375,0.979167,0.000000,0.000000,0.000000,0.000000,0.000000
331,0.058594,0.980208,0.000000,0.000000,0.000000,0.000000,0.000000
331,0.953546,0.432933,0.899338,0.973320,0.610971,0.473802,-0.675681
332,0.346160,0.250762,0.039044,1.000000,1.000008,0.000027,0.624684
332,0.514985,0.211333,0.086881,1.000000,0.999988,0.000000,0.554702
332,0.793500,0.033333,0.030928,1.000000,0.999968,0.000000,0.000000
332,0.692187,0.892708,0.000000,0.000000,0.000000,0.000000,0.000000
332,0.868956,0.822478,0.282841,1.000000,0.656274,0.351636,-0.707107
332,0.307813,0.818750,0.000000,0.000000,0.000000,0.000000,0.000000
332,0.228824,0.479879,0.307318,1.000000,0.825404,0.533754,-0.216933
332,0.294196,0.560714,0.147164,1.000000,0.999971,0.000013,0.554695
332,0.009375,0.979167,0.000000,0.000000,0.000000,0.000000,0.000000
332,0.058594,0.980208,0.000000,0.000000,0.000000,0.000000,0.000000
332,0.829564,0.346656,1.129967,1.000000,1.129803,0.013700,-0.624692
333,0.342662,0.254576,0.015428,1.000000,0.999974,0.000117,0.707052
333,0.509766,0.215365,0.031057,1.000000,0.999968,0.000000,0.447214
333,0.789393,0.033333,0.030928,1.000000,0.999968,0.000000,0.000000
333,0.692187,0.892708,0.000000,0.000000,0.000000,0.000000,0.000000
333,0.843906,0.787917,0.304911,1.000000,0.991831,0.300409,-0.780867
333,0.307813,0.818750,0.000000,0.000000,0.000000,0.000000,0.000000
333,0.227031,0.418125,0.894680,1.000000,1.045051,0.231548,-0.425798
333,0.283949,0.566667,0.045454,1.000000,0.999941,0.000000,0.000000
333,0.009375,0.979167,0.000000,0.000000,0.000000,0.000000,0.000000
333,0.058594,0.980208,0.000000,0.000000,0.000000,0.000000,0.000000
333,0.732656,0.222500,0.977060,1.000000,1.004984,0.000557,-0.682319
334,0.341213,0.256508,0.015427,1.000000,0.999935,0.000000,0.707134
334,0.506076,0.217824,0.031057,1.000000,0.999968,0.000000,0.447214
334,0.780683,0.033333,0.078430,1.000000,0.999944,0.000000,0.000000
334,0.692187,0.892708,0.000000,0.000000,0.000000,0.000000,0.000000
334,0.825781,0.766667,0.604154,1.000000,0.999998,0.000000,0.413802
334,0.307813,0.818750,0.000000,0.000000,0.000000,0.000000,0.000000
334,0.227344,0.340625,0.776209,1.000000,0.999999,0.000000,-0.257663
334,0.271007,0.566667,0.222222,1.000000,0.999996,0.000000,0.000000
334,0.009375,0.979167,0.000000,0.000000,0.000000,0.000000,0.000000
334,0.058594,0.980208,0.000000,0.000000,0.000000,0.000000,0.000000
334,0.638281,0.096875,1.125001,1.000000,0.999999,0.000000,-0.799999
334,0.978429,0.605671,0.875960,1.000000,1.009501,0.033074,0.841180
335,0.339747,0.258462,0.015427,1.000000,0.999857,0.000078,0.707134
335,0.503125,0.219792,0.000000,0.000000,0.000000,0.000000,0.000000
335,0.771788,0.033333,0.055556,1.000000,0.999982,0.000000,0.000000
335,0.692187,0.892708,0.000000,0.000000,0.000000,0.000000,0.000000
335,0.778413,0.760965,0.540698,0.658136,0.819897,0.486703,0.012645
335,0.307813,0.818750,0.000000,0.000000,0.000000,0.000000,0.000000
335,0.234663,0.253454,0.535567,0.833932,1.137684,0.600243,-0.874251
335,0.255729,0.567361,0.117851,1.000000,0.999992,0.000000,0.707107
335,0.009375,0.979167,0.000000,0.000000,0.000000,0.000000,0.000000
335,0.058594,0.980208,0.000000,0.000000,0.000000,0.000000,0.000000
335,0.922040,0.752686,1.077936,0.999879,1.017694,0.014191,0.900683
335,0.089375,0.979167,0.987192,0.989600,0.857333,0.147316,-0.233156
337,0.079018,0.202381,1.035607,0.965917,1.034528,0.571364,-0.342486
337,0.169531,0.376042,0.153428,1.000000,0.999990,0.000005,0.832053
337,0.208878,0.494886,0.151051,0.705530,1.050861,0.082529,0.971523
337,0.313010,0.483514,0.585235,1.000000,1.163029,0.309281,-0.341744
337,0.647656,0.551042,1.054601,0.720606,0.812144,1.011894,-0.194946
337,0.625781,0.333333,0.000000,0.000000,0.000000,0.000000,0.000000
337,0.835767,0.469348,0.067410,0.977703,1.063242,0.091369,0.550842
337,0.885417,0.278819,2.024553,0.693758,0.631483,1.776254,-0.342801
337,0.707022,0.807292,0.012122,1.000000,1.000197,0.000000,0.000000
337,0.493408,0.737550,0.060982,1.000000,0.999975,0.000078,0.780853
337,0.419531,0.176042,0.526185,0.989215,1.174772,0.082834,0.824216
337,0.982887,0.330456,0.064108,1.000000,0.999975,0.000025,-0.371386
338,0.047656,0.088542,1.728592,0.176965,1.215151,0.273158,-0.758502
338,0.158594,0.394792,0.165618,0.998954,1.522411,0.086453,0.765522
338,0.188281,0.481505,0.163266,1.000000,0.999994,0.000000,1.000000
338,0.267188,0.452083,0.436360,0.998655,1.452620,0.095116,-0.825548
338,0.752344,0.646875,0.749412,1.000000,0.753034,0.000000,0.707107
338,0.625781,0.333333,0.000000,0.000000,0.000000,0.000000,0.000000
338,0.823855,0.472236,0.099506,1.000000,0.999990,0.000000,0.099504
338,0.960938,0.288542,1.949131,0.096891,1.307516,1.837061,0.980583
338,0.705469,0.807292,0.000000,0.000000,0.000000,0.000000,0.000000
338,0.489062,0.744792,0.000000,0.000000,0.000000,0.000000,0.000000
338,0.469531,0.284375,0.739745,0.919142,0.616248,0.172231,0.582429
338,0.720139,0.022917,0.272729,1.000000,1.089684,0.000000,0.000000
338,0.980469,0.330980,0.047058,1.000000,0.999943,0.000000,-1.000000
339,0.083125,0.116667,3.961294,0.697929,1.920587,0.799063,0.610875
339,0.153638,0.414909,0.104816,1.000000,0.999990,0.000000,0.894427
339,0.201756,0.480084,0.049406,1.000000,1.000012,0.000013,-0.928486
339,0.220990,0.424583,0.723808,0.967066,2.171420,1.181590,-0.512495
339,0.852969,0.649931,0.558739,0.998507,1.325149,0.180924,-0.140361
339,0.625781,0.333333,0.000000,0.000000,0.000000,0.000000,0.000000
339,0.813618,0.475197,0.066574,1.000000,0.999985,0.000000,0.316220
339,0.705469,0.807292,0.000000,0.000000,0.000000,0.000000,0.000000
339,0.481356,0.752013,0.065129,1.000000,1.000031,0.000023,0.447172
339,0.533177,0.380625,0.592274,0.997602,0.737785,0.164719,0.996674
339,0.688854,0.035694,0.574632,0.894720,0.810850,1.261721,0.856219
339,0.979554,0.328659,0.256407,0.895461,3.324460,0.871312,0.368847
340,0.123958,0.234375,1.208020,0.929159,0.668070,1.133209,0.851318
340,0.149219,0.431042,0.057142,1.000000,0.999953,0.000000,1.000000
340,0.205140,0.475110,0.131578,1.000000,0.999982,0.000008,0.799997
340,0.147656,0.395139,0.859450,0.849089,1.079308,0.634349,-0.418713
340,0.877604,0.557292,0.970314,0.971491,0.985984,0.085246,-0.850355
340,0.625781,0.333333,0.000000,0.000000,0.000000,0.000000,0.000000
340,0.804926,0.478566,0.069883,1.000000,0.999986,0.000000,0.242536
340,0.705469,0.807292,0.000000,0.000000,0.000000,0.000000,0.000000
340,0.473620,0.757170,0.042419,1.000000,0.893630,0.156338,0.832063
340,0.557031,0.503472,1.029464,0.981485,0.900499,0.024259,0.691222
340,0.681510,0.071528,0.681958,0.643773,1.961680,1.227769,0.216930
340,0.966354,0.337847,0.095583,1.000000,0.999990,0.000000,0.581231
341,0.163068,0.287121,2.363112,0.173398,1.763725,0.514637,-0.759257
341,0.149219,0.434375,0.000000,0.000000,0.000000,0.000000,0.000000
341,0.205327,0.465341,0.261437,1.000000,0.862586,0.045669,1.000000
341,0.064418,0.389773,1.162472,0.830846,0.953982,0.858829,0.391140
341,0.625781,0.333333,0.000000,0.000000,0.000000,0.000000,0.000000
341,0.796875,0.481250,0.000000,0.000000,0.000000,0.000000,0.000000
341,0.705469,0.807292,0.000000,0.000000,0.000000,0.000000,0.000000
341,0.470349,0.763468,0.000000,0.000000,0.000000,0.000000,0.000000
341,0.614844,0.622254,1.045565,0.936132,1.314287,0.796585,0.635708
341,0.660085,0.074242,0.780936,0.926893,1.174906,0.402054,-0.951709
341,0.967245,0.336998,0.159304,1.000000,1.000022,0.000033,-0.581229
